ISO-10303-21;
HEADER;

/* File generated by Shapr3D Version 26.121.0.11316 */

FILE_DESCRIPTION(('HOOPS Exchange Step'),'2;1');

FILE_NAME('/private/var/mobile/Containers/Data/Application/C385992B-F535-497D-B1AB-3D28CC34A037/tmp/export/temp_export',
'2026-08-09T06:52:28-04:00',
('mobile'),
('Shapr3D Limited'),
'HOOPS Exchange 2026.3',
'Shapr3D',
'Authorized');

FILE_SCHEMA( ('AP242_MANAGED_MODEL_BASED_3D_ENGINEERING_MIM_LF {1 0 10303 442 1 1 4}') );

ENDSEC;

DATA;
#3=(NAMED_UNIT(*)PLANE_ANGLE_UNIT()SI_UNIT($,.RADIAN.));
#4=PLANE_ANGLE_MEASURE_WITH_UNIT(PLANE_ANGLE_MEASURE(0.0174532925),#3);
#5=(CONVERSION_BASED_UNIT('DEGREE',#4)NAMED_UNIT(#6)PLANE_ANGLE_UNIT());
#6=DIMENSIONAL_EXPONENTS(0.,0.,0.,0.,0.,0.,0.);
#7=(NAMED_UNIT(*)SI_UNIT($,.STERADIAN.)SOLID_ANGLE_UNIT());
#8=(LENGTH_UNIT()NAMED_UNIT(*)SI_UNIT(.MILLI.,.METRE.));
#9=UNCERTAINTY_MEASURE_WITH_UNIT(LENGTH_MEASURE(1.000000E-05),#8,'DISTANCE_ACCURACY_VALUE','Maximum Tolerance applied to model');
#10=(GEOMETRIC_REPRESENTATION_CONTEXT(3)GLOBAL_UNCERTAINTY_ASSIGNED_CONTEXT((#9))GLOBAL_UNIT_ASSIGNED_CONTEXT((#8,#5,#7))REPRESENTATION_CONTEXT('','root'));
#12=CARTESIAN_POINT('',(0.,0.,0.));
#13=DIRECTION('',(0.,0.,1.));
#14=DIRECTION('',(1.,0.,0.));
#15=AXIS2_PLACEMENT_3D('TS3D_PRODUCT_CSYS',#12,#13,#14);
#27=CARTESIAN_POINT('',(42.13,68.5,6.5));
#28=DIRECTION('',(-1.,0.,0.));
#29=DIRECTION('',(0.,0.,1.));
#30=AXIS2_PLACEMENT_3D('',#27,#28,#29);
#31=PLANE('',#30);
#32=CARTESIAN_POINT('',(42.13,88.082132034,3.5));
#33=VERTEX_POINT('',#32);
#34=CARTESIAN_POINT('',(42.13,65.,3.5));
#35=VERTEX_POINT('',#34);
#36=CARTESIAN_POINT('',(42.13,88.082132034,3.5));
#37=DIRECTION('',(0.,-1.,0.));
#38=VECTOR('',#37,23.082132034);
#39=LINE('',#36,#38);
#40=EDGE_CURVE('',#33,#35,#39,.T.);
#41=ORIENTED_EDGE('',*,*,#40,.T.);
#42=CARTESIAN_POINT('',(42.13,64.,4.5));
#43=VERTEX_POINT('',#42);
#44=CARTESIAN_POINT('',(42.13,65.,3.5));
#45=DIRECTION('',(0.,-0.707106781,0.707106781));
#46=VECTOR('',#45,1.414213562);
#47=LINE('',#44,#46);
#48=EDGE_CURVE('',#35,#43,#47,.T.);
#49=ORIENTED_EDGE('',*,*,#48,.T.);
#50=CARTESIAN_POINT('',(42.13,64.,11.5));
#51=VERTEX_POINT('',#50);
#52=CARTESIAN_POINT('',(42.13,64.,4.5));
#53=DIRECTION('',(0.,0.,1.));
#54=VECTOR('',#53,7.);
#55=LINE('',#52,#54);
#56=EDGE_CURVE('',#43,#51,#55,.T.);
#57=ORIENTED_EDGE('',*,*,#56,.T.);
#58=CARTESIAN_POINT('',(42.13,63.,12.5));
#59=VERTEX_POINT('',#58);
#60=CARTESIAN_POINT('',(42.13,64.,11.5));
#61=DIRECTION('',(-0.,-0.707106781,0.707106781));
#62=VECTOR('',#61,1.414213562);
#63=LINE('',#60,#62);
#64=EDGE_CURVE('',#51,#59,#63,.T.);
#65=ORIENTED_EDGE('',*,*,#64,.T.);
#66=CARTESIAN_POINT('',(42.13,50.,12.5));
#67=VERTEX_POINT('',#66);
#68=CARTESIAN_POINT('',(42.13,63.,12.5));
#69=DIRECTION('',(0.,-1.,0.));
#70=VECTOR('',#69,13.);
#71=LINE('',#68,#70);
#72=EDGE_CURVE('',#59,#67,#71,.T.);
#73=ORIENTED_EDGE('',*,*,#72,.T.);
#74=CARTESIAN_POINT('',(42.13,49.,11.5));
#75=VERTEX_POINT('',#74);
#76=CARTESIAN_POINT('',(42.13,50.,12.5));
#77=DIRECTION('',(0.,-0.707106781,-0.707106781));
#78=VECTOR('',#77,1.414213562);
#79=LINE('',#76,#78);
#80=EDGE_CURVE('',#67,#75,#79,.T.);
#81=ORIENTED_EDGE('',*,*,#80,.T.);
#82=CARTESIAN_POINT('',(42.13,49.,4.5));
#83=VERTEX_POINT('',#82);
#84=CARTESIAN_POINT('',(42.13,49.,4.5));
#85=DIRECTION('',(0.,0.,1.));
#86=VECTOR('',#85,7.);
#87=LINE('',#84,#86);
#88=EDGE_CURVE('',#83,#75,#87,.T.);
#89=ORIENTED_EDGE('',*,*,#88,.F.);
#90=CARTESIAN_POINT('',(42.13,48.917867966,4.417867966));
#91=VERTEX_POINT('',#90);
#92=CARTESIAN_POINT('',(42.13,49.,4.5));
#93=DIRECTION('',(-0.,-0.707106781,-0.707106781));
#94=VECTOR('',#93,0.116152237);
#95=LINE('',#92,#94);
#96=EDGE_CURVE('',#83,#91,#95,.T.);
#97=ORIENTED_EDGE('',*,*,#96,.T.);
#98=CARTESIAN_POINT('',(42.13,48.917867966,13.));
#99=VERTEX_POINT('',#98);
#100=CARTESIAN_POINT('',(42.13,48.917867966,4.417867966));
#101=DIRECTION('',(0.,0.,1.));
#102=VECTOR('',#101,8.582132034);
#103=LINE('',#100,#102);
#104=EDGE_CURVE('',#91,#99,#103,.T.);
#105=ORIENTED_EDGE('',*,*,#104,.T.);
#106=CARTESIAN_POINT('',(42.13,88.082132034,13.));
#107=VERTEX_POINT('',#106);
#108=CARTESIAN_POINT('',(42.13,88.082132034,13.));
#109=DIRECTION('',(0.,-1.,0.));
#110=VECTOR('',#109,39.164264069);
#111=LINE('',#108,#110);
#112=EDGE_CURVE('',#107,#99,#111,.T.);
#113=ORIENTED_EDGE('',*,*,#112,.F.);
#114=CARTESIAN_POINT('',(42.13,88.082132034,3.5));
#115=DIRECTION('',(0.,0.,1.));
#116=VECTOR('',#115,9.5);
#117=LINE('',#114,#116);
#118=EDGE_CURVE('',#33,#107,#117,.T.);
#119=ORIENTED_EDGE('',*,*,#118,.F.);
#120=EDGE_LOOP('',(#41,#49,#57,#65,#73,#81,#89,#97,#105,#113,#119));
#121=FACE_BOUND('',#120,.T.);
#122=ADVANCED_FACE('',(#121),#31,.T.);
#123=CARTESIAN_POINT('',(0.,50.,3.5));
#124=DIRECTION('',(0.,0.,1.));
#125=DIRECTION('',(1.,0.,0.));
#126=AXIS2_PLACEMENT_3D('',#123,#124,#125);
#127=PLANE('',#126);
#128=CARTESIAN_POINT('',(44.,88.828427125,3.5));
#129=VERTEX_POINT('',#128);
#130=CARTESIAN_POINT('',(44.,65.,3.5));
#131=VERTEX_POINT('',#130);
#132=CARTESIAN_POINT('',(44.,88.828427125,3.5));
#133=DIRECTION('',(0.,-1.,0.));
#134=VECTOR('',#133,23.828427125);
#135=LINE('',#132,#134);
#136=EDGE_CURVE('',#129,#131,#135,.T.);
#137=ORIENTED_EDGE('',*,*,#136,.T.);
#138=CARTESIAN_POINT('',(44.,65.,3.5));
#139=DIRECTION('',(-1.,0.,0.));
#140=VECTOR('',#139,1.87);
#141=LINE('',#138,#140);
#142=EDGE_CURVE('',#131,#35,#141,.T.);
#143=ORIENTED_EDGE('',*,*,#142,.T.);
#144=ORIENTED_EDGE('',*,*,#40,.F.);
#145=CARTESIAN_POINT('',(40.082132034,90.13,3.5));
#146=VERTEX_POINT('',#145);
#147=CARTESIAN_POINT('',(42.13,88.082132034,3.5));
#148=DIRECTION('',(-0.707106781,0.707106781,0.));
#149=VECTOR('',#148,2.896122651);
#150=LINE('',#147,#149);
#151=EDGE_CURVE('',#33,#146,#150,.T.);
#152=ORIENTED_EDGE('',*,*,#151,.T.);
#153=CARTESIAN_POINT('',(20.,90.13,3.5));
#154=VERTEX_POINT('',#153);
#155=CARTESIAN_POINT('',(20.,90.13,3.5));
#156=DIRECTION('',(1.,0.,0.));
#157=VECTOR('',#156,20.082132034);
#158=LINE('',#155,#157);
#159=EDGE_CURVE('',#154,#146,#158,.T.);
#160=ORIENTED_EDGE('',*,*,#159,.F.);
#161=CARTESIAN_POINT('',(20.,92.,3.5));
#162=VERTEX_POINT('',#161);
#163=CARTESIAN_POINT('',(20.,92.,3.5));
#164=DIRECTION('',(0.,-1.,0.));
#165=VECTOR('',#164,1.87);
#166=LINE('',#163,#165);
#167=EDGE_CURVE('',#162,#154,#166,.T.);
#168=ORIENTED_EDGE('',*,*,#167,.F.);
#169=CARTESIAN_POINT('',(40.828427125,92.,3.5));
#170=VERTEX_POINT('',#169);
#171=CARTESIAN_POINT('',(20.,92.,3.5));
#172=DIRECTION('',(1.,0.,0.));
#173=VECTOR('',#172,20.828427125);
#174=LINE('',#171,#173);
#175=EDGE_CURVE('',#162,#170,#174,.T.);
#176=ORIENTED_EDGE('',*,*,#175,.T.);
#177=CARTESIAN_POINT('',(40.828427125,92.,3.5));
#178=DIRECTION('',(0.707106781,-0.707106781,0.));
#179=VECTOR('',#178,4.485281374);
#180=LINE('',#177,#179);
#181=EDGE_CURVE('',#170,#129,#180,.T.);
#182=ORIENTED_EDGE('',*,*,#181,.T.);
#183=EDGE_LOOP('',(#137,#143,#144,#152,#160,#168,#176,#182));
#184=FACE_BOUND('',#183,.T.);
#185=ADVANCED_FACE('',(#184),#127,.F.);
#186=CARTESIAN_POINT('',(-0.,92.242640687,3.5));
#187=DIRECTION('',(0.,-0.,1.));
#188=DIRECTION('',(1.,0.,-0.));
#189=AXIS2_PLACEMENT_3D('',#186,#187,#188);
#190=PLANE('',#189);
#191=CARTESIAN_POINT('',(-3.13,88.082132034,3.5));
#192=VERTEX_POINT('',#191);
#193=CARTESIAN_POINT('',(-1.082132034,90.13,3.5));
#194=VERTEX_POINT('',#193);
#195=CARTESIAN_POINT('',(-3.13,88.082132034,3.5));
#196=DIRECTION('',(0.707106781,0.707106781,0.));
#197=VECTOR('',#196,2.896122651);
#198=LINE('',#195,#197);
#199=EDGE_CURVE('',#192,#194,#198,.T.);
#200=ORIENTED_EDGE('',*,*,#199,.F.);
#201=CARTESIAN_POINT('',(-3.13,88.,3.5));
#202=VERTEX_POINT('',#201);
#203=CARTESIAN_POINT('',(-3.13,88.,3.5));
#204=DIRECTION('',(-0.,1.,0.));
#205=VECTOR('',#204,0.082132034);
#206=LINE('',#203,#205);
#207=EDGE_CURVE('',#202,#192,#206,.T.);
#208=ORIENTED_EDGE('',*,*,#207,.F.);
#209=CARTESIAN_POINT('',(-5.,88.,3.5));
#210=VERTEX_POINT('',#209);
#211=CARTESIAN_POINT('',(-5.,88.,3.5));
#212=DIRECTION('',(1.,0.,-0.));
#213=VECTOR('',#212,1.87);
#214=LINE('',#211,#213);
#215=EDGE_CURVE('',#210,#202,#214,.T.);
#216=ORIENTED_EDGE('',*,*,#215,.F.);
#217=CARTESIAN_POINT('',(-5.,88.828427125,3.5));
#218=VERTEX_POINT('',#217);
#219=CARTESIAN_POINT('',(-5.,88.,3.5));
#220=DIRECTION('',(-0.,1.,0.));
#221=VECTOR('',#220,0.828427125);
#222=LINE('',#219,#221);
#223=EDGE_CURVE('',#210,#218,#222,.T.);
#224=ORIENTED_EDGE('',*,*,#223,.T.);
#225=CARTESIAN_POINT('',(-1.828427125,92.,3.5));
#226=VERTEX_POINT('',#225);
#227=CARTESIAN_POINT('',(-1.828427125,92.,3.5));
#228=DIRECTION('',(-0.707106781,-0.707106781,-0.));
#229=VECTOR('',#228,4.485281374);
#230=LINE('',#227,#229);
#231=EDGE_CURVE('',#226,#218,#230,.T.);
#232=ORIENTED_EDGE('',*,*,#231,.F.);
#233=CARTESIAN_POINT('',(0.5,92.,3.5));
#234=VERTEX_POINT('',#233);
#235=CARTESIAN_POINT('',(0.5,92.,3.5));
#236=DIRECTION('',(-1.,-0.,0.));
#237=VECTOR('',#236,2.328427125);
#238=LINE('',#235,#237);
#239=EDGE_CURVE('',#234,#226,#238,.T.);
#240=ORIENTED_EDGE('',*,*,#239,.F.);
#241=CARTESIAN_POINT('',(0.5,90.13,3.5));
#242=VERTEX_POINT('',#241);
#243=CARTESIAN_POINT('',(0.5,90.13,3.5));
#244=DIRECTION('',(-0.,1.,0.));
#245=VECTOR('',#244,1.87);
#246=LINE('',#243,#245);
#247=EDGE_CURVE('',#242,#234,#246,.T.);
#248=ORIENTED_EDGE('',*,*,#247,.F.);
#249=CARTESIAN_POINT('',(0.5,90.13,3.5));
#250=DIRECTION('',(-1.,-0.,0.));
#251=VECTOR('',#250,1.582132034);
#252=LINE('',#249,#251);
#253=EDGE_CURVE('',#242,#194,#252,.T.);
#254=ORIENTED_EDGE('',*,*,#253,.T.);
#255=EDGE_LOOP('',(#200,#208,#216,#224,#232,#240,#248,#254));
#256=FACE_BOUND('',#255,.T.);
#257=ADVANCED_FACE('',(#256),#190,.F.);
#258=CARTESIAN_POINT('',(0.,50.,13.));
#259=DIRECTION('',(0.,0.,1.));
#260=DIRECTION('',(1.,0.,0.));
#261=AXIS2_PLACEMENT_3D('',#258,#259,#260);
#262=PLANE('',#261);
#263=CARTESIAN_POINT('',(19.,54.,13.));
#264=VERTEX_POINT('',#263);
#265=CARTESIAN_POINT('',(19.,67.958688877,13.));
#266=VERTEX_POINT('',#265);
#267=CARTESIAN_POINT('',(19.,54.,13.));
#268=DIRECTION('',(0.,1.,0.));
#269=VECTOR('',#268,13.958688877);
#270=LINE('',#267,#269);
#271=EDGE_CURVE('',#264,#266,#270,.T.);
#272=ORIENTED_EDGE('',*,*,#271,.T.);
#273=CARTESIAN_POINT('',(19.853075311,69.597152718,13.));
#274=VERTEX_POINT('',#273);
#275=CARTESIAN_POINT('',(21.,67.958688877,13.));
#276=DIRECTION('',(-0.,-0.,-1.));
#277=DIRECTION('',(1.,0.,-0.));
#278=AXIS2_PLACEMENT_3D('',#275,#276,#277);
#279=CIRCLE('',#278,2.);
#280=EDGE_CURVE('',#266,#274,#279,.T.);
#281=ORIENTED_EDGE('',*,*,#280,.T.);
#282=CARTESIAN_POINT('',(24.146924689,72.602847282,13.));
#283=VERTEX_POINT('',#282);
#284=CARTESIAN_POINT('',(19.853075311,69.597152718,13.));
#285=DIRECTION('',(0.819231921,0.573462344,0.));
#286=VECTOR('',#285,5.241311123);
#287=LINE('',#284,#286);
#288=EDGE_CURVE('',#274,#283,#287,.T.);
#289=ORIENTED_EDGE('',*,*,#288,.T.);
#290=CARTESIAN_POINT('',(25.,74.241311123,13.));
#291=VERTEX_POINT('',#290);
#292=CARTESIAN_POINT('',(23.,74.241311123,13.));
#293=DIRECTION('',(0.,0.,1.));
#294=DIRECTION('',(1.,0.,-0.));
#295=AXIS2_PLACEMENT_3D('',#292,#293,#294);
#296=CIRCLE('',#295,2.);
#297=EDGE_CURVE('',#283,#291,#296,.T.);
#298=ORIENTED_EDGE('',*,*,#297,.T.);
#299=CARTESIAN_POINT('',(25.,83.,13.));
#300=VERTEX_POINT('',#299);
#301=CARTESIAN_POINT('',(25.,83.,13.));
#302=DIRECTION('',(0.,-1.,0.));
#303=VECTOR('',#302,8.758688877);
#304=LINE('',#301,#303);
#305=EDGE_CURVE('',#300,#291,#304,.T.);
#306=ORIENTED_EDGE('',*,*,#305,.F.);
#307=CARTESIAN_POINT('',(23.,85.,13.));
#308=VERTEX_POINT('',#307);
#309=CARTESIAN_POINT('',(23.,83.,13.));
#310=DIRECTION('',(0.,0.,1.));
#311=DIRECTION('',(1.,0.,-0.));
#312=AXIS2_PLACEMENT_3D('',#309,#310,#311);
#313=CIRCLE('',#312,2.);
#314=EDGE_CURVE('',#300,#308,#313,.T.);
#315=ORIENTED_EDGE('',*,*,#314,.T.);
#316=CARTESIAN_POINT('',(-3.13,85.,13.));
#317=VERTEX_POINT('',#316);
#318=CARTESIAN_POINT('',(23.,85.,13.));
#319=DIRECTION('',(-1.,0.,0.));
#320=VECTOR('',#319,26.13);
#321=LINE('',#318,#320);
#322=EDGE_CURVE('',#308,#317,#321,.T.);
#323=ORIENTED_EDGE('',*,*,#322,.T.);
#324=CARTESIAN_POINT('',(-3.13,88.082132034,13.));
#325=VERTEX_POINT('',#324);
#326=CARTESIAN_POINT('',(-3.13,85.,13.));
#327=DIRECTION('',(0.,1.,0.));
#328=VECTOR('',#327,3.082132034);
#329=LINE('',#326,#328);
#330=EDGE_CURVE('',#317,#325,#329,.T.);
#331=ORIENTED_EDGE('',*,*,#330,.T.);
#332=CARTESIAN_POINT('',(-1.082132034,90.13,13.));
#333=VERTEX_POINT('',#332);
#334=CARTESIAN_POINT('',(-1.082132034,90.13,13.));
#335=DIRECTION('',(-0.707106781,-0.707106781,0.));
#336=VECTOR('',#335,2.896122651);
#337=LINE('',#334,#336);
#338=EDGE_CURVE('',#333,#325,#337,.T.);
#339=ORIENTED_EDGE('',*,*,#338,.F.);
#340=CARTESIAN_POINT('',(40.082132034,90.13,13.));
#341=VERTEX_POINT('',#340);
#342=CARTESIAN_POINT('',(-1.082132034,90.13,13.));
#343=DIRECTION('',(1.,0.,0.));
#344=VECTOR('',#343,41.164264069);
#345=LINE('',#342,#344);
#346=EDGE_CURVE('',#333,#341,#345,.T.);
#347=ORIENTED_EDGE('',*,*,#346,.T.);
#348=CARTESIAN_POINT('',(42.13,88.082132034,13.));
#349=DIRECTION('',(-0.707106781,0.707106781,0.));
#350=VECTOR('',#349,2.896122651);
#351=LINE('',#348,#350);
#352=EDGE_CURVE('',#107,#341,#351,.T.);
#353=ORIENTED_EDGE('',*,*,#352,.F.);
#354=ORIENTED_EDGE('',*,*,#112,.T.);
#355=CARTESIAN_POINT('',(40.082132034,46.87,13.));
#356=VERTEX_POINT('',#355);
#357=CARTESIAN_POINT('',(40.082132034,46.87,13.));
#358=DIRECTION('',(0.707106781,0.707106781,0.));
#359=VECTOR('',#358,2.896122651);
#360=LINE('',#357,#359);
#361=EDGE_CURVE('',#356,#99,#360,.T.);
#362=ORIENTED_EDGE('',*,*,#361,.F.);
#363=CARTESIAN_POINT('',(-1.082132034,46.87,13.));
#364=VERTEX_POINT('',#363);
#365=CARTESIAN_POINT('',(40.082132034,46.87,13.));
#366=DIRECTION('',(-1.,0.,0.));
#367=VECTOR('',#366,41.164264069);
#368=LINE('',#365,#367);
#369=EDGE_CURVE('',#356,#364,#368,.T.);
#370=ORIENTED_EDGE('',*,*,#369,.T.);
#371=CARTESIAN_POINT('',(-3.13,48.917867966,13.));
#372=VERTEX_POINT('',#371);
#373=CARTESIAN_POINT('',(-3.13,48.917867966,13.));
#374=DIRECTION('',(0.707106781,-0.707106781,0.));
#375=VECTOR('',#374,2.896122651);
#376=LINE('',#373,#375);
#377=EDGE_CURVE('',#372,#364,#376,.T.);
#378=ORIENTED_EDGE('',*,*,#377,.F.);
#379=CARTESIAN_POINT('',(-3.13,52.,13.));
#380=VERTEX_POINT('',#379);
#381=CARTESIAN_POINT('',(-3.13,48.917867966,13.));
#382=DIRECTION('',(0.,1.,0.));
#383=VECTOR('',#382,3.082132034);
#384=LINE('',#381,#383);
#385=EDGE_CURVE('',#372,#380,#384,.T.);
#386=ORIENTED_EDGE('',*,*,#385,.T.);
#387=CARTESIAN_POINT('',(17.,52.,13.));
#388=VERTEX_POINT('',#387);
#389=CARTESIAN_POINT('',(-3.13,52.,13.));
#390=DIRECTION('',(1.,0.,-0.));
#391=VECTOR('',#390,20.13);
#392=LINE('',#389,#391);
#393=EDGE_CURVE('',#380,#388,#392,.T.);
#394=ORIENTED_EDGE('',*,*,#393,.T.);
#395=CARTESIAN_POINT('',(17.,54.,13.));
#396=DIRECTION('',(0.,0.,1.));
#397=DIRECTION('',(1.,0.,-0.));
#398=AXIS2_PLACEMENT_3D('',#395,#396,#397);
#399=CIRCLE('',#398,2.);
#400=EDGE_CURVE('',#388,#264,#399,.T.);
#401=ORIENTED_EDGE('',*,*,#400,.T.);
#402=EDGE_LOOP('',(#272,#281,#289,#298,#306,#315,#323,#331,#339,#347,#353,#354,#362,#370,#378,#386,#394,#401));
#403=FACE_BOUND('',#402,.T.);
#404=ADVANCED_FACE('',(#403),#262,.F.);
#405=CARTESIAN_POINT('',(20.,91.,6.5));
#406=DIRECTION('',(-1.,0.,0.));
#407=DIRECTION('',(0.,0.,1.));
#408=AXIS2_PLACEMENT_3D('',#405,#406,#407);
#409=PLANE('',#408);
#410=CARTESIAN_POINT('',(20.,92.,10.));
#411=VERTEX_POINT('',#410);
#412=CARTESIAN_POINT('',(20.,92.,3.5));
#413=DIRECTION('',(0.,0.,1.));
#414=VECTOR('',#413,6.5);
#415=LINE('',#412,#414);
#416=EDGE_CURVE('',#162,#411,#415,.T.);
#417=ORIENTED_EDGE('',*,*,#416,.F.);
#418=ORIENTED_EDGE('',*,*,#167,.T.);
#419=CARTESIAN_POINT('',(20.,90.13,10.));
#420=VERTEX_POINT('',#419);
#421=CARTESIAN_POINT('',(20.,90.13,3.5));
#422=DIRECTION('',(0.,0.,1.));
#423=VECTOR('',#422,6.5);
#424=LINE('',#421,#423);
#425=EDGE_CURVE('',#154,#420,#424,.T.);
#426=ORIENTED_EDGE('',*,*,#425,.T.);
#427=CARTESIAN_POINT('',(20.,90.13,10.));
#428=DIRECTION('',(0.,1.,0.));
#429=VECTOR('',#428,1.87);
#430=LINE('',#427,#429);
#431=EDGE_CURVE('',#420,#411,#430,.T.);
#432=ORIENTED_EDGE('',*,*,#431,.T.);
#433=EDGE_LOOP('',(#417,#418,#426,#432));
#434=FACE_BOUND('',#433,.T.);
#435=ADVANCED_FACE('',(#434),#409,.T.);
#436=CARTESIAN_POINT('',(30.,90.13,6.5));
#437=DIRECTION('',(0.,-1.,0.));
#438=DIRECTION('',(1.,0.,0.));
#439=AXIS2_PLACEMENT_3D('',#436,#437,#438);
#440=PLANE('',#439);
#441=ORIENTED_EDGE('',*,*,#253,.F.);
#442=CARTESIAN_POINT('',(0.5,90.13,10.));
#443=VERTEX_POINT('',#442);
#444=CARTESIAN_POINT('',(0.5,90.13,3.5));
#445=DIRECTION('',(0.,0.,1.));
#446=VECTOR('',#445,6.5);
#447=LINE('',#444,#446);
#448=EDGE_CURVE('',#242,#443,#447,.T.);
#449=ORIENTED_EDGE('',*,*,#448,.T.);
#450=CARTESIAN_POINT('',(1.5,90.13,11.));
#451=VERTEX_POINT('',#450);
#452=CARTESIAN_POINT('',(0.5,90.13,10.));
#453=DIRECTION('',(0.707106781,0.,0.707106781));
#454=VECTOR('',#453,1.414213562);
#455=LINE('',#452,#454);
#456=EDGE_CURVE('',#443,#451,#455,.T.);
#457=ORIENTED_EDGE('',*,*,#456,.T.);
#458=CARTESIAN_POINT('',(19.,90.13,11.));
#459=VERTEX_POINT('',#458);
#460=CARTESIAN_POINT('',(19.,90.13,11.));
#461=DIRECTION('',(-1.,-0.,0.));
#462=VECTOR('',#461,17.5);
#463=LINE('',#460,#462);
#464=EDGE_CURVE('',#459,#451,#463,.T.);
#465=ORIENTED_EDGE('',*,*,#464,.F.);
#466=CARTESIAN_POINT('',(19.,90.13,11.));
#467=DIRECTION('',(0.707106781,0.,-0.707106781));
#468=VECTOR('',#467,1.414213562);
#469=LINE('',#466,#468);
#470=EDGE_CURVE('',#459,#420,#469,.T.);
#471=ORIENTED_EDGE('',*,*,#470,.T.);
#472=ORIENTED_EDGE('',*,*,#425,.F.);
#473=ORIENTED_EDGE('',*,*,#159,.T.);
#474=CARTESIAN_POINT('',(40.082132034,90.13,3.5));
#475=DIRECTION('',(0.,0.,1.));
#476=VECTOR('',#475,9.5);
#477=LINE('',#474,#476);
#478=EDGE_CURVE('',#146,#341,#477,.T.);
#479=ORIENTED_EDGE('',*,*,#478,.T.);
#480=ORIENTED_EDGE('',*,*,#346,.F.);
#481=CARTESIAN_POINT('',(-1.082132034,90.13,3.5));
#482=DIRECTION('',(0.,0.,1.));
#483=VECTOR('',#482,9.5);
#484=LINE('',#481,#483);
#485=EDGE_CURVE('',#194,#333,#484,.T.);
#486=ORIENTED_EDGE('',*,*,#485,.F.);
#487=EDGE_LOOP('',(#441,#449,#457,#465,#471,#472,#473,#479,#480,#486));
#488=FACE_BOUND('',#487,.T.);
#489=ADVANCED_FACE('',(#488),#440,.T.);
#490=CARTESIAN_POINT('',(30.,46.87,6.5));
#491=DIRECTION('',(0.,1.,0.));
#492=DIRECTION('',(0.,0.,1.));
#493=AXIS2_PLACEMENT_3D('',#490,#491,#492);
#494=PLANE('',#493);
#495=CARTESIAN_POINT('',(20.,46.87,3.5));
#496=VERTEX_POINT('',#495);
#497=CARTESIAN_POINT('',(20.,46.87,10.));
#498=VERTEX_POINT('',#497);
#499=CARTESIAN_POINT('',(20.,46.87,3.5));
#500=DIRECTION('',(0.,0.,1.));
#501=VECTOR('',#500,6.5);
#502=LINE('',#499,#501);
#503=EDGE_CURVE('',#496,#498,#502,.T.);
#504=ORIENTED_EDGE('',*,*,#503,.T.);
#505=CARTESIAN_POINT('',(19.,46.87,11.));
#506=VERTEX_POINT('',#505);
#507=CARTESIAN_POINT('',(20.,46.87,10.));
#508=DIRECTION('',(-0.707106781,-0.,0.707106781));
#509=VECTOR('',#508,1.414213562);
#510=LINE('',#507,#509);
#511=EDGE_CURVE('',#498,#506,#510,.T.);
#512=ORIENTED_EDGE('',*,*,#511,.T.);
#513=CARTESIAN_POINT('',(1.5,46.87,11.));
#514=VERTEX_POINT('',#513);
#515=CARTESIAN_POINT('',(19.,46.87,11.));
#516=DIRECTION('',(-1.,0.,0.));
#517=VECTOR('',#516,17.5);
#518=LINE('',#515,#517);
#519=EDGE_CURVE('',#506,#514,#518,.T.);
#520=ORIENTED_EDGE('',*,*,#519,.T.);
#521=CARTESIAN_POINT('',(0.5,46.87,10.));
#522=VERTEX_POINT('',#521);
#523=CARTESIAN_POINT('',(1.5,46.87,11.));
#524=DIRECTION('',(-0.707106781,0.,-0.707106781));
#525=VECTOR('',#524,1.414213562);
#526=LINE('',#523,#525);
#527=EDGE_CURVE('',#514,#522,#526,.T.);
#528=ORIENTED_EDGE('',*,*,#527,.T.);
#529=CARTESIAN_POINT('',(0.5,46.87,3.5));
#530=VERTEX_POINT('',#529);
#531=CARTESIAN_POINT('',(0.5,46.87,3.5));
#532=DIRECTION('',(0.,0.,1.));
#533=VECTOR('',#532,6.5);
#534=LINE('',#531,#533);
#535=EDGE_CURVE('',#530,#522,#534,.T.);
#536=ORIENTED_EDGE('',*,*,#535,.F.);
#537=CARTESIAN_POINT('',(-1.082132034,46.87,3.5));
#538=VERTEX_POINT('',#537);
#539=CARTESIAN_POINT('',(0.5,46.87,3.5));
#540=DIRECTION('',(-1.,0.,0.));
#541=VECTOR('',#540,1.582132034);
#542=LINE('',#539,#541);
#543=EDGE_CURVE('',#530,#538,#542,.T.);
#544=ORIENTED_EDGE('',*,*,#543,.T.);
#545=CARTESIAN_POINT('',(-1.082132034,46.87,3.5));
#546=DIRECTION('',(0.,0.,1.));
#547=VECTOR('',#546,9.5);
#548=LINE('',#545,#547);
#549=EDGE_CURVE('',#538,#364,#548,.T.);
#550=ORIENTED_EDGE('',*,*,#549,.T.);
#551=ORIENTED_EDGE('',*,*,#369,.F.);
#552=CARTESIAN_POINT('',(40.082132034,46.87,3.5));
#553=VERTEX_POINT('',#552);
#554=CARTESIAN_POINT('',(40.082132034,46.87,3.5));
#555=DIRECTION('',(0.,0.,1.));
#556=VECTOR('',#555,9.5);
#557=LINE('',#554,#556);
#558=EDGE_CURVE('',#553,#356,#557,.T.);
#559=ORIENTED_EDGE('',*,*,#558,.F.);
#560=CARTESIAN_POINT('',(40.082132034,46.87,3.5));
#561=DIRECTION('',(-1.,0.,0.));
#562=VECTOR('',#561,20.082132034);
#563=LINE('',#560,#562);
#564=EDGE_CURVE('',#553,#496,#563,.T.);
#565=ORIENTED_EDGE('',*,*,#564,.T.);
#566=EDGE_LOOP('',(#504,#512,#520,#528,#536,#544,#550,#551,#559,#565));
#567=FACE_BOUND('',#566,.T.);
#568=ADVANCED_FACE('',(#567),#494,.T.);
#569=CARTESIAN_POINT('',(20.,46.,6.5));
#570=DIRECTION('',(-1.,0.,0.));
#571=DIRECTION('',(0.,0.,1.));
#572=AXIS2_PLACEMENT_3D('',#569,#570,#571);
#573=PLANE('',#572);
#574=CARTESIAN_POINT('',(20.,45.,3.5));
#575=VERTEX_POINT('',#574);
#576=CARTESIAN_POINT('',(20.,46.87,3.5));
#577=DIRECTION('',(0.,-1.,0.));
#578=VECTOR('',#577,1.87);
#579=LINE('',#576,#578);
#580=EDGE_CURVE('',#496,#575,#579,.T.);
#581=ORIENTED_EDGE('',*,*,#580,.T.);
#582=CARTESIAN_POINT('',(20.,45.,10.));
#583=VERTEX_POINT('',#582);
#584=CARTESIAN_POINT('',(20.,45.,3.5));
#585=DIRECTION('',(0.,0.,1.));
#586=VECTOR('',#585,6.5);
#587=LINE('',#584,#586);
#588=EDGE_CURVE('',#575,#583,#587,.T.);
#589=ORIENTED_EDGE('',*,*,#588,.T.);
#590=CARTESIAN_POINT('',(20.,45.,10.));
#591=DIRECTION('',(0.,1.,0.));
#592=VECTOR('',#591,1.87);
#593=LINE('',#590,#592);
#594=EDGE_CURVE('',#583,#498,#593,.T.);
#595=ORIENTED_EDGE('',*,*,#594,.T.);
#596=ORIENTED_EDGE('',*,*,#503,.F.);
#597=EDGE_LOOP('',(#581,#589,#595,#596));
#598=FACE_BOUND('',#597,.T.);
#599=ADVANCED_FACE('',(#598),#573,.T.);
#600=CARTESIAN_POINT('',(41.106066017,89.106066017,6.5));
#601=DIRECTION('',(0.707106781,0.707106781,0.));
#602=DIRECTION('',(-0.707106781,0.707106781,0.));
#603=AXIS2_PLACEMENT_3D('',#600,#601,#602);
#604=PLANE('',#603);
#605=ORIENTED_EDGE('',*,*,#118,.T.);
#606=ORIENTED_EDGE('',*,*,#352,.T.);
#607=ORIENTED_EDGE('',*,*,#478,.F.);
#608=ORIENTED_EDGE('',*,*,#151,.F.);
#609=EDGE_LOOP('',(#605,#606,#607,#608));
#610=FACE_BOUND('',#609,.T.);
#611=ADVANCED_FACE('',(#610),#604,.F.);
#612=CARTESIAN_POINT('',(41.106066017,47.893933983,6.5));
#613=DIRECTION('',(0.707106781,-0.707106781,0.));
#614=DIRECTION('',(0.707106781,0.707106781,0.));
#615=AXIS2_PLACEMENT_3D('',#612,#613,#614);
#616=PLANE('',#615);
#617=ORIENTED_EDGE('',*,*,#104,.F.);
#618=CARTESIAN_POINT('',(41.212132034,48.,3.5));
#619=VERTEX_POINT('',#618);
#620=CARTESIAN_POINT('',(42.13,48.917867966,4.417867966));
#621=DIRECTION('',(-0.577350269,-0.577350269,-0.577350269));
#622=VECTOR('',#621,1.589793951);
#623=LINE('',#620,#622);
#624=EDGE_CURVE('',#91,#619,#623,.T.);
#625=ORIENTED_EDGE('',*,*,#624,.T.);
#626=CARTESIAN_POINT('',(40.082132034,46.87,3.5));
#627=DIRECTION('',(0.707106781,0.707106781,0.));
#628=VECTOR('',#627,1.598061325);
#629=LINE('',#626,#628);
#630=EDGE_CURVE('',#553,#619,#629,.T.);
#631=ORIENTED_EDGE('',*,*,#630,.F.);
#632=ORIENTED_EDGE('',*,*,#558,.T.);
#633=ORIENTED_EDGE('',*,*,#361,.T.);
#634=EDGE_LOOP('',(#617,#625,#631,#632,#633));
#635=FACE_BOUND('',#634,.T.);
#636=ADVANCED_FACE('',(#635),#616,.F.);
#637=CARTESIAN_POINT('',(30.414213562,45.,6.5));
#638=DIRECTION('',(0.,1.,0.));
#639=DIRECTION('',(0.,0.,1.));
#640=AXIS2_PLACEMENT_3D('',#637,#638,#639);
#641=PLANE('',#640);
#642=ORIENTED_EDGE('',*,*,#588,.F.);
#643=CARTESIAN_POINT('',(40.828427125,45.,3.5));
#644=VERTEX_POINT('',#643);
#645=CARTESIAN_POINT('',(20.,45.,3.5));
#646=DIRECTION('',(1.,0.,-0.));
#647=VECTOR('',#646,20.828427125);
#648=LINE('',#645,#647);
#649=EDGE_CURVE('',#575,#644,#648,.T.);
#650=ORIENTED_EDGE('',*,*,#649,.T.);
#651=CARTESIAN_POINT('',(40.828427125,45.,13.5));
#652=VERTEX_POINT('',#651);
#653=CARTESIAN_POINT('',(40.828427125,45.,3.5));
#654=DIRECTION('',(0.,0.,1.));
#655=VECTOR('',#654,10.);
#656=LINE('',#653,#655);
#657=EDGE_CURVE('',#644,#652,#656,.T.);
#658=ORIENTED_EDGE('',*,*,#657,.T.);
#659=CARTESIAN_POINT('',(20.585786438,45.,13.5));
#660=VERTEX_POINT('',#659);
#661=CARTESIAN_POINT('',(40.828427125,45.,13.5));
#662=DIRECTION('',(-1.,-0.,0.));
#663=VECTOR('',#662,20.242640687);
#664=LINE('',#661,#663);
#665=EDGE_CURVE('',#652,#660,#664,.T.);
#666=ORIENTED_EDGE('',*,*,#665,.T.);
#667=CARTESIAN_POINT('',(20.085786438,45.,14.));
#668=VERTEX_POINT('',#667);
#669=CARTESIAN_POINT('',(20.585786438,45.,13.5));
#670=DIRECTION('',(-0.707106781,-0.,0.707106781));
#671=VECTOR('',#670,0.707106781);
#672=LINE('',#669,#671);
#673=EDGE_CURVE('',#660,#668,#672,.T.);
#674=ORIENTED_EDGE('',*,*,#673,.T.);
#675=CARTESIAN_POINT('',(0.414213562,45.,14.));
#676=VERTEX_POINT('',#675);
#677=CARTESIAN_POINT('',(20.085786438,45.,14.));
#678=DIRECTION('',(-1.,-0.,0.));
#679=VECTOR('',#678,19.671572875);
#680=LINE('',#677,#679);
#681=EDGE_CURVE('',#668,#676,#680,.T.);
#682=ORIENTED_EDGE('',*,*,#681,.T.);
#683=CARTESIAN_POINT('',(-0.085786438,45.,13.5));
#684=VERTEX_POINT('',#683);
#685=CARTESIAN_POINT('',(0.414213562,45.,14.));
#686=DIRECTION('',(-0.707106781,0.,-0.707106781));
#687=VECTOR('',#686,0.707106781);
#688=LINE('',#685,#687);
#689=EDGE_CURVE('',#676,#684,#688,.T.);
#690=ORIENTED_EDGE('',*,*,#689,.T.);
#691=CARTESIAN_POINT('',(-1.828427125,45.,13.5));
#692=VERTEX_POINT('',#691);
#693=CARTESIAN_POINT('',(-0.085786438,45.,13.5));
#694=DIRECTION('',(-1.,0.,0.));
#695=VECTOR('',#694,1.742640687);
#696=LINE('',#693,#695);
#697=EDGE_CURVE('',#684,#692,#696,.T.);
#698=ORIENTED_EDGE('',*,*,#697,.T.);
#699=CARTESIAN_POINT('',(-1.828427125,45.,3.5));
#700=VERTEX_POINT('',#699);
#701=CARTESIAN_POINT('',(-1.828427125,45.,3.5));
#702=DIRECTION('',(0.,0.,1.));
#703=VECTOR('',#702,10.);
#704=LINE('',#701,#703);
#705=EDGE_CURVE('',#700,#692,#704,.T.);
#706=ORIENTED_EDGE('',*,*,#705,.F.);
#707=CARTESIAN_POINT('',(0.5,45.,3.5));
#708=VERTEX_POINT('',#707);
#709=CARTESIAN_POINT('',(0.5,45.,3.5));
#710=DIRECTION('',(-1.,0.,0.));
#711=VECTOR('',#710,2.328427125);
#712=LINE('',#709,#711);
#713=EDGE_CURVE('',#708,#700,#712,.T.);
#714=ORIENTED_EDGE('',*,*,#713,.F.);
#715=CARTESIAN_POINT('',(0.5,45.,10.));
#716=VERTEX_POINT('',#715);
#717=CARTESIAN_POINT('',(0.5,45.,3.5));
#718=DIRECTION('',(0.,0.,1.));
#719=VECTOR('',#718,6.5);
#720=LINE('',#717,#719);
#721=EDGE_CURVE('',#708,#716,#720,.T.);
#722=ORIENTED_EDGE('',*,*,#721,.T.);
#723=CARTESIAN_POINT('',(1.5,45.,11.));
#724=VERTEX_POINT('',#723);
#725=CARTESIAN_POINT('',(0.5,45.,10.));
#726=DIRECTION('',(0.707106781,0.,0.707106781));
#727=VECTOR('',#726,1.414213562);
#728=LINE('',#725,#727);
#729=EDGE_CURVE('',#716,#724,#728,.T.);
#730=ORIENTED_EDGE('',*,*,#729,.T.);
#731=CARTESIAN_POINT('',(19.,45.,11.));
#732=VERTEX_POINT('',#731);
#733=CARTESIAN_POINT('',(1.5,45.,11.));
#734=DIRECTION('',(1.,0.,-0.));
#735=VECTOR('',#734,17.5);
#736=LINE('',#733,#735);
#737=EDGE_CURVE('',#724,#732,#736,.T.);
#738=ORIENTED_EDGE('',*,*,#737,.T.);
#739=CARTESIAN_POINT('',(19.,45.,11.));
#740=DIRECTION('',(0.707106781,-0.,-0.707106781));
#741=VECTOR('',#740,1.414213562);
#742=LINE('',#739,#741);
#743=EDGE_CURVE('',#732,#583,#742,.T.);
#744=ORIENTED_EDGE('',*,*,#743,.T.);
#745=EDGE_LOOP('',(#642,#650,#658,#666,#674,#682,#690,#698,#706,#714,#722,#730,#738,#744));
#746=FACE_BOUND('',#745,.T.);
#747=ADVANCED_FACE('',(#746),#641,.F.);
#748=CARTESIAN_POINT('',(42.414213562,46.585786438,6.5));
#749=DIRECTION('',(-0.707106781,0.707106781,0.));
#750=DIRECTION('',(-0.707106781,-0.707106781,0.));
#751=AXIS2_PLACEMENT_3D('',#748,#749,#750);
#752=PLANE('',#751);
#753=CARTESIAN_POINT('',(43.828427125,48.,3.5));
#754=VERTEX_POINT('',#753);
#755=CARTESIAN_POINT('',(43.828427125,48.,3.5));
#756=DIRECTION('',(-0.707106781,-0.707106781,0.));
#757=VECTOR('',#756,4.242640687);
#758=LINE('',#755,#757);
#759=EDGE_CURVE('',#754,#644,#758,.T.);
#760=ORIENTED_EDGE('',*,*,#759,.F.);
#761=CARTESIAN_POINT('',(44.,48.171572875,3.671572875));
#762=VERTEX_POINT('',#761);
#763=CARTESIAN_POINT('',(43.828427125,48.,3.5));
#764=DIRECTION('',(0.577350269,0.577350269,0.577350269));
#765=VECTOR('',#764,0.297172937);
#766=LINE('',#763,#765);
#767=EDGE_CURVE('',#754,#762,#766,.T.);
#768=ORIENTED_EDGE('',*,*,#767,.T.);
#769=CARTESIAN_POINT('',(44.,48.171572875,13.5));
#770=VERTEX_POINT('',#769);
#771=CARTESIAN_POINT('',(44.,48.171572875,3.671572875));
#772=DIRECTION('',(0.,0.,1.));
#773=VECTOR('',#772,9.828427125);
#774=LINE('',#771,#773);
#775=EDGE_CURVE('',#762,#770,#774,.T.);
#776=ORIENTED_EDGE('',*,*,#775,.T.);
#777=CARTESIAN_POINT('',(44.,48.171572875,13.5));
#778=DIRECTION('',(-0.707106781,-0.707106781,0.));
#779=VECTOR('',#778,4.485281374);
#780=LINE('',#777,#779);
#781=EDGE_CURVE('',#770,#652,#780,.T.);
#782=ORIENTED_EDGE('',*,*,#781,.T.);
#783=ORIENTED_EDGE('',*,*,#657,.F.);
#784=EDGE_LOOP('',(#760,#768,#776,#782,#783));
#785=FACE_BOUND('',#784,.T.);
#786=ADVANCED_FACE('',(#785),#752,.F.);
#787=CARTESIAN_POINT('',(44.,68.5,6.5));
#788=DIRECTION('',(-1.,0.,0.));
#789=DIRECTION('',(0.,0.,1.));
#790=AXIS2_PLACEMENT_3D('',#787,#788,#789);
#791=PLANE('',#790);
#792=CARTESIAN_POINT('',(44.,63.082842712,12.7));
#793=VERTEX_POINT('',#792);
#794=CARTESIAN_POINT('',(44.,64.2,11.582842712));
#795=VERTEX_POINT('',#794);
#796=CARTESIAN_POINT('',(44.,63.082842712,12.7));
#797=DIRECTION('',(0.,0.707106781,-0.707106781));
#798=VECTOR('',#797,1.579898987);
#799=LINE('',#796,#798);
#800=EDGE_CURVE('',#793,#795,#799,.T.);
#801=ORIENTED_EDGE('',*,*,#800,.T.);
#802=CARTESIAN_POINT('',(44.,64.2,4.3));
#803=VERTEX_POINT('',#802);
#804=CARTESIAN_POINT('',(44.,64.2,11.582842712));
#805=DIRECTION('',(0.,0.,-1.));
#806=VECTOR('',#805,7.282842712);
#807=LINE('',#804,#806);
#808=EDGE_CURVE('',#795,#803,#807,.T.);
#809=ORIENTED_EDGE('',*,*,#808,.T.);
#810=CARTESIAN_POINT('',(44.,64.2,4.3));
#811=DIRECTION('',(0.,0.707106781,-0.707106781));
#812=VECTOR('',#811,1.13137085);
#813=LINE('',#810,#812);
#814=EDGE_CURVE('',#803,#131,#813,.T.);
#815=ORIENTED_EDGE('',*,*,#814,.T.);
#816=ORIENTED_EDGE('',*,*,#136,.F.);
#817=CARTESIAN_POINT('',(44.,88.828427125,13.5));
#818=VERTEX_POINT('',#817);
#819=CARTESIAN_POINT('',(44.,88.828427125,3.5));
#820=DIRECTION('',(0.,0.,1.));
#821=VECTOR('',#820,10.);
#822=LINE('',#819,#821);
#823=EDGE_CURVE('',#129,#818,#822,.T.);
#824=ORIENTED_EDGE('',*,*,#823,.T.);
#825=CARTESIAN_POINT('',(44.,88.828427125,13.5));
#826=DIRECTION('',(-0.,-1.,-0.));
#827=VECTOR('',#826,40.656854249);
#828=LINE('',#825,#827);
#829=EDGE_CURVE('',#818,#770,#828,.T.);
#830=ORIENTED_EDGE('',*,*,#829,.T.);
#831=ORIENTED_EDGE('',*,*,#775,.F.);
#832=CARTESIAN_POINT('',(44.,48.8,4.3));
#833=VERTEX_POINT('',#832);
#834=CARTESIAN_POINT('',(44.,48.171572875,3.671572875));
#835=DIRECTION('',(-0.,0.707106781,0.707106781));
#836=VECTOR('',#835,0.888730163);
#837=LINE('',#834,#836);
#838=EDGE_CURVE('',#762,#833,#837,.T.);
#839=ORIENTED_EDGE('',*,*,#838,.T.);
#840=CARTESIAN_POINT('',(44.,48.8,11.582842712));
#841=VERTEX_POINT('',#840);
#842=CARTESIAN_POINT('',(44.,48.8,4.3));
#843=DIRECTION('',(0.,0.,1.));
#844=VECTOR('',#843,7.282842712);
#845=LINE('',#842,#844);
#846=EDGE_CURVE('',#833,#841,#845,.T.);
#847=ORIENTED_EDGE('',*,*,#846,.T.);
#848=CARTESIAN_POINT('',(44.,49.917157288,12.7));
#849=VERTEX_POINT('',#848);
#850=CARTESIAN_POINT('',(44.,48.8,11.582842712));
#851=DIRECTION('',(0.,0.707106781,0.707106781));
#852=VECTOR('',#851,1.579898987);
#853=LINE('',#850,#852);
#854=EDGE_CURVE('',#841,#849,#853,.T.);
#855=ORIENTED_EDGE('',*,*,#854,.T.);
#856=CARTESIAN_POINT('',(44.,49.917157288,12.7));
#857=DIRECTION('',(0.,1.,0.));
#858=VECTOR('',#857,13.165685425);
#859=LINE('',#856,#858);
#860=EDGE_CURVE('',#849,#793,#859,.T.);
#861=ORIENTED_EDGE('',*,*,#860,.T.);
#862=EDGE_LOOP('',(#801,#809,#815,#816,#824,#830,#831,#839,#847,#855,#861));
#863=FACE_BOUND('',#862,.T.);
#864=ADVANCED_FACE('',(#863),#791,.F.);
#865=CARTESIAN_POINT('',(42.414213562,90.414213562,6.5));
#866=DIRECTION('',(-0.707106781,-0.707106781,0.));
#867=DIRECTION('',(0.707106781,-0.707106781,0.));
#868=AXIS2_PLACEMENT_3D('',#865,#866,#867);
#869=PLANE('',#868);
#870=ORIENTED_EDGE('',*,*,#181,.F.);
#871=CARTESIAN_POINT('',(40.828427125,92.,13.5));
#872=VERTEX_POINT('',#871);
#873=CARTESIAN_POINT('',(40.828427125,92.,3.5));
#874=DIRECTION('',(0.,0.,1.));
#875=VECTOR('',#874,10.);
#876=LINE('',#873,#875);
#877=EDGE_CURVE('',#170,#872,#876,.T.);
#878=ORIENTED_EDGE('',*,*,#877,.T.);
#879=CARTESIAN_POINT('',(40.828427125,92.,13.5));
#880=DIRECTION('',(0.707106781,-0.707106781,0.));
#881=VECTOR('',#880,4.485281374);
#882=LINE('',#879,#881);
#883=EDGE_CURVE('',#872,#818,#882,.T.);
#884=ORIENTED_EDGE('',*,*,#883,.T.);
#885=ORIENTED_EDGE('',*,*,#823,.F.);
#886=EDGE_LOOP('',(#870,#878,#884,#885));
#887=FACE_BOUND('',#886,.T.);
#888=ADVANCED_FACE('',(#887),#869,.F.);
#889=CARTESIAN_POINT('',(30.414213562,92.,6.5));
#890=DIRECTION('',(0.,-1.,0.));
#891=DIRECTION('',(1.,0.,0.));
#892=AXIS2_PLACEMENT_3D('',#889,#890,#891);
#893=PLANE('',#892);
#894=ORIENTED_EDGE('',*,*,#175,.F.);
#895=ORIENTED_EDGE('',*,*,#416,.T.);
#896=CARTESIAN_POINT('',(19.,92.,11.));
#897=VERTEX_POINT('',#896);
#898=CARTESIAN_POINT('',(20.,92.,10.));
#899=DIRECTION('',(-0.707106781,-0.,0.707106781));
#900=VECTOR('',#899,1.414213562);
#901=LINE('',#898,#900);
#902=EDGE_CURVE('',#411,#897,#901,.T.);
#903=ORIENTED_EDGE('',*,*,#902,.T.);
#904=CARTESIAN_POINT('',(1.5,92.,11.));
#905=VERTEX_POINT('',#904);
#906=CARTESIAN_POINT('',(1.5,92.,11.));
#907=DIRECTION('',(1.,0.,0.));
#908=VECTOR('',#907,17.5);
#909=LINE('',#906,#908);
#910=EDGE_CURVE('',#905,#897,#909,.T.);
#911=ORIENTED_EDGE('',*,*,#910,.F.);
#912=CARTESIAN_POINT('',(0.5,92.,10.));
#913=VERTEX_POINT('',#912);
#914=CARTESIAN_POINT('',(1.5,92.,11.));
#915=DIRECTION('',(-0.707106781,-0.,-0.707106781));
#916=VECTOR('',#915,1.414213562);
#917=LINE('',#914,#916);
#918=EDGE_CURVE('',#905,#913,#917,.T.);
#919=ORIENTED_EDGE('',*,*,#918,.T.);
#920=CARTESIAN_POINT('',(0.5,92.,3.5));
#921=DIRECTION('',(0.,0.,1.));
#922=VECTOR('',#921,6.5);
#923=LINE('',#920,#922);
#924=EDGE_CURVE('',#234,#913,#923,.T.);
#925=ORIENTED_EDGE('',*,*,#924,.F.);
#926=ORIENTED_EDGE('',*,*,#239,.T.);
#927=CARTESIAN_POINT('',(-1.828427125,92.,13.5));
#928=VERTEX_POINT('',#927);
#929=CARTESIAN_POINT('',(-1.828427125,92.,3.5));
#930=DIRECTION('',(0.,0.,1.));
#931=VECTOR('',#930,10.);
#932=LINE('',#929,#931);
#933=EDGE_CURVE('',#226,#928,#932,.T.);
#934=ORIENTED_EDGE('',*,*,#933,.T.);
#935=CARTESIAN_POINT('',(-0.085786438,92.,13.5));
#936=VERTEX_POINT('',#935);
#937=CARTESIAN_POINT('',(-1.828427125,92.,13.5));
#938=DIRECTION('',(1.,-0.,-0.));
#939=VECTOR('',#938,1.742640687);
#940=LINE('',#937,#939);
#941=EDGE_CURVE('',#928,#936,#940,.T.);
#942=ORIENTED_EDGE('',*,*,#941,.T.);
#943=CARTESIAN_POINT('',(0.414213562,92.,14.));
#944=VERTEX_POINT('',#943);
#945=CARTESIAN_POINT('',(-0.085786438,92.,13.5));
#946=DIRECTION('',(0.707106781,0.,0.707106781));
#947=VECTOR('',#946,0.707106781);
#948=LINE('',#945,#947);
#949=EDGE_CURVE('',#936,#944,#948,.T.);
#950=ORIENTED_EDGE('',*,*,#949,.T.);
#951=CARTESIAN_POINT('',(20.085786438,92.,14.));
#952=VERTEX_POINT('',#951);
#953=CARTESIAN_POINT('',(0.414213562,92.,14.));
#954=DIRECTION('',(1.,0.,0.));
#955=VECTOR('',#954,19.671572875);
#956=LINE('',#953,#955);
#957=EDGE_CURVE('',#944,#952,#956,.T.);
#958=ORIENTED_EDGE('',*,*,#957,.T.);
#959=CARTESIAN_POINT('',(20.585786438,92.,13.5));
#960=VERTEX_POINT('',#959);
#961=CARTESIAN_POINT('',(20.085786438,92.,14.));
#962=DIRECTION('',(0.707106781,0.,-0.707106781));
#963=VECTOR('',#962,0.707106781);
#964=LINE('',#961,#963);
#965=EDGE_CURVE('',#952,#960,#964,.T.);
#966=ORIENTED_EDGE('',*,*,#965,.T.);
#967=CARTESIAN_POINT('',(20.585786438,92.,13.5));
#968=DIRECTION('',(1.,-0.,-0.));
#969=VECTOR('',#968,20.242640687);
#970=LINE('',#967,#969);
#971=EDGE_CURVE('',#960,#872,#970,.T.);
#972=ORIENTED_EDGE('',*,*,#971,.T.);
#973=ORIENTED_EDGE('',*,*,#877,.F.);
#974=EDGE_LOOP('',(#894,#895,#903,#911,#919,#925,#926,#934,#942,#950,#958,#966,#972,#973));
#975=FACE_BOUND('',#974,.T.);
#976=ADVANCED_FACE('',(#975),#893,.F.);
#977=CARTESIAN_POINT('',(0.,50.,3.5));
#978=DIRECTION('',(0.,0.,1.));
#979=DIRECTION('',(1.,0.,0.));
#980=AXIS2_PLACEMENT_3D('',#977,#978,#979);
#981=PLANE('',#980);
#982=ORIENTED_EDGE('',*,*,#630,.T.);
#983=CARTESIAN_POINT('',(41.212132034,48.,3.5));
#984=DIRECTION('',(1.,0.,-0.));
#985=VECTOR('',#984,2.61629509);
#986=LINE('',#983,#985);
#987=EDGE_CURVE('',#619,#754,#986,.T.);
#988=ORIENTED_EDGE('',*,*,#987,.T.);
#989=ORIENTED_EDGE('',*,*,#759,.T.);
#990=ORIENTED_EDGE('',*,*,#649,.F.);
#991=ORIENTED_EDGE('',*,*,#580,.F.);
#992=ORIENTED_EDGE('',*,*,#564,.F.);
#993=EDGE_LOOP('',(#982,#988,#989,#990,#991,#992));
#994=FACE_BOUND('',#993,.T.);
#995=ADVANCED_FACE('',(#994),#981,.F.);
#996=CARTESIAN_POINT('',(0.5,91.,6.5));
#997=DIRECTION('',(-1.,0.,0.));
#998=DIRECTION('',(0.,0.,1.));
#999=AXIS2_PLACEMENT_3D('',#996,#997,#998);
#1000=PLANE('',#999);
#1001=ORIENTED_EDGE('',*,*,#448,.F.);
#1002=ORIENTED_EDGE('',*,*,#247,.T.);
#1003=ORIENTED_EDGE('',*,*,#924,.T.);
#1004=CARTESIAN_POINT('',(0.5,92.,10.));
#1005=DIRECTION('',(0.,-1.,0.));
#1006=VECTOR('',#1005,1.87);
#1007=LINE('',#1004,#1006);
#1008=EDGE_CURVE('',#913,#443,#1007,.T.);
#1009=ORIENTED_EDGE('',*,*,#1008,.T.);
#1010=EDGE_LOOP('',(#1001,#1002,#1003,#1009));
#1011=FACE_BOUND('',#1010,.T.);
#1012=ADVANCED_FACE('',(#1011),#1000,.F.);
#1013=CARTESIAN_POINT('',(0.5,46.,6.5));
#1014=DIRECTION('',(-1.,0.,0.));
#1015=DIRECTION('',(0.,0.,1.));
#1016=AXIS2_PLACEMENT_3D('',#1013,#1014,#1015);
#1017=PLANE('',#1016);
#1018=ORIENTED_EDGE('',*,*,#721,.F.);
#1019=CARTESIAN_POINT('',(0.5,46.87,3.5));
#1020=DIRECTION('',(0.,-1.,0.));
#1021=VECTOR('',#1020,1.87);
#1022=LINE('',#1019,#1021);
#1023=EDGE_CURVE('',#530,#708,#1022,.T.);
#1024=ORIENTED_EDGE('',*,*,#1023,.F.);
#1025=ORIENTED_EDGE('',*,*,#535,.T.);
#1026=CARTESIAN_POINT('',(0.5,46.87,10.));
#1027=DIRECTION('',(0.,-1.,0.));
#1028=VECTOR('',#1027,1.87);
#1029=LINE('',#1026,#1028);
#1030=EDGE_CURVE('',#522,#716,#1029,.T.);
#1031=ORIENTED_EDGE('',*,*,#1030,.T.);
#1032=EDGE_LOOP('',(#1018,#1024,#1025,#1031));
#1033=FACE_BOUND('',#1032,.T.);
#1034=ADVANCED_FACE('',(#1033),#1017,.F.);
#1035=CARTESIAN_POINT('',(-2.106066017,89.106066017,6.5));
#1036=DIRECTION('',(-0.707106781,0.707106781,0.));
#1037=DIRECTION('',(-0.707106781,-0.707106781,0.));
#1038=AXIS2_PLACEMENT_3D('',#1035,#1036,#1037);
#1039=PLANE('',#1038);
#1040=CARTESIAN_POINT('',(-3.13,88.082132034,3.5));
#1041=DIRECTION('',(0.,0.,1.));
#1042=VECTOR('',#1041,9.5);
#1043=LINE('',#1040,#1042);
#1044=EDGE_CURVE('',#192,#325,#1043,.T.);
#1045=ORIENTED_EDGE('',*,*,#1044,.F.);
#1046=ORIENTED_EDGE('',*,*,#199,.T.);
#1047=ORIENTED_EDGE('',*,*,#485,.T.);
#1048=ORIENTED_EDGE('',*,*,#338,.T.);
#1049=EDGE_LOOP('',(#1045,#1046,#1047,#1048));
#1050=FACE_BOUND('',#1049,.T.);
#1051=ADVANCED_FACE('',(#1050),#1039,.F.);
#1052=CARTESIAN_POINT('',(-3.414213562,90.414213562,6.5));
#1053=DIRECTION('',(0.707106781,-0.707106781,0.));
#1054=DIRECTION('',(0.707106781,0.707106781,0.));
#1055=AXIS2_PLACEMENT_3D('',#1052,#1053,#1054);
#1056=PLANE('',#1055);
#1057=ORIENTED_EDGE('',*,*,#231,.T.);
#1058=CARTESIAN_POINT('',(-5.,88.828427125,13.5));
#1059=VERTEX_POINT('',#1058);
#1060=CARTESIAN_POINT('',(-5.,88.828427125,3.5));
#1061=DIRECTION('',(0.,0.,1.));
#1062=VECTOR('',#1061,10.);
#1063=LINE('',#1060,#1062);
#1064=EDGE_CURVE('',#218,#1059,#1063,.T.);
#1065=ORIENTED_EDGE('',*,*,#1064,.T.);
#1066=CARTESIAN_POINT('',(-5.,88.828427125,13.5));
#1067=DIRECTION('',(0.707106781,0.707106781,0.));
#1068=VECTOR('',#1067,4.485281374);
#1069=LINE('',#1066,#1068);
#1070=EDGE_CURVE('',#1059,#928,#1069,.T.);
#1071=ORIENTED_EDGE('',*,*,#1070,.T.);
#1072=ORIENTED_EDGE('',*,*,#933,.F.);
#1073=EDGE_LOOP('',(#1057,#1065,#1071,#1072));
#1074=FACE_BOUND('',#1073,.T.);
#1075=ADVANCED_FACE('',(#1074),#1056,.F.);
#1076=CARTESIAN_POINT('',(-5.,68.5,6.5));
#1077=DIRECTION('',(1.,0.,0.));
#1078=DIRECTION('',(0.,0.,-1.));
#1079=AXIS2_PLACEMENT_3D('',#1076,#1077,#1078);
#1080=PLANE('',#1079);
#1081=ORIENTED_EDGE('',*,*,#223,.F.);
#1082=CARTESIAN_POINT('',(-5.,48.171572875,3.5));
#1083=VERTEX_POINT('',#1082);
#1084=CARTESIAN_POINT('',(-5.,88.,3.5));
#1085=DIRECTION('',(0.,-1.,0.));
#1086=VECTOR('',#1085,39.828427125);
#1087=LINE('',#1084,#1086);
#1088=EDGE_CURVE('',#210,#1083,#1087,.T.);
#1089=ORIENTED_EDGE('',*,*,#1088,.T.);
#1090=CARTESIAN_POINT('',(-5.,48.171572875,13.5));
#1091=VERTEX_POINT('',#1090);
#1092=CARTESIAN_POINT('',(-5.,48.171572875,3.5));
#1093=DIRECTION('',(0.,0.,1.));
#1094=VECTOR('',#1093,10.);
#1095=LINE('',#1092,#1094);
#1096=EDGE_CURVE('',#1083,#1091,#1095,.T.);
#1097=ORIENTED_EDGE('',*,*,#1096,.T.);
#1098=CARTESIAN_POINT('',(-5.,52.5,13.5));
#1099=VERTEX_POINT('',#1098);
#1100=CARTESIAN_POINT('',(-5.,48.171572875,13.5));
#1101=DIRECTION('',(0.,1.,0.));
#1102=VECTOR('',#1101,4.328427125);
#1103=LINE('',#1100,#1102);
#1104=EDGE_CURVE('',#1091,#1099,#1103,.T.);
#1105=ORIENTED_EDGE('',*,*,#1104,.T.);
#1106=CARTESIAN_POINT('',(-5.,84.5,13.5));
#1107=VERTEX_POINT('',#1106);
#1108=CARTESIAN_POINT('',(-5.,52.5,13.5));
#1109=DIRECTION('',(0.,1.,0.));
#1110=VECTOR('',#1109,32.);
#1111=LINE('',#1108,#1110);
#1112=EDGE_CURVE('',#1099,#1107,#1111,.T.);
#1113=ORIENTED_EDGE('',*,*,#1112,.T.);
#1114=CARTESIAN_POINT('',(-5.,84.5,13.5));
#1115=DIRECTION('',(-0.,1.,-0.));
#1116=VECTOR('',#1115,4.328427125);
#1117=LINE('',#1114,#1116);
#1118=EDGE_CURVE('',#1107,#1059,#1117,.T.);
#1119=ORIENTED_EDGE('',*,*,#1118,.T.);
#1120=ORIENTED_EDGE('',*,*,#1064,.F.);
#1121=EDGE_LOOP('',(#1081,#1089,#1097,#1105,#1113,#1119,#1120));
#1122=FACE_BOUND('',#1121,.T.);
#1123=ADVANCED_FACE('',(#1122),#1080,.F.);
#1124=CARTESIAN_POINT('',(-3.414213562,46.585786438,6.5));
#1125=DIRECTION('',(0.707106781,0.707106781,0.));
#1126=DIRECTION('',(-0.707106781,0.707106781,0.));
#1127=AXIS2_PLACEMENT_3D('',#1124,#1125,#1126);
#1128=PLANE('',#1127);
#1129=CARTESIAN_POINT('',(-1.828427125,45.,3.5));
#1130=DIRECTION('',(-0.707106781,0.707106781,0.));
#1131=VECTOR('',#1130,4.485281374);
#1132=LINE('',#1129,#1131);
#1133=EDGE_CURVE('',#700,#1083,#1132,.T.);
#1134=ORIENTED_EDGE('',*,*,#1133,.F.);
#1135=ORIENTED_EDGE('',*,*,#705,.T.);
#1136=CARTESIAN_POINT('',(-1.828427125,45.,13.5));
#1137=DIRECTION('',(-0.707106781,0.707106781,0.));
#1138=VECTOR('',#1137,4.485281374);
#1139=LINE('',#1136,#1138);
#1140=EDGE_CURVE('',#692,#1091,#1139,.T.);
#1141=ORIENTED_EDGE('',*,*,#1140,.T.);
#1142=ORIENTED_EDGE('',*,*,#1096,.F.);
#1143=EDGE_LOOP('',(#1134,#1135,#1141,#1142));
#1144=FACE_BOUND('',#1143,.T.);
#1145=ADVANCED_FACE('',(#1144),#1128,.F.);
#1146=CARTESIAN_POINT('',(-2.106066017,47.893933983,6.5));
#1147=DIRECTION('',(-0.707106781,-0.707106781,0.));
#1148=DIRECTION('',(0.707106781,-0.707106781,0.));
#1149=AXIS2_PLACEMENT_3D('',#1146,#1147,#1148);
#1150=PLANE('',#1149);
#1151=CARTESIAN_POINT('',(-3.13,48.917867966,3.5));
#1152=VERTEX_POINT('',#1151);
#1153=CARTESIAN_POINT('',(-3.13,48.917867966,3.5));
#1154=DIRECTION('',(0.,0.,1.));
#1155=VECTOR('',#1154,9.5);
#1156=LINE('',#1153,#1155);
#1157=EDGE_CURVE('',#1152,#372,#1156,.T.);
#1158=ORIENTED_EDGE('',*,*,#1157,.T.);
#1159=ORIENTED_EDGE('',*,*,#377,.T.);
#1160=ORIENTED_EDGE('',*,*,#549,.F.);
#1161=CARTESIAN_POINT('',(-3.13,48.917867966,3.5));
#1162=DIRECTION('',(0.707106781,-0.707106781,0.));
#1163=VECTOR('',#1162,2.896122651);
#1164=LINE('',#1161,#1163);
#1165=EDGE_CURVE('',#1152,#538,#1164,.T.);
#1166=ORIENTED_EDGE('',*,*,#1165,.F.);
#1167=EDGE_LOOP('',(#1158,#1159,#1160,#1166));
#1168=FACE_BOUND('',#1167,.T.);
#1169=ADVANCED_FACE('',(#1168),#1150,.F.);
#1170=CARTESIAN_POINT('',(-3.13,68.5,6.5));
#1171=DIRECTION('',(1.,0.,0.));
#1172=DIRECTION('',(0.,0.,-1.));
#1173=AXIS2_PLACEMENT_3D('',#1170,#1171,#1172);
#1174=PLANE('',#1173);
#1175=CARTESIAN_POINT('',(-3.13,74.5,3.5));
#1176=VERTEX_POINT('',#1175);
#1177=CARTESIAN_POINT('',(-3.13,74.5,3.5));
#1178=DIRECTION('',(0.,1.,0.));
#1179=VECTOR('',#1178,13.5);
#1180=LINE('',#1177,#1179);
#1181=EDGE_CURVE('',#1176,#202,#1180,.T.);
#1182=ORIENTED_EDGE('',*,*,#1181,.T.);
#1183=ORIENTED_EDGE('',*,*,#207,.T.);
#1184=ORIENTED_EDGE('',*,*,#1044,.T.);
#1185=ORIENTED_EDGE('',*,*,#330,.F.);
#1186=CARTESIAN_POINT('',(-3.13,85.,14.));
#1187=VERTEX_POINT('',#1186);
#1188=CARTESIAN_POINT('',(-3.13,85.,14.));
#1189=DIRECTION('',(0.,0.,-1.));
#1190=VECTOR('',#1189,1.);
#1191=LINE('',#1188,#1190);
#1192=EDGE_CURVE('',#1187,#317,#1191,.T.);
#1193=ORIENTED_EDGE('',*,*,#1192,.F.);
#1194=CARTESIAN_POINT('',(-3.13,84.5,13.5));
#1195=VERTEX_POINT('',#1194);
#1196=CARTESIAN_POINT('',(-3.13,85.,14.));
#1197=DIRECTION('',(-0.,-0.707106781,-0.707106781));
#1198=VECTOR('',#1197,0.707106781);
#1199=LINE('',#1196,#1198);
#1200=EDGE_CURVE('',#1187,#1195,#1199,.T.);
#1201=ORIENTED_EDGE('',*,*,#1200,.T.);
#1202=CARTESIAN_POINT('',(-3.13,52.5,13.5));
#1203=VERTEX_POINT('',#1202);
#1204=CARTESIAN_POINT('',(-3.13,52.5,13.5));
#1205=DIRECTION('',(0.,1.,0.));
#1206=VECTOR('',#1205,32.);
#1207=LINE('',#1204,#1206);
#1208=EDGE_CURVE('',#1203,#1195,#1207,.T.);
#1209=ORIENTED_EDGE('',*,*,#1208,.F.);
#1210=CARTESIAN_POINT('',(-3.13,52.,14.));
#1211=VERTEX_POINT('',#1210);
#1212=CARTESIAN_POINT('',(-3.13,52.5,13.5));
#1213=DIRECTION('',(-0.,-0.707106781,0.707106781));
#1214=VECTOR('',#1213,0.707106781);
#1215=LINE('',#1212,#1214);
#1216=EDGE_CURVE('',#1203,#1211,#1215,.T.);
#1217=ORIENTED_EDGE('',*,*,#1216,.T.);
#1218=CARTESIAN_POINT('',(-3.13,52.,14.));
#1219=DIRECTION('',(0.,0.,-1.));
#1220=VECTOR('',#1219,1.);
#1221=LINE('',#1218,#1220);
#1222=EDGE_CURVE('',#1211,#380,#1221,.T.);
#1223=ORIENTED_EDGE('',*,*,#1222,.T.);
#1224=ORIENTED_EDGE('',*,*,#385,.F.);
#1225=ORIENTED_EDGE('',*,*,#1157,.F.);
#1226=CARTESIAN_POINT('',(-3.13,62.5,3.5));
#1227=VERTEX_POINT('',#1226);
#1228=CARTESIAN_POINT('',(-3.13,48.917867966,3.5));
#1229=DIRECTION('',(0.,1.,0.));
#1230=VECTOR('',#1229,13.582132034);
#1231=LINE('',#1228,#1230);
#1232=EDGE_CURVE('',#1152,#1227,#1231,.T.);
#1233=ORIENTED_EDGE('',*,*,#1232,.T.);
#1234=CARTESIAN_POINT('',(-3.13,62.5,8.45));
#1235=VERTEX_POINT('',#1234);
#1236=CARTESIAN_POINT('',(-3.13,62.5,8.45));
#1237=DIRECTION('',(0.,-0.,-1.));
#1238=VECTOR('',#1237,4.95);
#1239=LINE('',#1236,#1238);
#1240=EDGE_CURVE('',#1235,#1227,#1239,.T.);
#1241=ORIENTED_EDGE('',*,*,#1240,.F.);
#1242=CARTESIAN_POINT('',(-3.13,74.5,8.45));
#1243=VERTEX_POINT('',#1242);
#1244=CARTESIAN_POINT('',(-3.13,62.5,8.45));
#1245=DIRECTION('',(0.,1.,0.));
#1246=VECTOR('',#1245,12.);
#1247=LINE('',#1244,#1246);
#1248=EDGE_CURVE('',#1235,#1243,#1247,.T.);
#1249=ORIENTED_EDGE('',*,*,#1248,.T.);
#1250=CARTESIAN_POINT('',(-3.13,74.5,8.45));
#1251=DIRECTION('',(0.,-0.,-1.));
#1252=VECTOR('',#1251,4.95);
#1253=LINE('',#1250,#1252);
#1254=EDGE_CURVE('',#1243,#1176,#1253,.T.);
#1255=ORIENTED_EDGE('',*,*,#1254,.T.);
#1256=EDGE_LOOP('',(#1182,#1183,#1184,#1185,#1193,#1201,#1209,#1217,#1223,#1224,#1225,#1233,#1241,#1249,#1255));
#1257=FACE_BOUND('',#1256,.T.);
#1258=ADVANCED_FACE('',(#1257),#1174,.T.);
#1259=CARTESIAN_POINT('',(0.,50.,3.5));
#1260=DIRECTION('',(0.,0.,1.));
#1261=DIRECTION('',(1.,0.,0.));
#1262=AXIS2_PLACEMENT_3D('',#1259,#1260,#1261);
#1263=PLANE('',#1262);
#1264=ORIENTED_EDGE('',*,*,#1088,.F.);
#1265=ORIENTED_EDGE('',*,*,#215,.T.);
#1266=ORIENTED_EDGE('',*,*,#1181,.F.);
#1267=CARTESIAN_POINT('',(-2.88,74.5,3.5));
#1268=VERTEX_POINT('',#1267);
#1269=CARTESIAN_POINT('',(-2.88,74.5,3.5));
#1270=DIRECTION('',(-1.,0.,0.));
#1271=VECTOR('',#1270,0.25);
#1272=LINE('',#1269,#1271);
#1273=EDGE_CURVE('',#1268,#1176,#1272,.T.);
#1274=ORIENTED_EDGE('',*,*,#1273,.F.);
#1275=CARTESIAN_POINT('',(-2.88,62.5,3.5));
#1276=VERTEX_POINT('',#1275);
#1277=CARTESIAN_POINT('',(-2.88,62.5,3.5));
#1278=DIRECTION('',(0.,1.,0.));
#1279=VECTOR('',#1278,12.);
#1280=LINE('',#1277,#1279);
#1281=EDGE_CURVE('',#1276,#1268,#1280,.T.);
#1282=ORIENTED_EDGE('',*,*,#1281,.F.);
#1283=CARTESIAN_POINT('',(-2.88,62.5,3.5));
#1284=DIRECTION('',(-1.,0.,0.));
#1285=VECTOR('',#1284,0.25);
#1286=LINE('',#1283,#1285);
#1287=EDGE_CURVE('',#1276,#1227,#1286,.T.);
#1288=ORIENTED_EDGE('',*,*,#1287,.T.);
#1289=ORIENTED_EDGE('',*,*,#1232,.F.);
#1290=ORIENTED_EDGE('',*,*,#1165,.T.);
#1291=ORIENTED_EDGE('',*,*,#543,.F.);
#1292=ORIENTED_EDGE('',*,*,#1023,.T.);
#1293=ORIENTED_EDGE('',*,*,#713,.T.);
#1294=ORIENTED_EDGE('',*,*,#1133,.T.);
#1295=EDGE_LOOP('',(#1264,#1265,#1266,#1274,#1282,#1288,#1289,#1290,#1291,#1292,#1293,#1294));
#1296=FACE_BOUND('',#1295,.T.);
#1297=ADVANCED_FACE('',(#1296),#1263,.F.);
#1298=CARTESIAN_POINT('',(0.,50.,13.5));
#1299=DIRECTION('',(0.,0.,1.));
#1300=DIRECTION('',(1.,0.,0.));
#1301=AXIS2_PLACEMENT_3D('',#1298,#1299,#1300);
#1302=PLANE('',#1301);
#1303=ORIENTED_EDGE('',*,*,#1112,.F.);
#1304=CARTESIAN_POINT('',(-5.,52.5,13.5));
#1305=DIRECTION('',(1.,0.,-0.));
#1306=VECTOR('',#1305,1.87);
#1307=LINE('',#1304,#1306);
#1308=EDGE_CURVE('',#1099,#1203,#1307,.T.);
#1309=ORIENTED_EDGE('',*,*,#1308,.T.);
#1310=ORIENTED_EDGE('',*,*,#1208,.T.);
#1311=CARTESIAN_POINT('',(-3.13,84.5,13.5));
#1312=DIRECTION('',(-1.,0.,0.));
#1313=VECTOR('',#1312,1.87);
#1314=LINE('',#1311,#1313);
#1315=EDGE_CURVE('',#1195,#1107,#1314,.T.);
#1316=ORIENTED_EDGE('',*,*,#1315,.T.);
#1317=EDGE_LOOP('',(#1303,#1309,#1310,#1316));
#1318=FACE_BOUND('',#1317,.T.);
#1319=ADVANCED_FACE('',(#1318),#1302,.T.);
#1320=CARTESIAN_POINT('',(8.,85.,15.5));
#1321=DIRECTION('',(0.,-1.,0.));
#1322=DIRECTION('',(0.,0.,-1.));
#1323=AXIS2_PLACEMENT_3D('',#1320,#1321,#1322);
#1324=PLANE('',#1323);
#1325=CARTESIAN_POINT('',(23.,85.,14.));
#1326=VERTEX_POINT('',#1325);
#1327=CARTESIAN_POINT('',(23.,85.,14.));
#1328=DIRECTION('',(-1.,0.,0.));
#1329=VECTOR('',#1328,26.13);
#1330=LINE('',#1327,#1329);
#1331=EDGE_CURVE('',#1326,#1187,#1330,.T.);
#1332=ORIENTED_EDGE('',*,*,#1331,.T.);
#1333=ORIENTED_EDGE('',*,*,#1192,.T.);
#1334=ORIENTED_EDGE('',*,*,#322,.F.);
#1335=CARTESIAN_POINT('',(23.,85.,13.));
#1336=DIRECTION('',(0.,0.,1.));
#1337=VECTOR('',#1336,1.);
#1338=LINE('',#1335,#1337);
#1339=EDGE_CURVE('',#308,#1326,#1338,.T.);
#1340=ORIENTED_EDGE('',*,*,#1339,.T.);
#1341=EDGE_LOOP('',(#1332,#1333,#1334,#1340));
#1342=FACE_BOUND('',#1341,.T.);
#1343=ADVANCED_FACE('',(#1342),#1324,.T.);
#1344=CARTESIAN_POINT('',(19.,69.,15.5));
#1345=DIRECTION('',(-1.,0.,0.));
#1346=DIRECTION('',(0.,0.,1.));
#1347=AXIS2_PLACEMENT_3D('',#1344,#1345,#1346);
#1348=PLANE('',#1347);
#1349=CARTESIAN_POINT('',(19.,54.,14.));
#1350=VERTEX_POINT('',#1349);
#1351=CARTESIAN_POINT('',(19.,54.,13.));
#1352=DIRECTION('',(-0.,-0.,1.));
#1353=VECTOR('',#1352,1.);
#1354=LINE('',#1351,#1353);
#1355=EDGE_CURVE('',#264,#1350,#1354,.T.);
#1356=ORIENTED_EDGE('',*,*,#1355,.T.);
#1357=CARTESIAN_POINT('',(19.,67.958688877,14.));
#1358=VERTEX_POINT('',#1357);
#1359=CARTESIAN_POINT('',(19.,54.,14.));
#1360=DIRECTION('',(0.,1.,0.));
#1361=VECTOR('',#1360,13.958688877);
#1362=LINE('',#1359,#1361);
#1363=EDGE_CURVE('',#1350,#1358,#1362,.T.);
#1364=ORIENTED_EDGE('',*,*,#1363,.T.);
#1365=CARTESIAN_POINT('',(19.,67.958688877,14.));
#1366=DIRECTION('',(-0.,-0.,-1.));
#1367=VECTOR('',#1366,1.);
#1368=LINE('',#1365,#1367);
#1369=EDGE_CURVE('',#1358,#266,#1368,.T.);
#1370=ORIENTED_EDGE('',*,*,#1369,.T.);
#1371=ORIENTED_EDGE('',*,*,#271,.F.);
#1372=EDGE_LOOP('',(#1356,#1364,#1370,#1371));
#1373=FACE_BOUND('',#1372,.T.);
#1374=ADVANCED_FACE('',(#1373),#1348,.T.);
#1375=CARTESIAN_POINT('',(8.,52.,15.5));
#1376=DIRECTION('',(0.,1.,0.));
#1377=DIRECTION('',(0.,0.,1.));
#1378=AXIS2_PLACEMENT_3D('',#1375,#1376,#1377);
#1379=PLANE('',#1378);
#1380=ORIENTED_EDGE('',*,*,#1222,.F.);
#1381=CARTESIAN_POINT('',(17.,52.,14.));
#1382=VERTEX_POINT('',#1381);
#1383=CARTESIAN_POINT('',(-3.13,52.,14.));
#1384=DIRECTION('',(1.,0.,-0.));
#1385=VECTOR('',#1384,20.13);
#1386=LINE('',#1383,#1385);
#1387=EDGE_CURVE('',#1211,#1382,#1386,.T.);
#1388=ORIENTED_EDGE('',*,*,#1387,.T.);
#1389=CARTESIAN_POINT('',(17.,52.,14.));
#1390=DIRECTION('',(0.,0.,-1.));
#1391=VECTOR('',#1390,1.);
#1392=LINE('',#1389,#1391);
#1393=EDGE_CURVE('',#1382,#388,#1392,.T.);
#1394=ORIENTED_EDGE('',*,*,#1393,.T.);
#1395=ORIENTED_EDGE('',*,*,#393,.F.);
#1396=EDGE_LOOP('',(#1380,#1388,#1394,#1395));
#1397=FACE_BOUND('',#1396,.T.);
#1398=ADVANCED_FACE('',(#1397),#1379,.T.);
#1399=CARTESIAN_POINT('',(0.,50.,15.));
#1400=DIRECTION('',(0.,0.,1.));
#1401=DIRECTION('',(1.,0.,0.));
#1402=AXIS2_PLACEMENT_3D('',#1399,#1400,#1401);
#1403=PLANE('',#1402);
#1404=CARTESIAN_POINT('',(20.085786438,46.,15.));
#1405=VERTEX_POINT('',#1404);
#1406=CARTESIAN_POINT('',(20.085786438,46.5,15.));
#1407=VERTEX_POINT('',#1406);
#1408=CARTESIAN_POINT('',(20.085786438,46.,15.));
#1409=DIRECTION('',(0.,1.,0.));
#1410=VECTOR('',#1409,0.5);
#1411=LINE('',#1408,#1410);
#1412=EDGE_CURVE('',#1405,#1407,#1411,.T.);
#1413=ORIENTED_EDGE('',*,*,#1412,.T.);
#1414=CARTESIAN_POINT('',(40.207106781,46.5,15.));
#1415=VERTEX_POINT('',#1414);
#1416=CARTESIAN_POINT('',(40.207106781,46.5,15.));
#1417=DIRECTION('',(-1.,-0.,0.));
#1418=VECTOR('',#1417,20.121320344);
#1419=LINE('',#1416,#1418);
#1420=EDGE_CURVE('',#1415,#1407,#1419,.T.);
#1421=ORIENTED_EDGE('',*,*,#1420,.F.);
#1422=CARTESIAN_POINT('',(42.5,48.792893219,15.));
#1423=VERTEX_POINT('',#1422);
#1424=CARTESIAN_POINT('',(40.207106781,46.5,15.));
#1425=DIRECTION('',(0.707106781,0.707106781,0.));
#1426=VECTOR('',#1425,3.242640687);
#1427=LINE('',#1424,#1426);
#1428=EDGE_CURVE('',#1415,#1423,#1427,.T.);
#1429=ORIENTED_EDGE('',*,*,#1428,.T.);
#1430=CARTESIAN_POINT('',(42.5,88.207106781,15.));
#1431=VERTEX_POINT('',#1430);
#1432=CARTESIAN_POINT('',(42.5,88.207106781,15.));
#1433=DIRECTION('',(-0.,-1.,-0.));
#1434=VECTOR('',#1433,39.414213562);
#1435=LINE('',#1432,#1434);
#1436=EDGE_CURVE('',#1431,#1423,#1435,.T.);
#1437=ORIENTED_EDGE('',*,*,#1436,.F.);
#1438=CARTESIAN_POINT('',(40.207106781,90.5,15.));
#1439=VERTEX_POINT('',#1438);
#1440=CARTESIAN_POINT('',(42.5,88.207106781,15.));
#1441=DIRECTION('',(-0.707106781,0.707106781,0.));
#1442=VECTOR('',#1441,3.242640687);
#1443=LINE('',#1440,#1442);
#1444=EDGE_CURVE('',#1431,#1439,#1443,.T.);
#1445=ORIENTED_EDGE('',*,*,#1444,.T.);
#1446=CARTESIAN_POINT('',(20.085786438,90.5,15.));
#1447=VERTEX_POINT('',#1446);
#1448=CARTESIAN_POINT('',(20.085786438,90.5,15.));
#1449=DIRECTION('',(1.,-0.,-0.));
#1450=VECTOR('',#1449,20.121320344);
#1451=LINE('',#1448,#1450);
#1452=EDGE_CURVE('',#1447,#1439,#1451,.T.);
#1453=ORIENTED_EDGE('',*,*,#1452,.F.);
#1454=CARTESIAN_POINT('',(20.085786438,91.,15.));
#1455=VERTEX_POINT('',#1454);
#1456=CARTESIAN_POINT('',(20.085786438,90.5,15.));
#1457=DIRECTION('',(0.,1.,0.));
#1458=VECTOR('',#1457,0.5);
#1459=LINE('',#1456,#1458);
#1460=EDGE_CURVE('',#1447,#1455,#1459,.T.);
#1461=ORIENTED_EDGE('',*,*,#1460,.T.);
#1462=CARTESIAN_POINT('',(0.414213562,91.,15.));
#1463=VERTEX_POINT('',#1462);
#1464=CARTESIAN_POINT('',(20.085786438,91.,15.));
#1465=DIRECTION('',(-1.,-0.,-0.));
#1466=VECTOR('',#1465,19.671572875);
#1467=LINE('',#1464,#1466);
#1468=EDGE_CURVE('',#1455,#1463,#1467,.T.);
#1469=ORIENTED_EDGE('',*,*,#1468,.T.);
#1470=CARTESIAN_POINT('',(0.414213562,90.5,15.));
#1471=VERTEX_POINT('',#1470);
#1472=CARTESIAN_POINT('',(0.414213562,91.,15.));
#1473=DIRECTION('',(0.,-1.,0.));
#1474=VECTOR('',#1473,0.5);
#1475=LINE('',#1472,#1474);
#1476=EDGE_CURVE('',#1463,#1471,#1475,.T.);
#1477=ORIENTED_EDGE('',*,*,#1476,.T.);
#1478=CARTESIAN_POINT('',(-1.207106781,90.5,15.));
#1479=VERTEX_POINT('',#1478);
#1480=CARTESIAN_POINT('',(-1.207106781,90.5,15.));
#1481=DIRECTION('',(1.,-0.,-0.));
#1482=VECTOR('',#1481,1.621320344);
#1483=LINE('',#1480,#1482);
#1484=EDGE_CURVE('',#1479,#1471,#1483,.T.);
#1485=ORIENTED_EDGE('',*,*,#1484,.F.);
#1486=CARTESIAN_POINT('',(-3.5,88.207106781,15.));
#1487=VERTEX_POINT('',#1486);
#1488=CARTESIAN_POINT('',(-1.207106781,90.5,15.));
#1489=DIRECTION('',(-0.707106781,-0.707106781,0.));
#1490=VECTOR('',#1489,3.242640687);
#1491=LINE('',#1488,#1490);
#1492=EDGE_CURVE('',#1479,#1487,#1491,.T.);
#1493=ORIENTED_EDGE('',*,*,#1492,.T.);
#1494=CARTESIAN_POINT('',(-3.5,86.,15.));
#1495=VERTEX_POINT('',#1494);
#1496=CARTESIAN_POINT('',(-3.5,86.,15.));
#1497=DIRECTION('',(-0.,1.,-0.));
#1498=VECTOR('',#1497,2.207106781);
#1499=LINE('',#1496,#1498);
#1500=EDGE_CURVE('',#1495,#1487,#1499,.T.);
#1501=ORIENTED_EDGE('',*,*,#1500,.F.);
#1502=CARTESIAN_POINT('',(23.,86.,15.));
#1503=VERTEX_POINT('',#1502);
#1504=CARTESIAN_POINT('',(-3.5,86.,15.));
#1505=DIRECTION('',(1.,0.,-0.));
#1506=VECTOR('',#1505,26.5);
#1507=LINE('',#1504,#1506);
#1508=EDGE_CURVE('',#1495,#1503,#1507,.T.);
#1509=ORIENTED_EDGE('',*,*,#1508,.T.);
#1510=CARTESIAN_POINT('',(26.,83.,15.));
#1511=VERTEX_POINT('',#1510);
#1512=CARTESIAN_POINT('',(23.,83.,15.));
#1513=DIRECTION('',(-0.,-0.,-1.));
#1514=DIRECTION('',(1.,0.,-0.));
#1515=AXIS2_PLACEMENT_3D('',#1512,#1513,#1514);
#1516=CIRCLE('',#1515,3.);
#1517=EDGE_CURVE('',#1503,#1511,#1516,.T.);
#1518=ORIENTED_EDGE('',*,*,#1517,.T.);
#1519=CARTESIAN_POINT('',(26.,74.241311123,15.));
#1520=VERTEX_POINT('',#1519);
#1521=CARTESIAN_POINT('',(26.,83.,15.));
#1522=DIRECTION('',(0.,-1.,0.));
#1523=VECTOR('',#1522,8.758688877);
#1524=LINE('',#1521,#1523);
#1525=EDGE_CURVE('',#1511,#1520,#1524,.T.);
#1526=ORIENTED_EDGE('',*,*,#1525,.T.);
#1527=CARTESIAN_POINT('',(24.720387033,71.783615362,15.));
#1528=VERTEX_POINT('',#1527);
#1529=CARTESIAN_POINT('',(23.,74.241311123,15.));
#1530=DIRECTION('',(-0.,-0.,-1.));
#1531=DIRECTION('',(1.,0.,-0.));
#1532=AXIS2_PLACEMENT_3D('',#1529,#1530,#1531);
#1533=CIRCLE('',#1532,3.);
#1534=EDGE_CURVE('',#1520,#1528,#1533,.T.);
#1535=ORIENTED_EDGE('',*,*,#1534,.T.);
#1536=CARTESIAN_POINT('',(20.426537656,68.777920797,15.));
#1537=VERTEX_POINT('',#1536);
#1538=CARTESIAN_POINT('',(24.720387033,71.783615362,15.));
#1539=DIRECTION('',(-0.819231921,-0.573462344,0.));
#1540=VECTOR('',#1539,5.241311123);
#1541=LINE('',#1538,#1540);
#1542=EDGE_CURVE('',#1528,#1537,#1541,.T.);
#1543=ORIENTED_EDGE('',*,*,#1542,.T.);
#1544=CARTESIAN_POINT('',(20.,67.958688877,15.));
#1545=VERTEX_POINT('',#1544);
#1546=CARTESIAN_POINT('',(21.,67.958688877,15.));
#1547=DIRECTION('',(0.,0.,1.));
#1548=DIRECTION('',(1.,0.,-0.));
#1549=AXIS2_PLACEMENT_3D('',#1546,#1547,#1548);
#1550=CIRCLE('',#1549,1.);
#1551=EDGE_CURVE('',#1537,#1545,#1550,.T.);
#1552=ORIENTED_EDGE('',*,*,#1551,.T.);
#1553=CARTESIAN_POINT('',(20.,54.,15.));
#1554=VERTEX_POINT('',#1553);
#1555=CARTESIAN_POINT('',(20.,67.958688877,15.));
#1556=DIRECTION('',(0.,-1.,0.));
#1557=VECTOR('',#1556,13.958688877);
#1558=LINE('',#1555,#1557);
#1559=EDGE_CURVE('',#1545,#1554,#1558,.T.);
#1560=ORIENTED_EDGE('',*,*,#1559,.T.);
#1561=CARTESIAN_POINT('',(17.,51.,15.));
#1562=VERTEX_POINT('',#1561);
#1563=CARTESIAN_POINT('',(17.,54.,15.));
#1564=DIRECTION('',(-0.,-0.,-1.));
#1565=DIRECTION('',(1.,0.,-0.));
#1566=AXIS2_PLACEMENT_3D('',#1563,#1564,#1565);
#1567=CIRCLE('',#1566,3.);
#1568=EDGE_CURVE('',#1554,#1562,#1567,.T.);
#1569=ORIENTED_EDGE('',*,*,#1568,.T.);
#1570=CARTESIAN_POINT('',(-3.5,51.,15.));
#1571=VERTEX_POINT('',#1570);
#1572=CARTESIAN_POINT('',(17.,51.,15.));
#1573=DIRECTION('',(-1.,0.,0.));
#1574=VECTOR('',#1573,20.5);
#1575=LINE('',#1572,#1574);
#1576=EDGE_CURVE('',#1562,#1571,#1575,.T.);
#1577=ORIENTED_EDGE('',*,*,#1576,.T.);
#1578=CARTESIAN_POINT('',(-3.5,48.792893219,15.));
#1579=VERTEX_POINT('',#1578);
#1580=CARTESIAN_POINT('',(-3.5,48.792893219,15.));
#1581=DIRECTION('',(-0.,1.,-0.));
#1582=VECTOR('',#1581,2.207106781);
#1583=LINE('',#1580,#1582);
#1584=EDGE_CURVE('',#1579,#1571,#1583,.T.);
#1585=ORIENTED_EDGE('',*,*,#1584,.F.);
#1586=CARTESIAN_POINT('',(-1.207106781,46.5,15.));
#1587=VERTEX_POINT('',#1586);
#1588=CARTESIAN_POINT('',(-3.5,48.792893219,15.));
#1589=DIRECTION('',(0.707106781,-0.707106781,0.));
#1590=VECTOR('',#1589,3.242640687);
#1591=LINE('',#1588,#1590);
#1592=EDGE_CURVE('',#1579,#1587,#1591,.T.);
#1593=ORIENTED_EDGE('',*,*,#1592,.T.);
#1594=CARTESIAN_POINT('',(0.414213562,46.5,15.));
#1595=VERTEX_POINT('',#1594);
#1596=CARTESIAN_POINT('',(0.414213562,46.5,15.));
#1597=DIRECTION('',(-1.,-0.,0.));
#1598=VECTOR('',#1597,1.621320344);
#1599=LINE('',#1596,#1598);
#1600=EDGE_CURVE('',#1595,#1587,#1599,.T.);
#1601=ORIENTED_EDGE('',*,*,#1600,.F.);
#1602=CARTESIAN_POINT('',(0.414213562,46.,15.));
#1603=VERTEX_POINT('',#1602);
#1604=CARTESIAN_POINT('',(0.414213562,46.5,15.));
#1605=DIRECTION('',(0.,-1.,0.));
#1606=VECTOR('',#1605,0.5);
#1607=LINE('',#1604,#1606);
#1608=EDGE_CURVE('',#1595,#1603,#1607,.T.);
#1609=ORIENTED_EDGE('',*,*,#1608,.T.);
#1610=CARTESIAN_POINT('',(0.414213562,46.,15.));
#1611=DIRECTION('',(1.,0.,-0.));
#1612=VECTOR('',#1611,19.671572875);
#1613=LINE('',#1610,#1612);
#1614=EDGE_CURVE('',#1603,#1405,#1613,.T.);
#1615=ORIENTED_EDGE('',*,*,#1614,.T.);
#1616=EDGE_LOOP('',(#1413,#1421,#1429,#1437,#1445,#1453,#1461,#1469,#1477,#1485,#1493,#1501,#1509,#1518,#1526,#1535,#1543,#1552,#1560,#1569,#1577,#1585,#1593,#1601,#1609,#1615));
#1617=FACE_BOUND('',#1616,.T.);
#1618=ADVANCED_FACE('',(#1617),#1403,.T.);
#1619=CARTESIAN_POINT('',(0.5,91.,15.5));
#1620=DIRECTION('',(0.707106781,0.,-0.707106781));
#1621=DIRECTION('',(0.,-1.,0.));
#1622=AXIS2_PLACEMENT_3D('',#1619,#1620,#1621);
#1623=PLANE('',#1622);
#1624=CARTESIAN_POINT('',(-0.292893219,90.792893219,14.707106781));
#1625=VERTEX_POINT('',#1624);
#1626=CARTESIAN_POINT('',(-0.292893219,91.,14.707106781));
#1627=VERTEX_POINT('',#1626);
#1628=CARTESIAN_POINT('',(-0.292893219,90.792893219,14.707106781));
#1629=DIRECTION('',(-0.,1.,-0.));
#1630=VECTOR('',#1629,0.207106781);
#1631=LINE('',#1628,#1630);
#1632=EDGE_CURVE('',#1625,#1627,#1631,.T.);
#1633=ORIENTED_EDGE('',*,*,#1632,.T.);
#1634=CARTESIAN_POINT('',(-0.5,91.,14.5));
#1635=VERTEX_POINT('',#1634);
#1636=CARTESIAN_POINT('',(-0.292893219,91.,14.707106781));
#1637=DIRECTION('',(-0.707106781,-0.,-0.707106781));
#1638=VECTOR('',#1637,0.292893219);
#1639=LINE('',#1636,#1638);
#1640=EDGE_CURVE('',#1627,#1635,#1639,.T.);
#1641=ORIENTED_EDGE('',*,*,#1640,.T.);
#1642=CARTESIAN_POINT('',(-0.292893219,90.792893219,14.707106781));
#1643=DIRECTION('',(-0.577350269,0.577350269,-0.577350269));
#1644=VECTOR('',#1643,0.358719468);
#1645=LINE('',#1642,#1644);
#1646=EDGE_CURVE('',#1625,#1635,#1645,.T.);
#1647=ORIENTED_EDGE('',*,*,#1646,.F.);
#1648=EDGE_LOOP('',(#1633,#1641,#1647));
#1649=FACE_BOUND('',#1648,.T.);
#1650=ADVANCED_FACE('',(#1649),#1623,.F.);
#1651=CARTESIAN_POINT('',(0.,91.,14.5));
#1652=DIRECTION('',(0.,0.707106781,0.707106781));
#1653=DIRECTION('',(-1.,0.,0.));
#1654=AXIS2_PLACEMENT_3D('',#1651,#1652,#1653);
#1655=PLANE('',#1654);
#1656=ORIENTED_EDGE('',*,*,#1484,.T.);
#1657=CARTESIAN_POINT('',(0.414213562,91.5,14.));
#1658=DIRECTION('',(-0.,-0.707106781,-0.707106781));
#1659=DIRECTION('',(0.,0.707106781,-0.707106781));
#1660=AXIS2_PLACEMENT_3D('',#1657,#1658,#1659);
#1661=ELLIPSE('',#1660,1.414213562,1.);
#1662=EDGE_CURVE('',#1471,#1625,#1661,.T.);
#1663=ORIENTED_EDGE('',*,*,#1662,.T.);
#1664=ORIENTED_EDGE('',*,*,#1646,.T.);
#1665=CARTESIAN_POINT('',(0.914213562,91.,14.5));
#1666=DIRECTION('',(-0.,-0.707106781,-0.707106781));
#1667=DIRECTION('',(0.816496581,-0.40824829,0.40824829));
#1668=AXIS2_PLACEMENT_3D('',#1665,#1666,#1667);
#1669=ELLIPSE('',#1668,2.,1.);
#1670=EDGE_CURVE('',#1635,#936,#1669,.T.);
#1671=ORIENTED_EDGE('',*,*,#1670,.T.);
#1672=ORIENTED_EDGE('',*,*,#941,.F.);
#1673=CARTESIAN_POINT('',(-1.207106781,90.5,15.));
#1674=DIRECTION('',(-0.281084638,0.678598345,-0.678598345));
#1675=VECTOR('',#1674,2.210438637);
#1676=LINE('',#1673,#1675);
#1677=EDGE_CURVE('',#1479,#928,#1676,.T.);
#1678=ORIENTED_EDGE('',*,*,#1677,.F.);
#1679=EDGE_LOOP('',(#1656,#1663,#1664,#1671,#1672,#1678));
#1680=FACE_BOUND('',#1679,.T.);
#1681=ADVANCED_FACE('',(#1680),#1655,.T.);
#1682=CARTESIAN_POINT('',(-2.,89.,15.5));
#1683=DIRECTION('',(0.5,-0.5,-0.707106781));
#1684=DIRECTION('',(-0.707106781,-0.707106781,-0.));
#1685=AXIS2_PLACEMENT_3D('',#1682,#1683,#1684);
#1686=PLANE('',#1685);
#1687=ORIENTED_EDGE('',*,*,#1677,.T.);
#1688=ORIENTED_EDGE('',*,*,#1070,.F.);
#1689=CARTESIAN_POINT('',(-3.5,88.207106781,15.));
#1690=DIRECTION('',(-0.678598345,0.281084638,-0.678598345));
#1691=VECTOR('',#1690,2.210438637);
#1692=LINE('',#1689,#1691);
#1693=EDGE_CURVE('',#1487,#1059,#1692,.T.);
#1694=ORIENTED_EDGE('',*,*,#1693,.F.);
#1695=ORIENTED_EDGE('',*,*,#1492,.F.);
#1696=EDGE_LOOP('',(#1687,#1688,#1694,#1695));
#1697=FACE_BOUND('',#1696,.T.);
#1698=ADVANCED_FACE('',(#1697),#1686,.F.);
#1699=CARTESIAN_POINT('',(-4.,50.,14.5));
#1700=DIRECTION('',(-0.707106781,0.,0.707106781));
#1701=DIRECTION('',(0.,-1.,0.));
#1702=AXIS2_PLACEMENT_3D('',#1699,#1700,#1701);
#1703=PLANE('',#1702);
#1704=ORIENTED_EDGE('',*,*,#1118,.F.);
#1705=CARTESIAN_POINT('',(-4.5,85.,14.));
#1706=VERTEX_POINT('',#1705);
#1707=CARTESIAN_POINT('',(-5.,84.5,13.5));
#1708=DIRECTION('',(0.577350269,0.577350269,0.577350269));
#1709=VECTOR('',#1708,0.866025404);
#1710=LINE('',#1707,#1709);
#1711=EDGE_CURVE('',#1107,#1706,#1710,.T.);
#1712=ORIENTED_EDGE('',*,*,#1711,.T.);
#1713=CARTESIAN_POINT('',(-4.5,85.,14.));
#1714=DIRECTION('',(0.577350269,0.577350269,0.577350269));
#1715=VECTOR('',#1714,1.732050808);
#1716=LINE('',#1713,#1715);
#1717=EDGE_CURVE('',#1706,#1495,#1716,.T.);
#1718=ORIENTED_EDGE('',*,*,#1717,.T.);
#1719=ORIENTED_EDGE('',*,*,#1500,.T.);
#1720=ORIENTED_EDGE('',*,*,#1693,.T.);
#1721=EDGE_LOOP('',(#1704,#1712,#1718,#1719,#1720));
#1722=FACE_BOUND('',#1721,.T.);
#1723=ADVANCED_FACE('',(#1722),#1703,.T.);
#1724=CARTESIAN_POINT('',(0.5,46.,15.5));
#1725=DIRECTION('',(0.707106781,0.,-0.707106781));
#1726=DIRECTION('',(0.,-1.,0.));
#1727=AXIS2_PLACEMENT_3D('',#1724,#1725,#1726);
#1728=PLANE('',#1727);
#1729=CARTESIAN_POINT('',(-0.5,46.,14.5));
#1730=VERTEX_POINT('',#1729);
#1731=CARTESIAN_POINT('',(-0.292893219,46.207106781,14.707106781));
#1732=VERTEX_POINT('',#1731);
#1733=CARTESIAN_POINT('',(-0.5,46.,14.5));
#1734=DIRECTION('',(0.577350269,0.577350269,0.577350269));
#1735=VECTOR('',#1734,0.358719468);
#1736=LINE('',#1733,#1735);
#1737=EDGE_CURVE('',#1730,#1732,#1736,.T.);
#1738=ORIENTED_EDGE('',*,*,#1737,.F.);
#1739=CARTESIAN_POINT('',(-0.292893219,46.,14.707106781));
#1740=VERTEX_POINT('',#1739);
#1741=CARTESIAN_POINT('',(-0.5,46.,14.5));
#1742=DIRECTION('',(0.707106781,-0.,0.707106781));
#1743=VECTOR('',#1742,0.292893219);
#1744=LINE('',#1741,#1743);
#1745=EDGE_CURVE('',#1730,#1740,#1744,.T.);
#1746=ORIENTED_EDGE('',*,*,#1745,.T.);
#1747=CARTESIAN_POINT('',(-0.292893219,46.,14.707106781));
#1748=DIRECTION('',(-0.,1.,-0.));
#1749=VECTOR('',#1748,0.207106781);
#1750=LINE('',#1747,#1749);
#1751=EDGE_CURVE('',#1740,#1732,#1750,.T.);
#1752=ORIENTED_EDGE('',*,*,#1751,.T.);
#1753=EDGE_LOOP('',(#1738,#1746,#1752));
#1754=FACE_BOUND('',#1753,.T.);
#1755=ADVANCED_FACE('',(#1754),#1728,.F.);
#1756=CARTESIAN_POINT('',(0.,46.,14.5));
#1757=DIRECTION('',(0.,-0.707106781,0.707106781));
#1758=DIRECTION('',(1.,0.,0.));
#1759=AXIS2_PLACEMENT_3D('',#1756,#1757,#1758);
#1760=PLANE('',#1759);
#1761=ORIENTED_EDGE('',*,*,#697,.F.);
#1762=CARTESIAN_POINT('',(0.914213562,46.,14.5));
#1763=DIRECTION('',(0.,0.707106781,-0.707106781));
#1764=DIRECTION('',(-0.816496581,-0.40824829,-0.40824829));
#1765=AXIS2_PLACEMENT_3D('',#1762,#1763,#1764);
#1766=ELLIPSE('',#1765,2.,1.);
#1767=EDGE_CURVE('',#684,#1730,#1766,.T.);
#1768=ORIENTED_EDGE('',*,*,#1767,.T.);
#1769=ORIENTED_EDGE('',*,*,#1737,.T.);
#1770=CARTESIAN_POINT('',(0.414213562,45.5,14.));
#1771=DIRECTION('',(-0.,0.707106781,-0.707106781));
#1772=DIRECTION('',(0.,0.707106781,0.707106781));
#1773=AXIS2_PLACEMENT_3D('',#1770,#1771,#1772);
#1774=ELLIPSE('',#1773,1.414213562,1.);
#1775=EDGE_CURVE('',#1732,#1595,#1774,.T.);
#1776=ORIENTED_EDGE('',*,*,#1775,.T.);
#1777=ORIENTED_EDGE('',*,*,#1600,.T.);
#1778=CARTESIAN_POINT('',(-1.828427125,45.,13.5));
#1779=DIRECTION('',(0.281084638,0.678598345,0.678598345));
#1780=VECTOR('',#1779,2.210438637);
#1781=LINE('',#1778,#1780);
#1782=EDGE_CURVE('',#692,#1587,#1781,.T.);
#1783=ORIENTED_EDGE('',*,*,#1782,.F.);
#1784=EDGE_LOOP('',(#1761,#1768,#1769,#1776,#1777,#1783));
#1785=FACE_BOUND('',#1784,.T.);
#1786=ADVANCED_FACE('',(#1785),#1760,.T.);
#1787=CARTESIAN_POINT('',(-2.,48.,15.5));
#1788=DIRECTION('',(0.5,0.5,-0.707106781));
#1789=DIRECTION('',(0.707106781,-0.707106781,0.));
#1790=AXIS2_PLACEMENT_3D('',#1787,#1788,#1789);
#1791=PLANE('',#1790);
#1792=ORIENTED_EDGE('',*,*,#1782,.T.);
#1793=ORIENTED_EDGE('',*,*,#1592,.F.);
#1794=CARTESIAN_POINT('',(-5.,48.171572875,13.5));
#1795=DIRECTION('',(0.678598345,0.281084638,0.678598345));
#1796=VECTOR('',#1795,2.210438637);
#1797=LINE('',#1794,#1796);
#1798=EDGE_CURVE('',#1091,#1579,#1797,.T.);
#1799=ORIENTED_EDGE('',*,*,#1798,.F.);
#1800=ORIENTED_EDGE('',*,*,#1140,.F.);
#1801=EDGE_LOOP('',(#1792,#1793,#1799,#1800));
#1802=FACE_BOUND('',#1801,.T.);
#1803=ADVANCED_FACE('',(#1802),#1791,.F.);
#1804=CARTESIAN_POINT('',(-4.,50.,14.5));
#1805=DIRECTION('',(-0.707106781,0.,0.707106781));
#1806=DIRECTION('',(0.,-1.,0.));
#1807=AXIS2_PLACEMENT_3D('',#1804,#1805,#1806);
#1808=PLANE('',#1807);
#1809=ORIENTED_EDGE('',*,*,#1584,.T.);
#1810=CARTESIAN_POINT('',(-4.5,52.,14.));
#1811=VERTEX_POINT('',#1810);
#1812=CARTESIAN_POINT('',(-3.5,51.,15.));
#1813=DIRECTION('',(-0.577350269,0.577350269,-0.577350269));
#1814=VECTOR('',#1813,1.732050808);
#1815=LINE('',#1812,#1814);
#1816=EDGE_CURVE('',#1571,#1811,#1815,.T.);
#1817=ORIENTED_EDGE('',*,*,#1816,.T.);
#1818=CARTESIAN_POINT('',(-4.5,52.,14.));
#1819=DIRECTION('',(-0.577350269,0.577350269,-0.577350269));
#1820=VECTOR('',#1819,0.866025404);
#1821=LINE('',#1818,#1820);
#1822=EDGE_CURVE('',#1811,#1099,#1821,.T.);
#1823=ORIENTED_EDGE('',*,*,#1822,.T.);
#1824=ORIENTED_EDGE('',*,*,#1104,.F.);
#1825=ORIENTED_EDGE('',*,*,#1798,.T.);
#1826=EDGE_LOOP('',(#1809,#1817,#1823,#1824,#1825));
#1827=FACE_BOUND('',#1826,.T.);
#1828=ADVANCED_FACE('',(#1827),#1808,.T.);
#1829=CARTESIAN_POINT('',(21.,50.,14.5));
#1830=DIRECTION('',(0.707106781,0.,0.707106781));
#1831=DIRECTION('',(0.,1.,0.));
#1832=AXIS2_PLACEMENT_3D('',#1829,#1830,#1831);
#1833=PLANE('',#1832);
#1834=CARTESIAN_POINT('',(20.792893219,46.207106781,14.707106781));
#1835=VERTEX_POINT('',#1834);
#1836=CARTESIAN_POINT('',(20.792893219,46.,14.707106781));
#1837=VERTEX_POINT('',#1836);
#1838=CARTESIAN_POINT('',(20.792893219,46.207106781,14.707106781));
#1839=DIRECTION('',(0.,-1.,0.));
#1840=VECTOR('',#1839,0.207106781);
#1841=LINE('',#1838,#1840);
#1842=EDGE_CURVE('',#1835,#1837,#1841,.T.);
#1843=ORIENTED_EDGE('',*,*,#1842,.T.);
#1844=CARTESIAN_POINT('',(21.,46.,14.5));
#1845=VERTEX_POINT('',#1844);
#1846=CARTESIAN_POINT('',(20.792893219,46.,14.707106781));
#1847=DIRECTION('',(0.707106781,-0.,-0.707106781));
#1848=VECTOR('',#1847,0.292893219);
#1849=LINE('',#1846,#1848);
#1850=EDGE_CURVE('',#1837,#1845,#1849,.T.);
#1851=ORIENTED_EDGE('',*,*,#1850,.T.);
#1852=CARTESIAN_POINT('',(20.792893219,46.207106781,14.707106781));
#1853=DIRECTION('',(0.577350269,-0.577350269,-0.577350269));
#1854=VECTOR('',#1853,0.358719468);
#1855=LINE('',#1852,#1854);
#1856=EDGE_CURVE('',#1835,#1845,#1855,.T.);
#1857=ORIENTED_EDGE('',*,*,#1856,.F.);
#1858=EDGE_LOOP('',(#1843,#1851,#1857));
#1859=FACE_BOUND('',#1858,.T.);
#1860=ADVANCED_FACE('',(#1859),#1833,.T.);
#1861=CARTESIAN_POINT('',(0.,46.,14.5));
#1862=DIRECTION('',(0.,-0.707106781,0.707106781));
#1863=DIRECTION('',(1.,0.,0.));
#1864=AXIS2_PLACEMENT_3D('',#1861,#1862,#1863);
#1865=PLANE('',#1864);
#1866=ORIENTED_EDGE('',*,*,#1420,.T.);
#1867=CARTESIAN_POINT('',(20.085786438,45.5,14.));
#1868=DIRECTION('',(-0.,0.707106781,-0.707106781));
#1869=DIRECTION('',(0.,-0.707106781,-0.707106781));
#1870=AXIS2_PLACEMENT_3D('',#1867,#1868,#1869);
#1871=ELLIPSE('',#1870,1.414213562,1.);
#1872=EDGE_CURVE('',#1407,#1835,#1871,.T.);
#1873=ORIENTED_EDGE('',*,*,#1872,.T.);
#1874=ORIENTED_EDGE('',*,*,#1856,.T.);
#1875=CARTESIAN_POINT('',(19.585786438,46.,14.5));
#1876=DIRECTION('',(0.,0.707106781,-0.707106781));
#1877=DIRECTION('',(0.816496581,-0.40824829,-0.40824829));
#1878=AXIS2_PLACEMENT_3D('',#1875,#1876,#1877);
#1879=ELLIPSE('',#1878,2.,1.);
#1880=EDGE_CURVE('',#1845,#660,#1879,.T.);
#1881=ORIENTED_EDGE('',*,*,#1880,.T.);
#1882=ORIENTED_EDGE('',*,*,#665,.F.);
#1883=CARTESIAN_POINT('',(40.207106781,46.5,15.));
#1884=DIRECTION('',(0.281084638,-0.678598345,-0.678598345));
#1885=VECTOR('',#1884,2.210438637);
#1886=LINE('',#1883,#1885);
#1887=EDGE_CURVE('',#1415,#652,#1886,.T.);
#1888=ORIENTED_EDGE('',*,*,#1887,.F.);
#1889=EDGE_LOOP('',(#1866,#1873,#1874,#1881,#1882,#1888));
#1890=FACE_BOUND('',#1889,.T.);
#1891=ADVANCED_FACE('',(#1890),#1865,.T.);
#1892=CARTESIAN_POINT('',(41.,48.,15.5));
#1893=DIRECTION('',(-0.5,0.5,-0.707106781));
#1894=DIRECTION('',(0.707106781,0.707106781,-0.));
#1895=AXIS2_PLACEMENT_3D('',#1892,#1893,#1894);
#1896=PLANE('',#1895);
#1897=ORIENTED_EDGE('',*,*,#1887,.T.);
#1898=ORIENTED_EDGE('',*,*,#781,.F.);
#1899=CARTESIAN_POINT('',(42.5,48.792893219,15.));
#1900=DIRECTION('',(0.678598345,-0.281084638,-0.678598345));
#1901=VECTOR('',#1900,2.210438637);
#1902=LINE('',#1899,#1901);
#1903=EDGE_CURVE('',#1423,#770,#1902,.T.);
#1904=ORIENTED_EDGE('',*,*,#1903,.F.);
#1905=ORIENTED_EDGE('',*,*,#1428,.F.);
#1906=EDGE_LOOP('',(#1897,#1898,#1904,#1905));
#1907=FACE_BOUND('',#1906,.T.);
#1908=ADVANCED_FACE('',(#1907),#1896,.F.);
#1909=CARTESIAN_POINT('',(43.,50.,14.5));
#1910=DIRECTION('',(0.707106781,0.,0.707106781));
#1911=DIRECTION('',(0.,1.,0.));
#1912=AXIS2_PLACEMENT_3D('',#1909,#1910,#1911);
#1913=PLANE('',#1912);
#1914=ORIENTED_EDGE('',*,*,#1903,.T.);
#1915=ORIENTED_EDGE('',*,*,#829,.F.);
#1916=CARTESIAN_POINT('',(42.5,88.207106781,15.));
#1917=DIRECTION('',(0.678598345,0.281084638,-0.678598345));
#1918=VECTOR('',#1917,2.210438637);
#1919=LINE('',#1916,#1918);
#1920=EDGE_CURVE('',#1431,#818,#1919,.T.);
#1921=ORIENTED_EDGE('',*,*,#1920,.F.);
#1922=ORIENTED_EDGE('',*,*,#1436,.T.);
#1923=EDGE_LOOP('',(#1914,#1915,#1921,#1922));
#1924=FACE_BOUND('',#1923,.T.);
#1925=ADVANCED_FACE('',(#1924),#1913,.T.);
#1926=CARTESIAN_POINT('',(41.,89.,15.5));
#1927=DIRECTION('',(-0.5,-0.5,-0.707106781));
#1928=DIRECTION('',(-0.707106781,0.707106781,0.));
#1929=AXIS2_PLACEMENT_3D('',#1926,#1927,#1928);
#1930=PLANE('',#1929);
#1931=ORIENTED_EDGE('',*,*,#1920,.T.);
#1932=ORIENTED_EDGE('',*,*,#883,.F.);
#1933=CARTESIAN_POINT('',(40.207106781,90.5,15.));
#1934=DIRECTION('',(0.281084638,0.678598345,-0.678598345));
#1935=VECTOR('',#1934,2.210438637);
#1936=LINE('',#1933,#1935);
#1937=EDGE_CURVE('',#1439,#872,#1936,.T.);
#1938=ORIENTED_EDGE('',*,*,#1937,.F.);
#1939=ORIENTED_EDGE('',*,*,#1444,.F.);
#1940=EDGE_LOOP('',(#1931,#1932,#1938,#1939));
#1941=FACE_BOUND('',#1940,.T.);
#1942=ADVANCED_FACE('',(#1941),#1930,.F.);
#1943=CARTESIAN_POINT('',(0.,91.,14.5));
#1944=DIRECTION('',(0.,0.707106781,0.707106781));
#1945=DIRECTION('',(-1.,0.,0.));
#1946=AXIS2_PLACEMENT_3D('',#1943,#1944,#1945);
#1947=PLANE('',#1946);
#1948=ORIENTED_EDGE('',*,*,#1937,.T.);
#1949=ORIENTED_EDGE('',*,*,#971,.F.);
#1950=CARTESIAN_POINT('',(21.,91.,14.5));
#1951=VERTEX_POINT('',#1950);
#1952=CARTESIAN_POINT('',(19.585786438,91.,14.5));
#1953=DIRECTION('',(-0.,-0.707106781,-0.707106781));
#1954=DIRECTION('',(-0.816496581,-0.40824829,0.40824829));
#1955=AXIS2_PLACEMENT_3D('',#1952,#1953,#1954);
#1956=ELLIPSE('',#1955,2.,1.);
#1957=EDGE_CURVE('',#960,#1951,#1956,.T.);
#1958=ORIENTED_EDGE('',*,*,#1957,.T.);
#1959=CARTESIAN_POINT('',(20.792893219,90.792893219,14.707106781));
#1960=VERTEX_POINT('',#1959);
#1961=CARTESIAN_POINT('',(20.792893219,90.792893219,14.707106781));
#1962=DIRECTION('',(0.577350269,0.577350269,-0.577350269));
#1963=VECTOR('',#1962,0.358719468);
#1964=LINE('',#1961,#1963);
#1965=EDGE_CURVE('',#1960,#1951,#1964,.T.);
#1966=ORIENTED_EDGE('',*,*,#1965,.F.);
#1967=CARTESIAN_POINT('',(20.085786438,91.5,14.));
#1968=DIRECTION('',(-0.,-0.707106781,-0.707106781));
#1969=DIRECTION('',(0.,-0.707106781,0.707106781));
#1970=AXIS2_PLACEMENT_3D('',#1967,#1968,#1969);
#1971=ELLIPSE('',#1970,1.414213562,1.);
#1972=EDGE_CURVE('',#1960,#1447,#1971,.T.);
#1973=ORIENTED_EDGE('',*,*,#1972,.T.);
#1974=ORIENTED_EDGE('',*,*,#1452,.T.);
#1975=EDGE_LOOP('',(#1948,#1949,#1958,#1966,#1973,#1974));
#1976=FACE_BOUND('',#1975,.T.);
#1977=ADVANCED_FACE('',(#1976),#1947,.T.);
#1978=CARTESIAN_POINT('',(21.,50.,14.5));
#1979=DIRECTION('',(0.707106781,0.,0.707106781));
#1980=DIRECTION('',(0.,1.,0.));
#1981=AXIS2_PLACEMENT_3D('',#1978,#1979,#1980);
#1982=PLANE('',#1981);
#1983=ORIENTED_EDGE('',*,*,#1965,.T.);
#1984=CARTESIAN_POINT('',(20.792893219,91.,14.707106781));
#1985=VERTEX_POINT('',#1984);
#1986=CARTESIAN_POINT('',(21.,91.,14.5));
#1987=DIRECTION('',(-0.707106781,-0.,0.707106781));
#1988=VECTOR('',#1987,0.292893219);
#1989=LINE('',#1986,#1988);
#1990=EDGE_CURVE('',#1951,#1985,#1989,.T.);
#1991=ORIENTED_EDGE('',*,*,#1990,.T.);
#1992=CARTESIAN_POINT('',(20.792893219,91.,14.707106781));
#1993=DIRECTION('',(0.,-1.,0.));
#1994=VECTOR('',#1993,0.207106781);
#1995=LINE('',#1992,#1994);
#1996=EDGE_CURVE('',#1985,#1960,#1995,.T.);
#1997=ORIENTED_EDGE('',*,*,#1996,.T.);
#1998=EDGE_LOOP('',(#1983,#1991,#1997));
#1999=FACE_BOUND('',#1998,.T.);
#2000=ADVANCED_FACE('',(#1999),#1982,.T.);
#2001=CARTESIAN_POINT('',(24.,72.5,13.));
#2002=DIRECTION('',(0.573462344,-0.819231921,0.));
#2003=DIRECTION('',(0.819231921,0.573462344,0.));
#2004=AXIS2_PLACEMENT_3D('',#2001,#2002,#2003);
#2005=PLANE('',#2004);
#2006=CARTESIAN_POINT('',(19.853075311,69.597152718,14.));
#2007=VERTEX_POINT('',#2006);
#2008=CARTESIAN_POINT('',(19.853075311,69.597152718,13.));
#2009=DIRECTION('',(0.,0.,1.));
#2010=VECTOR('',#2009,1.);
#2011=LINE('',#2008,#2010);
#2012=EDGE_CURVE('',#274,#2007,#2011,.T.);
#2013=ORIENTED_EDGE('',*,*,#2012,.T.);
#2014=CARTESIAN_POINT('',(24.146924689,72.602847282,14.));
#2015=VERTEX_POINT('',#2014);
#2016=CARTESIAN_POINT('',(19.853075311,69.597152718,14.));
#2017=DIRECTION('',(0.819231921,0.573462344,0.));
#2018=VECTOR('',#2017,5.241311123);
#2019=LINE('',#2016,#2018);
#2020=EDGE_CURVE('',#2007,#2015,#2019,.T.);
#2021=ORIENTED_EDGE('',*,*,#2020,.T.);
#2022=CARTESIAN_POINT('',(24.146924689,72.602847282,14.));
#2023=DIRECTION('',(-0.,-0.,-1.));
#2024=VECTOR('',#2023,1.);
#2025=LINE('',#2022,#2024);
#2026=EDGE_CURVE('',#2015,#283,#2025,.T.);
#2027=ORIENTED_EDGE('',*,*,#2026,.T.);
#2028=ORIENTED_EDGE('',*,*,#288,.F.);
#2029=EDGE_LOOP('',(#2013,#2021,#2027,#2028));
#2030=FACE_BOUND('',#2029,.T.);
#2031=ADVANCED_FACE('',(#2030),#2005,.F.);
#2032=CARTESIAN_POINT('',(25.,80.,13.));
#2033=DIRECTION('',(-1.,0.,0.));
#2034=DIRECTION('',(0.,0.,1.));
#2035=AXIS2_PLACEMENT_3D('',#2032,#2033,#2034);
#2036=PLANE('',#2035);
#2037=CARTESIAN_POINT('',(25.,74.241311123,14.));
#2038=VERTEX_POINT('',#2037);
#2039=CARTESIAN_POINT('',(25.,74.241311123,13.));
#2040=DIRECTION('',(0.,0.,1.));
#2041=VECTOR('',#2040,1.);
#2042=LINE('',#2039,#2041);
#2043=EDGE_CURVE('',#291,#2038,#2042,.T.);
#2044=ORIENTED_EDGE('',*,*,#2043,.T.);
#2045=CARTESIAN_POINT('',(25.,83.,14.));
#2046=VERTEX_POINT('',#2045);
#2047=CARTESIAN_POINT('',(25.,74.241311123,14.));
#2048=DIRECTION('',(0.,1.,0.));
#2049=VECTOR('',#2048,8.758688877);
#2050=LINE('',#2047,#2049);
#2051=EDGE_CURVE('',#2038,#2046,#2050,.T.);
#2052=ORIENTED_EDGE('',*,*,#2051,.T.);
#2053=CARTESIAN_POINT('',(25.,83.,14.));
#2054=DIRECTION('',(-0.,-0.,-1.));
#2055=VECTOR('',#2054,1.);
#2056=LINE('',#2053,#2055);
#2057=EDGE_CURVE('',#2046,#300,#2056,.T.);
#2058=ORIENTED_EDGE('',*,*,#2057,.T.);
#2059=ORIENTED_EDGE('',*,*,#305,.T.);
#2060=EDGE_LOOP('',(#2044,#2052,#2058,#2059));
#2061=FACE_BOUND('',#2060,.T.);
#2062=ADVANCED_FACE('',(#2061),#2036,.T.);
#2063=CARTESIAN_POINT('',(0.,50.,11.));
#2064=DIRECTION('',(0.,0.,-1.));
#2065=DIRECTION('',(-1.,0.,0.));
#2066=AXIS2_PLACEMENT_3D('',#2063,#2064,#2065);
#2067=PLANE('',#2066);
#2068=ORIENTED_EDGE('',*,*,#737,.F.);
#2069=CARTESIAN_POINT('',(1.5,45.,11.));
#2070=DIRECTION('',(0.,1.,0.));
#2071=VECTOR('',#2070,1.87);
#2072=LINE('',#2069,#2071);
#2073=EDGE_CURVE('',#724,#514,#2072,.T.);
#2074=ORIENTED_EDGE('',*,*,#2073,.T.);
#2075=ORIENTED_EDGE('',*,*,#519,.F.);
#2076=CARTESIAN_POINT('',(19.,46.87,11.));
#2077=DIRECTION('',(0.,-1.,0.));
#2078=VECTOR('',#2077,1.87);
#2079=LINE('',#2076,#2078);
#2080=EDGE_CURVE('',#506,#732,#2079,.T.);
#2081=ORIENTED_EDGE('',*,*,#2080,.T.);
#2082=EDGE_LOOP('',(#2068,#2074,#2075,#2081));
#2083=FACE_BOUND('',#2082,.T.);
#2084=ADVANCED_FACE('',(#2083),#2067,.T.);
#2085=CARTESIAN_POINT('',(0.,50.,11.));
#2086=DIRECTION('',(0.,0.,-1.));
#2087=DIRECTION('',(-1.,0.,0.));
#2088=AXIS2_PLACEMENT_3D('',#2085,#2086,#2087);
#2089=PLANE('',#2088);
#2090=ORIENTED_EDGE('',*,*,#464,.T.);
#2091=CARTESIAN_POINT('',(1.5,90.13,11.));
#2092=DIRECTION('',(0.,1.,0.));
#2093=VECTOR('',#2092,1.87);
#2094=LINE('',#2091,#2093);
#2095=EDGE_CURVE('',#451,#905,#2094,.T.);
#2096=ORIENTED_EDGE('',*,*,#2095,.T.);
#2097=ORIENTED_EDGE('',*,*,#910,.T.);
#2098=CARTESIAN_POINT('',(19.,92.,11.));
#2099=DIRECTION('',(0.,-1.,0.));
#2100=VECTOR('',#2099,1.87);
#2101=LINE('',#2098,#2100);
#2102=EDGE_CURVE('',#897,#459,#2101,.T.);
#2103=ORIENTED_EDGE('',*,*,#2102,.T.);
#2104=EDGE_LOOP('',(#2090,#2096,#2097,#2103));
#2105=FACE_BOUND('',#2104,.T.);
#2106=ADVANCED_FACE('',(#2105),#2089,.T.);
#2107=CARTESIAN_POINT('',(0.5,91.,10.));
#2108=DIRECTION('',(-0.707106781,0.,0.707106781));
#2109=DIRECTION('',(0.,-1.,0.));
#2110=AXIS2_PLACEMENT_3D('',#2107,#2108,#2109);
#2111=PLANE('',#2110);
#2112=ORIENTED_EDGE('',*,*,#918,.F.);
#2113=ORIENTED_EDGE('',*,*,#2095,.F.);
#2114=ORIENTED_EDGE('',*,*,#456,.F.);
#2115=ORIENTED_EDGE('',*,*,#1008,.F.);
#2116=EDGE_LOOP('',(#2112,#2113,#2114,#2115));
#2117=FACE_BOUND('',#2116,.T.);
#2118=ADVANCED_FACE('',(#2117),#2111,.F.);
#2119=CARTESIAN_POINT('',(19.,50.,11.));
#2120=DIRECTION('',(-0.707106781,0.,-0.707106781));
#2121=DIRECTION('',(0.,1.,0.));
#2122=AXIS2_PLACEMENT_3D('',#2119,#2120,#2121);
#2123=PLANE('',#2122);
#2124=ORIENTED_EDGE('',*,*,#902,.F.);
#2125=ORIENTED_EDGE('',*,*,#431,.F.);
#2126=ORIENTED_EDGE('',*,*,#470,.F.);
#2127=ORIENTED_EDGE('',*,*,#2102,.F.);
#2128=EDGE_LOOP('',(#2124,#2125,#2126,#2127));
#2129=FACE_BOUND('',#2128,.T.);
#2130=ADVANCED_FACE('',(#2129),#2123,.T.);
#2131=CARTESIAN_POINT('',(0.5,46.,10.));
#2132=DIRECTION('',(-0.707106781,0.,0.707106781));
#2133=DIRECTION('',(0.,-1.,0.));
#2134=AXIS2_PLACEMENT_3D('',#2131,#2132,#2133);
#2135=PLANE('',#2134);
#2136=ORIENTED_EDGE('',*,*,#527,.F.);
#2137=ORIENTED_EDGE('',*,*,#2073,.F.);
#2138=ORIENTED_EDGE('',*,*,#729,.F.);
#2139=ORIENTED_EDGE('',*,*,#1030,.F.);
#2140=EDGE_LOOP('',(#2136,#2137,#2138,#2139));
#2141=FACE_BOUND('',#2140,.T.);
#2142=ADVANCED_FACE('',(#2141),#2135,.F.);
#2143=CARTESIAN_POINT('',(19.,50.,11.));
#2144=DIRECTION('',(-0.707106781,0.,-0.707106781));
#2145=DIRECTION('',(0.,1.,0.));
#2146=AXIS2_PLACEMENT_3D('',#2143,#2144,#2145);
#2147=PLANE('',#2146);
#2148=ORIENTED_EDGE('',*,*,#511,.F.);
#2149=ORIENTED_EDGE('',*,*,#594,.F.);
#2150=ORIENTED_EDGE('',*,*,#743,.F.);
#2151=ORIENTED_EDGE('',*,*,#2080,.F.);
#2152=EDGE_LOOP('',(#2148,#2149,#2150,#2151));
#2153=FACE_BOUND('',#2152,.T.);
#2154=ADVANCED_FACE('',(#2153),#2147,.T.);
#2155=CARTESIAN_POINT('',(23.,83.,15.5));
#2156=DIRECTION('',(0.,0.,-1.));
#2157=DIRECTION('',(-1.,0.,0.));
#2158=AXIS2_PLACEMENT_3D('',#2155,#2156,#2157);
#2159=CYLINDRICAL_SURFACE('',#2158,2.);
#2160=ORIENTED_EDGE('',*,*,#2057,.F.);
#2161=CARTESIAN_POINT('',(23.,83.,14.));
#2162=DIRECTION('',(0.,0.,1.));
#2163=DIRECTION('',(1.,0.,-0.));
#2164=AXIS2_PLACEMENT_3D('',#2161,#2162,#2163);
#2165=CIRCLE('',#2164,2.);
#2166=EDGE_CURVE('',#2046,#1326,#2165,.T.);
#2167=ORIENTED_EDGE('',*,*,#2166,.T.);
#2168=ORIENTED_EDGE('',*,*,#1339,.F.);
#2169=ORIENTED_EDGE('',*,*,#314,.F.);
#2170=EDGE_LOOP('',(#2160,#2167,#2168,#2169));
#2171=FACE_BOUND('',#2170,.T.);
#2172=ADVANCED_FACE('',(#2171),#2159,.F.);
#2173=CARTESIAN_POINT('',(23.,74.241311123,13.));
#2174=DIRECTION('',(0.,0.,1.));
#2175=DIRECTION('',(1.,0.,-0.));
#2176=AXIS2_PLACEMENT_3D('',#2173,#2174,#2175);
#2177=CYLINDRICAL_SURFACE('',#2176,2.);
#2178=ORIENTED_EDGE('',*,*,#2026,.F.);
#2179=CARTESIAN_POINT('',(23.,74.241311123,14.));
#2180=DIRECTION('',(0.,0.,1.));
#2181=DIRECTION('',(1.,0.,-0.));
#2182=AXIS2_PLACEMENT_3D('',#2179,#2180,#2181);
#2183=CIRCLE('',#2182,2.);
#2184=EDGE_CURVE('',#2015,#2038,#2183,.T.);
#2185=ORIENTED_EDGE('',*,*,#2184,.T.);
#2186=ORIENTED_EDGE('',*,*,#2043,.F.);
#2187=ORIENTED_EDGE('',*,*,#297,.F.);
#2188=EDGE_LOOP('',(#2178,#2185,#2186,#2187));
#2189=FACE_BOUND('',#2188,.T.);
#2190=ADVANCED_FACE('',(#2189),#2177,.F.);
#2191=CARTESIAN_POINT('',(21.,67.958688877,13.));
#2192=DIRECTION('',(0.,0.,-1.));
#2193=DIRECTION('',(-1.,0.,0.));
#2194=AXIS2_PLACEMENT_3D('',#2191,#2192,#2193);
#2195=CYLINDRICAL_SURFACE('',#2194,2.);
#2196=ORIENTED_EDGE('',*,*,#1369,.F.);
#2197=CARTESIAN_POINT('',(21.,67.958688877,14.));
#2198=DIRECTION('',(-0.,-0.,-1.));
#2199=DIRECTION('',(1.,0.,-0.));
#2200=AXIS2_PLACEMENT_3D('',#2197,#2198,#2199);
#2201=CIRCLE('',#2200,2.);
#2202=EDGE_CURVE('',#1358,#2007,#2201,.T.);
#2203=ORIENTED_EDGE('',*,*,#2202,.T.);
#2204=ORIENTED_EDGE('',*,*,#2012,.F.);
#2205=ORIENTED_EDGE('',*,*,#280,.F.);
#2206=EDGE_LOOP('',(#2196,#2203,#2204,#2205));
#2207=FACE_BOUND('',#2206,.T.);
#2208=ADVANCED_FACE('',(#2207),#2195,.T.);
#2209=CARTESIAN_POINT('',(17.,54.,15.5));
#2210=DIRECTION('',(0.,0.,1.));
#2211=DIRECTION('',(1.,0.,-0.));
#2212=AXIS2_PLACEMENT_3D('',#2209,#2210,#2211);
#2213=CYLINDRICAL_SURFACE('',#2212,2.);
#2214=ORIENTED_EDGE('',*,*,#1393,.F.);
#2215=CARTESIAN_POINT('',(17.,54.,14.));
#2216=DIRECTION('',(0.,0.,1.));
#2217=DIRECTION('',(1.,0.,-0.));
#2218=AXIS2_PLACEMENT_3D('',#2215,#2216,#2217);
#2219=CIRCLE('',#2218,2.);
#2220=EDGE_CURVE('',#1382,#1350,#2219,.T.);
#2221=ORIENTED_EDGE('',*,*,#2220,.T.);
#2222=ORIENTED_EDGE('',*,*,#1355,.F.);
#2223=ORIENTED_EDGE('',*,*,#400,.F.);
#2224=EDGE_LOOP('',(#2214,#2221,#2222,#2223));
#2225=FACE_BOUND('',#2224,.T.);
#2226=ADVANCED_FACE('',(#2225),#2213,.F.);
#2227=CARTESIAN_POINT('',(8.,85.,14.));
#2228=DIRECTION('',(0.,0.707106781,-0.707106781));
#2229=DIRECTION('',(-1.,0.,0.));
#2230=AXIS2_PLACEMENT_3D('',#2227,#2228,#2229);
#2231=PLANE('',#2230);
#2232=ORIENTED_EDGE('',*,*,#1717,.F.);
#2233=CARTESIAN_POINT('',(-3.13,85.,14.));
#2234=DIRECTION('',(-1.,0.,0.));
#2235=VECTOR('',#2234,1.37);
#2236=LINE('',#2233,#2235);
#2237=EDGE_CURVE('',#1187,#1706,#2236,.T.);
#2238=ORIENTED_EDGE('',*,*,#2237,.F.);
#2239=ORIENTED_EDGE('',*,*,#1331,.F.);
#2240=CARTESIAN_POINT('',(23.,86.,15.));
#2241=DIRECTION('',(0.,-0.707106781,-0.707106781));
#2242=VECTOR('',#2241,1.414213562);
#2243=LINE('',#2240,#2242);
#2244=EDGE_CURVE('',#1503,#1326,#2243,.T.);
#2245=ORIENTED_EDGE('',*,*,#2244,.F.);
#2246=ORIENTED_EDGE('',*,*,#1508,.F.);
#2247=EDGE_LOOP('',(#2232,#2238,#2239,#2245,#2246));
#2248=FACE_BOUND('',#2247,.T.);
#2249=ADVANCED_FACE('',(#2248),#2231,.F.);
#2250=CARTESIAN_POINT('',(23.,83.,15.));
#2251=DIRECTION('',(0.,0.,1.));
#2252=DIRECTION('',(1.,0.,-0.));
#2253=AXIS2_PLACEMENT_3D('',#2250,#2251,#2252);
#2254=CONICAL_SURFACE('',#2253,3.,45.);
#2255=ORIENTED_EDGE('',*,*,#2244,.T.);
#2256=ORIENTED_EDGE('',*,*,#2166,.F.);
#2257=CARTESIAN_POINT('',(26.,83.,15.));
#2258=DIRECTION('',(-0.707106781,0.,-0.707106781));
#2259=VECTOR('',#2258,1.414213562);
#2260=LINE('',#2257,#2259);
#2261=EDGE_CURVE('',#1511,#2046,#2260,.T.);
#2262=ORIENTED_EDGE('',*,*,#2261,.F.);
#2263=ORIENTED_EDGE('',*,*,#1517,.F.);
#2264=EDGE_LOOP('',(#2255,#2256,#2262,#2263));
#2265=FACE_BOUND('',#2264,.T.);
#2266=ADVANCED_FACE('',(#2265),#2254,.F.);
#2267=CARTESIAN_POINT('',(26.,50.,15.));
#2268=DIRECTION('',(0.707106781,0.,-0.707106781));
#2269=DIRECTION('',(0.,-1.,0.));
#2270=AXIS2_PLACEMENT_3D('',#2267,#2268,#2269);
#2271=PLANE('',#2270);
#2272=ORIENTED_EDGE('',*,*,#2261,.T.);
#2273=ORIENTED_EDGE('',*,*,#2051,.F.);
#2274=CARTESIAN_POINT('',(26.,74.241311123,15.));
#2275=DIRECTION('',(-0.707106781,0.,-0.707106781));
#2276=VECTOR('',#2275,1.414213562);
#2277=LINE('',#2274,#2276);
#2278=EDGE_CURVE('',#1520,#2038,#2277,.T.);
#2279=ORIENTED_EDGE('',*,*,#2278,.F.);
#2280=ORIENTED_EDGE('',*,*,#1525,.F.);
#2281=EDGE_LOOP('',(#2272,#2273,#2279,#2280));
#2282=FACE_BOUND('',#2281,.T.);
#2283=ADVANCED_FACE('',(#2282),#2271,.F.);
#2284=CARTESIAN_POINT('',(23.,74.241311123,15.));
#2285=DIRECTION('',(0.,0.,1.));
#2286=DIRECTION('',(1.,0.,-0.));
#2287=AXIS2_PLACEMENT_3D('',#2284,#2285,#2286);
#2288=CONICAL_SURFACE('',#2287,3.,45.);
#2289=ORIENTED_EDGE('',*,*,#2278,.T.);
#2290=ORIENTED_EDGE('',*,*,#2184,.F.);
#2291=CARTESIAN_POINT('',(24.720387033,71.783615362,15.));
#2292=DIRECTION('',(-0.405499112,0.579284446,-0.707106781));
#2293=VECTOR('',#2292,1.414213562);
#2294=LINE('',#2291,#2293);
#2295=EDGE_CURVE('',#1528,#2015,#2294,.T.);
#2296=ORIENTED_EDGE('',*,*,#2295,.F.);
#2297=ORIENTED_EDGE('',*,*,#1534,.F.);
#2298=EDGE_LOOP('',(#2289,#2290,#2296,#2297));
#2299=FACE_BOUND('',#2298,.T.);
#2300=ADVANCED_FACE('',(#2299),#2288,.F.);
#2301=CARTESIAN_POINT('',(24.,72.5,14.));
#2302=DIRECTION('',(-0.405499112,0.579284446,0.707106781));
#2303=DIRECTION('',(-0.819231921,-0.573462344,-0.));
#2304=AXIS2_PLACEMENT_3D('',#2301,#2302,#2303);
#2305=PLANE('',#2304);
#2306=ORIENTED_EDGE('',*,*,#2295,.T.);
#2307=ORIENTED_EDGE('',*,*,#2020,.F.);
#2308=CARTESIAN_POINT('',(20.426537656,68.777920797,15.));
#2309=DIRECTION('',(-0.405499112,0.579284446,-0.707106781));
#2310=VECTOR('',#2309,1.414213562);
#2311=LINE('',#2308,#2310);
#2312=EDGE_CURVE('',#1537,#2007,#2311,.T.);
#2313=ORIENTED_EDGE('',*,*,#2312,.F.);
#2314=ORIENTED_EDGE('',*,*,#1542,.F.);
#2315=EDGE_LOOP('',(#2306,#2307,#2313,#2314));
#2316=FACE_BOUND('',#2315,.T.);
#2317=ADVANCED_FACE('',(#2316),#2305,.T.);
#2318=CARTESIAN_POINT('',(21.,67.958688877,15.));
#2319=DIRECTION('',(0.,0.,-1.));
#2320=DIRECTION('',(-1.,0.,0.));
#2321=AXIS2_PLACEMENT_3D('',#2318,#2319,#2320);
#2322=CONICAL_SURFACE('',#2321,1.,45.);
#2323=ORIENTED_EDGE('',*,*,#2312,.T.);
#2324=ORIENTED_EDGE('',*,*,#2202,.F.);
#2325=CARTESIAN_POINT('',(20.,67.958688877,15.));
#2326=DIRECTION('',(-0.707106781,0.,-0.707106781));
#2327=VECTOR('',#2326,1.414213562);
#2328=LINE('',#2325,#2327);
#2329=EDGE_CURVE('',#1545,#1358,#2328,.T.);
#2330=ORIENTED_EDGE('',*,*,#2329,.F.);
#2331=ORIENTED_EDGE('',*,*,#1551,.F.);
#2332=EDGE_LOOP('',(#2323,#2324,#2330,#2331));
#2333=FACE_BOUND('',#2332,.T.);
#2334=ADVANCED_FACE('',(#2333),#2322,.T.);
#2335=CARTESIAN_POINT('',(19.,69.,14.));
#2336=DIRECTION('',(0.707106781,0.,-0.707106781));
#2337=DIRECTION('',(0.,1.,0.));
#2338=AXIS2_PLACEMENT_3D('',#2335,#2336,#2337);
#2339=PLANE('',#2338);
#2340=ORIENTED_EDGE('',*,*,#2329,.T.);
#2341=ORIENTED_EDGE('',*,*,#1363,.F.);
#2342=CARTESIAN_POINT('',(20.,54.,15.));
#2343=DIRECTION('',(-0.707106781,0.,-0.707106781));
#2344=VECTOR('',#2343,1.414213562);
#2345=LINE('',#2342,#2344);
#2346=EDGE_CURVE('',#1554,#1350,#2345,.T.);
#2347=ORIENTED_EDGE('',*,*,#2346,.F.);
#2348=ORIENTED_EDGE('',*,*,#1559,.F.);
#2349=EDGE_LOOP('',(#2340,#2341,#2347,#2348));
#2350=FACE_BOUND('',#2349,.T.);
#2351=ADVANCED_FACE('',(#2350),#2339,.F.);
#2352=CARTESIAN_POINT('',(8.,52.,14.));
#2353=DIRECTION('',(0.,-0.707106781,-0.707106781));
#2354=DIRECTION('',(1.,0.,0.));
#2355=AXIS2_PLACEMENT_3D('',#2352,#2353,#2354);
#2356=PLANE('',#2355);
#2357=ORIENTED_EDGE('',*,*,#1816,.F.);
#2358=ORIENTED_EDGE('',*,*,#1576,.F.);
#2359=CARTESIAN_POINT('',(17.,52.,14.));
#2360=DIRECTION('',(0.,-0.707106781,0.707106781));
#2361=VECTOR('',#2360,1.414213562);
#2362=LINE('',#2359,#2361);
#2363=EDGE_CURVE('',#1382,#1562,#2362,.T.);
#2364=ORIENTED_EDGE('',*,*,#2363,.F.);
#2365=ORIENTED_EDGE('',*,*,#1387,.F.);
#2366=CARTESIAN_POINT('',(-4.5,52.,14.));
#2367=DIRECTION('',(1.,0.,-0.));
#2368=VECTOR('',#2367,1.37);
#2369=LINE('',#2366,#2368);
#2370=EDGE_CURVE('',#1811,#1211,#2369,.T.);
#2371=ORIENTED_EDGE('',*,*,#2370,.F.);
#2372=EDGE_LOOP('',(#2357,#2358,#2364,#2365,#2371));
#2373=FACE_BOUND('',#2372,.T.);
#2374=ADVANCED_FACE('',(#2373),#2356,.F.);
#2375=CARTESIAN_POINT('',(17.,54.,15.));
#2376=DIRECTION('',(0.,0.,1.));
#2377=DIRECTION('',(1.,0.,-0.));
#2378=AXIS2_PLACEMENT_3D('',#2375,#2376,#2377);
#2379=CONICAL_SURFACE('',#2378,3.,45.);
#2380=ORIENTED_EDGE('',*,*,#2346,.T.);
#2381=ORIENTED_EDGE('',*,*,#2220,.F.);
#2382=ORIENTED_EDGE('',*,*,#2363,.T.);
#2383=ORIENTED_EDGE('',*,*,#1568,.F.);
#2384=EDGE_LOOP('',(#2380,#2381,#2382,#2383));
#2385=FACE_BOUND('',#2384,.T.);
#2386=ADVANCED_FACE('',(#2385),#2379,.F.);
#2387=CARTESIAN_POINT('',(0.414213562,50.,14.));
#2388=DIRECTION('',(0.,1.,0.));
#2389=DIRECTION('',(0.,-0.,1.));
#2390=AXIS2_PLACEMENT_3D('',#2387,#2388,#2389);
#2391=CYLINDRICAL_SURFACE('',#2390,1.);
#2392=ORIENTED_EDGE('',*,*,#1662,.F.);
#2393=ORIENTED_EDGE('',*,*,#1476,.F.);
#2394=CARTESIAN_POINT('',(0.414213562,91.,14.));
#2395=DIRECTION('',(-0.,1.,-0.));
#2396=DIRECTION('',(-1.,-0.,0.));
#2397=AXIS2_PLACEMENT_3D('',#2394,#2395,#2396);
#2398=CIRCLE('',#2397,1.);
#2399=EDGE_CURVE('',#1627,#1463,#2398,.T.);
#2400=ORIENTED_EDGE('',*,*,#2399,.F.);
#2401=ORIENTED_EDGE('',*,*,#1632,.F.);
#2402=EDGE_LOOP('',(#2392,#2393,#2400,#2401));
#2403=FACE_BOUND('',#2402,.T.);
#2404=ADVANCED_FACE('',(#2403),#2391,.T.);
#2405=CARTESIAN_POINT('',(11.664213562,91.,25.25));
#2406=DIRECTION('',(0.707106781,0.,0.707106781));
#2407=DIRECTION('',(0.707106781,0.,-0.707106781));
#2408=AXIS2_PLACEMENT_3D('',#2405,#2406,#2407);
#2409=CYLINDRICAL_SURFACE('',#2408,1.);
#2410=ORIENTED_EDGE('',*,*,#1670,.F.);
#2411=ORIENTED_EDGE('',*,*,#1640,.F.);
#2412=CARTESIAN_POINT('',(0.414213562,91.,14.));
#2413=DIRECTION('',(0.707106781,0.,0.707106781));
#2414=DIRECTION('',(0.707106781,0.,-0.707106781));
#2415=AXIS2_PLACEMENT_3D('',#2412,#2413,#2414);
#2416=CIRCLE('',#2415,1.);
#2417=EDGE_CURVE('',#944,#1627,#2416,.T.);
#2418=ORIENTED_EDGE('',*,*,#2417,.F.);
#2419=ORIENTED_EDGE('',*,*,#949,.F.);
#2420=EDGE_LOOP('',(#2410,#2411,#2418,#2419));
#2421=FACE_BOUND('',#2420,.T.);
#2422=ADVANCED_FACE('',(#2421),#2409,.T.);
#2423=CARTESIAN_POINT('',(0.414213562,91.,14.));
#2424=DIRECTION('',(-0.,1.,0.));
#2425=DIRECTION('',(-1.,-0.,0.));
#2426=AXIS2_PLACEMENT_3D('',#2423,#2424,#2425);
#2427=SPHERICAL_SURFACE('',#2426,1.);
#2428=ORIENTED_EDGE('',*,*,#2417,.T.);
#2429=ORIENTED_EDGE('',*,*,#2399,.T.);
#2430=CARTESIAN_POINT('',(0.414213562,91.,14.));
#2431=DIRECTION('',(1.,0.,-0.));
#2432=DIRECTION('',(0.,-1.,0.));
#2433=AXIS2_PLACEMENT_3D('',#2430,#2431,#2432);
#2434=CIRCLE('',#2433,1.);
#2435=EDGE_CURVE('',#944,#1463,#2434,.T.);
#2436=ORIENTED_EDGE('',*,*,#2435,.F.);
#2437=EDGE_LOOP('',(#2428,#2429,#2436));
#2438=FACE_BOUND('',#2437,.T.);
#2439=ADVANCED_FACE('',(#2438),#2427,.T.);
#2440=CARTESIAN_POINT('',(20.085786438,50.,14.));
#2441=DIRECTION('',(0.,-1.,0.));
#2442=DIRECTION('',(0.,0.,-1.));
#2443=AXIS2_PLACEMENT_3D('',#2440,#2441,#2442);
#2444=CYLINDRICAL_SURFACE('',#2443,1.);
#2445=ORIENTED_EDGE('',*,*,#1972,.F.);
#2446=ORIENTED_EDGE('',*,*,#1996,.F.);
#2447=CARTESIAN_POINT('',(20.085786438,91.,14.));
#2448=DIRECTION('',(0.,1.,0.));
#2449=DIRECTION('',(0.,-0.,1.));
#2450=AXIS2_PLACEMENT_3D('',#2447,#2448,#2449);
#2451=CIRCLE('',#2450,1.);
#2452=EDGE_CURVE('',#1455,#1985,#2451,.T.);
#2453=ORIENTED_EDGE('',*,*,#2452,.F.);
#2454=ORIENTED_EDGE('',*,*,#1460,.F.);
#2455=EDGE_LOOP('',(#2445,#2446,#2453,#2454));
#2456=FACE_BOUND('',#2455,.T.);
#2457=ADVANCED_FACE('',(#2456),#2444,.T.);
#2458=CARTESIAN_POINT('',(30.414213562,91.,14.));
#2459=DIRECTION('',(-1.,-0.,0.));
#2460=DIRECTION('',(0.,-1.,0.));
#2461=AXIS2_PLACEMENT_3D('',#2458,#2459,#2460);
#2462=CYLINDRICAL_SURFACE('',#2461,1.);
#2463=ORIENTED_EDGE('',*,*,#2435,.T.);
#2464=ORIENTED_EDGE('',*,*,#1468,.F.);
#2465=CARTESIAN_POINT('',(20.085786438,91.,14.));
#2466=DIRECTION('',(1.,0.,0.));
#2467=DIRECTION('',(0.,0.,-1.));
#2468=AXIS2_PLACEMENT_3D('',#2465,#2466,#2467);
#2469=CIRCLE('',#2468,1.);
#2470=EDGE_CURVE('',#952,#1455,#2469,.T.);
#2471=ORIENTED_EDGE('',*,*,#2470,.F.);
#2472=ORIENTED_EDGE('',*,*,#957,.F.);
#2473=EDGE_LOOP('',(#2463,#2464,#2471,#2472));
#2474=FACE_BOUND('',#2473,.T.);
#2475=ADVANCED_FACE('',(#2474),#2462,.T.);
#2476=CARTESIAN_POINT('',(20.085786438,91.,14.));
#2477=DIRECTION('',(0.,1.,0.));
#2478=DIRECTION('',(0.,-0.,1.));
#2479=AXIS2_PLACEMENT_3D('',#2476,#2477,#2478);
#2480=SPHERICAL_SURFACE('',#2479,1.);
#2481=ORIENTED_EDGE('',*,*,#2470,.T.);
#2482=ORIENTED_EDGE('',*,*,#2452,.T.);
#2483=CARTESIAN_POINT('',(20.085786438,91.,14.));
#2484=DIRECTION('',(0.707106781,-0.,-0.707106781));
#2485=DIRECTION('',(0.707106781,0.,0.707106781));
#2486=AXIS2_PLACEMENT_3D('',#2483,#2484,#2485);
#2487=CIRCLE('',#2486,1.);
#2488=EDGE_CURVE('',#952,#1985,#2487,.T.);
#2489=ORIENTED_EDGE('',*,*,#2488,.F.);
#2490=EDGE_LOOP('',(#2481,#2482,#2489));
#2491=FACE_BOUND('',#2490,.T.);
#2492=ADVANCED_FACE('',(#2491),#2480,.T.);
#2493=CARTESIAN_POINT('',(29.,91.,5.085786438));
#2494=DIRECTION('',(-0.707106781,-0.,0.707106781));
#2495=DIRECTION('',(0.707106781,0.,0.707106781));
#2496=AXIS2_PLACEMENT_3D('',#2493,#2494,#2495);
#2497=CYLINDRICAL_SURFACE('',#2496,1.);
#2498=ORIENTED_EDGE('',*,*,#2488,.T.);
#2499=ORIENTED_EDGE('',*,*,#1990,.F.);
#2500=ORIENTED_EDGE('',*,*,#1957,.F.);
#2501=ORIENTED_EDGE('',*,*,#965,.F.);
#2502=EDGE_LOOP('',(#2498,#2499,#2500,#2501));
#2503=FACE_BOUND('',#2502,.T.);
#2504=ADVANCED_FACE('',(#2503),#2497,.T.);
#2505=CARTESIAN_POINT('',(11.664213562,46.,25.25));
#2506=DIRECTION('',(-0.707106781,0.,-0.707106781));
#2507=DIRECTION('',(-0.707106781,0.,0.707106781));
#2508=AXIS2_PLACEMENT_3D('',#2505,#2506,#2507);
#2509=CYLINDRICAL_SURFACE('',#2508,1.);
#2510=ORIENTED_EDGE('',*,*,#1767,.F.);
#2511=ORIENTED_EDGE('',*,*,#689,.F.);
#2512=CARTESIAN_POINT('',(0.414213562,46.,14.));
#2513=DIRECTION('',(0.707106781,-0.,0.707106781));
#2514=DIRECTION('',(0.707106781,0.,-0.707106781));
#2515=AXIS2_PLACEMENT_3D('',#2512,#2513,#2514);
#2516=CIRCLE('',#2515,1.);
#2517=EDGE_CURVE('',#1740,#676,#2516,.T.);
#2518=ORIENTED_EDGE('',*,*,#2517,.F.);
#2519=ORIENTED_EDGE('',*,*,#1745,.F.);
#2520=EDGE_LOOP('',(#2510,#2511,#2518,#2519));
#2521=FACE_BOUND('',#2520,.T.);
#2522=ADVANCED_FACE('',(#2521),#2509,.T.);
#2523=CARTESIAN_POINT('',(0.414213562,50.,14.));
#2524=DIRECTION('',(0.,1.,0.));
#2525=DIRECTION('',(0.,-0.,1.));
#2526=AXIS2_PLACEMENT_3D('',#2523,#2524,#2525);
#2527=CYLINDRICAL_SURFACE('',#2526,1.);
#2528=ORIENTED_EDGE('',*,*,#1775,.F.);
#2529=ORIENTED_EDGE('',*,*,#1751,.F.);
#2530=CARTESIAN_POINT('',(0.414213562,46.,14.));
#2531=DIRECTION('',(0.,-1.,0.));
#2532=DIRECTION('',(0.,0.,-1.));
#2533=AXIS2_PLACEMENT_3D('',#2530,#2531,#2532);
#2534=CIRCLE('',#2533,1.);
#2535=EDGE_CURVE('',#1603,#1740,#2534,.T.);
#2536=ORIENTED_EDGE('',*,*,#2535,.F.);
#2537=ORIENTED_EDGE('',*,*,#1608,.F.);
#2538=EDGE_LOOP('',(#2528,#2529,#2536,#2537));
#2539=FACE_BOUND('',#2538,.T.);
#2540=ADVANCED_FACE('',(#2539),#2527,.T.);
#2541=CARTESIAN_POINT('',(0.414213562,46.,14.));
#2542=DIRECTION('',(-0.,-1.,0.));
#2543=DIRECTION('',(1.,-0.,0.));
#2544=AXIS2_PLACEMENT_3D('',#2541,#2542,#2543);
#2545=SPHERICAL_SURFACE('',#2544,1.);
#2546=ORIENTED_EDGE('',*,*,#2535,.T.);
#2547=ORIENTED_EDGE('',*,*,#2517,.T.);
#2548=CARTESIAN_POINT('',(0.414213562,46.,14.));
#2549=DIRECTION('',(1.,-0.,-0.));
#2550=DIRECTION('',(0.,0.,1.));
#2551=AXIS2_PLACEMENT_3D('',#2548,#2549,#2550);
#2552=CIRCLE('',#2551,1.);
#2553=EDGE_CURVE('',#1603,#676,#2552,.T.);
#2554=ORIENTED_EDGE('',*,*,#2553,.F.);
#2555=EDGE_LOOP('',(#2546,#2547,#2554));
#2556=FACE_BOUND('',#2555,.T.);
#2557=ADVANCED_FACE('',(#2556),#2545,.T.);
#2558=CARTESIAN_POINT('',(0.,46.,14.));
#2559=DIRECTION('',(-1.,0.,0.));
#2560=DIRECTION('',(0.,0.,1.));
#2561=AXIS2_PLACEMENT_3D('',#2558,#2559,#2560);
#2562=CYLINDRICAL_SURFACE('',#2561,1.);
#2563=ORIENTED_EDGE('',*,*,#2553,.T.);
#2564=ORIENTED_EDGE('',*,*,#681,.F.);
#2565=CARTESIAN_POINT('',(20.085786438,46.,14.));
#2566=DIRECTION('',(1.,-0.,0.));
#2567=DIRECTION('',(0.,1.,0.));
#2568=AXIS2_PLACEMENT_3D('',#2565,#2566,#2567);
#2569=CIRCLE('',#2568,1.);
#2570=EDGE_CURVE('',#1405,#668,#2569,.T.);
#2571=ORIENTED_EDGE('',*,*,#2570,.F.);
#2572=ORIENTED_EDGE('',*,*,#1614,.F.);
#2573=EDGE_LOOP('',(#2563,#2564,#2571,#2572));
#2574=FACE_BOUND('',#2573,.T.);
#2575=ADVANCED_FACE('',(#2574),#2562,.T.);
#2576=CARTESIAN_POINT('',(20.085786438,50.,14.));
#2577=DIRECTION('',(0.,-1.,0.));
#2578=DIRECTION('',(0.,0.,-1.));
#2579=AXIS2_PLACEMENT_3D('',#2576,#2577,#2578);
#2580=CYLINDRICAL_SURFACE('',#2579,1.);
#2581=ORIENTED_EDGE('',*,*,#1872,.F.);
#2582=ORIENTED_EDGE('',*,*,#1412,.F.);
#2583=CARTESIAN_POINT('',(20.085786438,46.,14.));
#2584=DIRECTION('',(0.,-1.,0.));
#2585=DIRECTION('',(0.,0.,-1.));
#2586=AXIS2_PLACEMENT_3D('',#2583,#2584,#2585);
#2587=CIRCLE('',#2586,1.);
#2588=EDGE_CURVE('',#1837,#1405,#2587,.T.);
#2589=ORIENTED_EDGE('',*,*,#2588,.F.);
#2590=ORIENTED_EDGE('',*,*,#1842,.F.);
#2591=EDGE_LOOP('',(#2581,#2582,#2589,#2590));
#2592=FACE_BOUND('',#2591,.T.);
#2593=ADVANCED_FACE('',(#2592),#2580,.T.);
#2594=CARTESIAN_POINT('',(20.085786438,46.,14.));
#2595=DIRECTION('',(-0.,-1.,0.));
#2596=DIRECTION('',(1.,-0.,0.));
#2597=AXIS2_PLACEMENT_3D('',#2594,#2595,#2596);
#2598=SPHERICAL_SURFACE('',#2597,1.);
#2599=ORIENTED_EDGE('',*,*,#2588,.T.);
#2600=ORIENTED_EDGE('',*,*,#2570,.T.);
#2601=CARTESIAN_POINT('',(20.085786438,46.,14.));
#2602=DIRECTION('',(0.707106781,-0.,-0.707106781));
#2603=DIRECTION('',(0.707106781,0.,0.707106781));
#2604=AXIS2_PLACEMENT_3D('',#2601,#2602,#2603);
#2605=CIRCLE('',#2604,1.);
#2606=EDGE_CURVE('',#1837,#668,#2605,.T.);
#2607=ORIENTED_EDGE('',*,*,#2606,.F.);
#2608=EDGE_LOOP('',(#2599,#2600,#2607));
#2609=FACE_BOUND('',#2608,.T.);
#2610=ADVANCED_FACE('',(#2609),#2598,.T.);
#2611=CARTESIAN_POINT('',(29.,46.,5.085786438));
#2612=DIRECTION('',(0.707106781,0.,-0.707106781));
#2613=DIRECTION('',(-0.707106781,0.,-0.707106781));
#2614=AXIS2_PLACEMENT_3D('',#2611,#2612,#2613);
#2615=CYLINDRICAL_SURFACE('',#2614,1.);
#2616=ORIENTED_EDGE('',*,*,#1880,.F.);
#2617=ORIENTED_EDGE('',*,*,#1850,.F.);
#2618=ORIENTED_EDGE('',*,*,#2606,.T.);
#2619=ORIENTED_EDGE('',*,*,#673,.F.);
#2620=EDGE_LOOP('',(#2616,#2617,#2618,#2619));
#2621=FACE_BOUND('',#2620,.T.);
#2622=ADVANCED_FACE('',(#2621),#2615,.T.);
#2623=CARTESIAN_POINT('',(0.,52.5,13.5));
#2624=DIRECTION('',(0.,0.707106781,0.707106781));
#2625=DIRECTION('',(-1.,0.,0.));
#2626=AXIS2_PLACEMENT_3D('',#2623,#2624,#2625);
#2627=PLANE('',#2626);
#2628=ORIENTED_EDGE('',*,*,#1822,.F.);
#2629=ORIENTED_EDGE('',*,*,#2370,.T.);
#2630=ORIENTED_EDGE('',*,*,#1216,.F.);
#2631=ORIENTED_EDGE('',*,*,#1308,.F.);
#2632=EDGE_LOOP('',(#2628,#2629,#2630,#2631));
#2633=FACE_BOUND('',#2632,.T.);
#2634=ADVANCED_FACE('',(#2633),#2627,.T.);
#2635=CARTESIAN_POINT('',(0.,84.5,13.5));
#2636=DIRECTION('',(0.,-0.707106781,0.707106781));
#2637=DIRECTION('',(1.,0.,0.));
#2638=AXIS2_PLACEMENT_3D('',#2635,#2636,#2637);
#2639=PLANE('',#2638);
#2640=ORIENTED_EDGE('',*,*,#1200,.F.);
#2641=ORIENTED_EDGE('',*,*,#2237,.T.);
#2642=ORIENTED_EDGE('',*,*,#1711,.F.);
#2643=ORIENTED_EDGE('',*,*,#1315,.F.);
#2644=EDGE_LOOP('',(#2640,#2641,#2642,#2643));
#2645=FACE_BOUND('',#2644,.T.);
#2646=ADVANCED_FACE('',(#2645),#2639,.T.);
#2647=CARTESIAN_POINT('',(-2.88,62.5,7.5));
#2648=DIRECTION('',(0.,1.,-0.));
#2649=DIRECTION('',(0.,0.,1.));
#2650=AXIS2_PLACEMENT_3D('',#2647,#2648,#2649);
#2651=PLANE('',#2650);
#2652=CARTESIAN_POINT('',(-2.88,62.5,8.2));
#2653=VERTEX_POINT('',#2652);
#2654=CARTESIAN_POINT('',(-2.88,62.5,8.2));
#2655=DIRECTION('',(0.,-0.,-1.));
#2656=VECTOR('',#2655,4.7);
#2657=LINE('',#2654,#2656);
#2658=EDGE_CURVE('',#2653,#1276,#2657,.T.);
#2659=ORIENTED_EDGE('',*,*,#2658,.F.);
#2660=CARTESIAN_POINT('',(-2.88,62.5,8.2));
#2661=DIRECTION('',(-0.707106781,0.,0.707106781));
#2662=VECTOR('',#2661,0.353553391);
#2663=LINE('',#2660,#2662);
#2664=EDGE_CURVE('',#2653,#1235,#2663,.T.);
#2665=ORIENTED_EDGE('',*,*,#2664,.T.);
#2666=ORIENTED_EDGE('',*,*,#1240,.T.);
#2667=ORIENTED_EDGE('',*,*,#1287,.F.);
#2668=EDGE_LOOP('',(#2659,#2665,#2666,#2667));
#2669=FACE_BOUND('',#2668,.T.);
#2670=ADVANCED_FACE('',(#2669),#2651,.F.);
#2671=CARTESIAN_POINT('',(-2.88,74.5,7.5));
#2672=DIRECTION('',(0.,1.,-0.));
#2673=DIRECTION('',(0.,0.,1.));
#2674=AXIS2_PLACEMENT_3D('',#2671,#2672,#2673);
#2675=PLANE('',#2674);
#2676=ORIENTED_EDGE('',*,*,#1254,.F.);
#2677=CARTESIAN_POINT('',(-2.88,74.5,8.2));
#2678=VERTEX_POINT('',#2677);
#2679=CARTESIAN_POINT('',(-3.13,74.5,8.45));
#2680=DIRECTION('',(0.707106781,-0.,-0.707106781));
#2681=VECTOR('',#2680,0.353553391);
#2682=LINE('',#2679,#2681);
#2683=EDGE_CURVE('',#1243,#2678,#2682,.T.);
#2684=ORIENTED_EDGE('',*,*,#2683,.T.);
#2685=CARTESIAN_POINT('',(-2.88,74.5,8.2));
#2686=DIRECTION('',(0.,-0.,-1.));
#2687=VECTOR('',#2686,4.7);
#2688=LINE('',#2685,#2687);
#2689=EDGE_CURVE('',#2678,#1268,#2688,.T.);
#2690=ORIENTED_EDGE('',*,*,#2689,.T.);
#2691=ORIENTED_EDGE('',*,*,#1273,.T.);
#2692=EDGE_LOOP('',(#2676,#2684,#2690,#2691));
#2693=FACE_BOUND('',#2692,.T.);
#2694=ADVANCED_FACE('',(#2693),#2675,.T.);
#2695=CARTESIAN_POINT('',(-2.88,50.,-8.5));
#2696=DIRECTION('',(1.,0.,0.));
#2697=DIRECTION('',(0.,1.,0.));
#2698=AXIS2_PLACEMENT_3D('',#2695,#2696,#2697);
#2699=PLANE('',#2698);
#2700=ORIENTED_EDGE('',*,*,#2689,.F.);
#2701=CARTESIAN_POINT('',(-2.88,74.5,8.2));
#2702=DIRECTION('',(0.,-1.,0.));
#2703=VECTOR('',#2702,12.);
#2704=LINE('',#2701,#2703);
#2705=EDGE_CURVE('',#2678,#2653,#2704,.T.);
#2706=ORIENTED_EDGE('',*,*,#2705,.T.);
#2707=ORIENTED_EDGE('',*,*,#2658,.T.);
#2708=ORIENTED_EDGE('',*,*,#1281,.T.);
#2709=EDGE_LOOP('',(#2700,#2706,#2707,#2708));
#2710=FACE_BOUND('',#2709,.T.);
#2711=ADVANCED_FACE('',(#2710),#2699,.T.);
#2712=CARTESIAN_POINT('',(-2.88,50.,8.2));
#2713=DIRECTION('',(0.707106781,0.,0.707106781));
#2714=DIRECTION('',(0.,1.,0.));
#2715=AXIS2_PLACEMENT_3D('',#2712,#2713,#2714);
#2716=PLANE('',#2715);
#2717=ORIENTED_EDGE('',*,*,#2683,.F.);
#2718=ORIENTED_EDGE('',*,*,#1248,.F.);
#2719=ORIENTED_EDGE('',*,*,#2664,.F.);
#2720=ORIENTED_EDGE('',*,*,#2705,.F.);
#2721=EDGE_LOOP('',(#2717,#2718,#2719,#2720));
#2722=FACE_BOUND('',#2721,.T.);
#2723=ADVANCED_FACE('',(#2722),#2716,.T.);
#2724=CARTESIAN_POINT('',(41.,64.,7.25));
#2725=DIRECTION('',(0.,-1.,0.));
#2726=DIRECTION('',(0.,0.,-1.));
#2727=AXIS2_PLACEMENT_3D('',#2724,#2725,#2726);
#2728=PLANE('',#2727);
#2729=CARTESIAN_POINT('',(43.8,64.,4.5));
#2730=VERTEX_POINT('',#2729);
#2731=CARTESIAN_POINT('',(42.13,64.,4.5));
#2732=DIRECTION('',(1.,0.,-0.));
#2733=VECTOR('',#2732,1.67);
#2734=LINE('',#2731,#2733);
#2735=EDGE_CURVE('',#43,#2730,#2734,.T.);
#2736=ORIENTED_EDGE('',*,*,#2735,.T.);
#2737=CARTESIAN_POINT('',(43.8,64.,11.5));
#2738=VERTEX_POINT('',#2737);
#2739=CARTESIAN_POINT('',(43.8,64.,4.5));
#2740=DIRECTION('',(0.,0.,1.));
#2741=VECTOR('',#2740,7.);
#2742=LINE('',#2739,#2741);
#2743=EDGE_CURVE('',#2730,#2738,#2742,.T.);
#2744=ORIENTED_EDGE('',*,*,#2743,.T.);
#2745=CARTESIAN_POINT('',(43.8,64.,11.5));
#2746=DIRECTION('',(-1.,0.,0.));
#2747=VECTOR('',#2746,1.67);
#2748=LINE('',#2745,#2747);
#2749=EDGE_CURVE('',#2738,#51,#2748,.T.);
#2750=ORIENTED_EDGE('',*,*,#2749,.T.);
#2751=ORIENTED_EDGE('',*,*,#56,.F.);
#2752=EDGE_LOOP('',(#2736,#2744,#2750,#2751));
#2753=FACE_BOUND('',#2752,.T.);
#2754=ADVANCED_FACE('',(#2753),#2728,.T.);
#2755=CARTESIAN_POINT('',(41.,56.5,12.5));
#2756=DIRECTION('',(0.,0.,-1.));
#2757=DIRECTION('',(-1.,0.,0.));
#2758=AXIS2_PLACEMENT_3D('',#2755,#2756,#2757);
#2759=PLANE('',#2758);
#2760=CARTESIAN_POINT('',(43.8,63.,12.5));
#2761=VERTEX_POINT('',#2760);
#2762=CARTESIAN_POINT('',(42.13,63.,12.5));
#2763=DIRECTION('',(1.,0.,-0.));
#2764=VECTOR('',#2763,1.67);
#2765=LINE('',#2762,#2764);
#2766=EDGE_CURVE('',#59,#2761,#2765,.T.);
#2767=ORIENTED_EDGE('',*,*,#2766,.T.);
#2768=CARTESIAN_POINT('',(43.8,50.,12.5));
#2769=VERTEX_POINT('',#2768);
#2770=CARTESIAN_POINT('',(43.8,63.,12.5));
#2771=DIRECTION('',(0.,-1.,0.));
#2772=VECTOR('',#2771,13.);
#2773=LINE('',#2770,#2772);
#2774=EDGE_CURVE('',#2761,#2769,#2773,.T.);
#2775=ORIENTED_EDGE('',*,*,#2774,.T.);
#2776=CARTESIAN_POINT('',(43.8,50.,12.5));
#2777=DIRECTION('',(-1.,0.,0.));
#2778=VECTOR('',#2777,1.67);
#2779=LINE('',#2776,#2778);
#2780=EDGE_CURVE('',#2769,#67,#2779,.T.);
#2781=ORIENTED_EDGE('',*,*,#2780,.T.);
#2782=ORIENTED_EDGE('',*,*,#72,.F.);
#2783=EDGE_LOOP('',(#2767,#2775,#2781,#2782));
#2784=FACE_BOUND('',#2783,.T.);
#2785=ADVANCED_FACE('',(#2784),#2759,.T.);
#2786=CARTESIAN_POINT('',(41.,49.,9.75));
#2787=DIRECTION('',(0.,-1.,0.));
#2788=DIRECTION('',(0.,0.,-1.));
#2789=AXIS2_PLACEMENT_3D('',#2786,#2787,#2788);
#2790=PLANE('',#2789);
#2791=CARTESIAN_POINT('',(43.8,49.,11.5));
#2792=VERTEX_POINT('',#2791);
#2793=CARTESIAN_POINT('',(42.13,49.,11.5));
#2794=DIRECTION('',(1.,0.,-0.));
#2795=VECTOR('',#2794,1.67);
#2796=LINE('',#2793,#2795);
#2797=EDGE_CURVE('',#75,#2792,#2796,.T.);
#2798=ORIENTED_EDGE('',*,*,#2797,.T.);
#2799=CARTESIAN_POINT('',(43.8,49.,4.5));
#2800=VERTEX_POINT('',#2799);
#2801=CARTESIAN_POINT('',(43.8,49.,11.5));
#2802=DIRECTION('',(0.,0.,-1.));
#2803=VECTOR('',#2802,7.);
#2804=LINE('',#2801,#2803);
#2805=EDGE_CURVE('',#2792,#2800,#2804,.T.);
#2806=ORIENTED_EDGE('',*,*,#2805,.T.);
#2807=CARTESIAN_POINT('',(43.8,49.,4.5));
#2808=DIRECTION('',(-1.,0.,0.));
#2809=VECTOR('',#2808,1.67);
#2810=LINE('',#2807,#2809);
#2811=EDGE_CURVE('',#2800,#83,#2810,.T.);
#2812=ORIENTED_EDGE('',*,*,#2811,.T.);
#2813=ORIENTED_EDGE('',*,*,#88,.T.);
#2814=EDGE_LOOP('',(#2798,#2806,#2812,#2813));
#2815=FACE_BOUND('',#2814,.T.);
#2816=ADVANCED_FACE('',(#2815),#2790,.F.);
#2817=CARTESIAN_POINT('',(41.,64.,4.5));
#2818=DIRECTION('',(0.,-0.707106781,-0.707106781));
#2819=DIRECTION('',(-1.,0.,0.));
#2820=AXIS2_PLACEMENT_3D('',#2817,#2818,#2819);
#2821=PLANE('',#2820);
#2822=ORIENTED_EDGE('',*,*,#814,.F.);
#2823=CARTESIAN_POINT('',(44.,64.2,4.3));
#2824=DIRECTION('',(-0.577350269,-0.577350269,0.577350269));
#2825=VECTOR('',#2824,0.346410162);
#2826=LINE('',#2823,#2825);
#2827=EDGE_CURVE('',#803,#2730,#2826,.T.);
#2828=ORIENTED_EDGE('',*,*,#2827,.T.);
#2829=ORIENTED_EDGE('',*,*,#2735,.F.);
#2830=ORIENTED_EDGE('',*,*,#48,.F.);
#2831=ORIENTED_EDGE('',*,*,#142,.F.);
#2832=EDGE_LOOP('',(#2822,#2828,#2829,#2830,#2831));
#2833=FACE_BOUND('',#2832,.T.);
#2834=ADVANCED_FACE('',(#2833),#2821,.T.);
#2835=CARTESIAN_POINT('',(0.,48.,3.5));
#2836=DIRECTION('',(0.,-0.707106781,0.707106781));
#2837=DIRECTION('',(1.,0.,0.));
#2838=AXIS2_PLACEMENT_3D('',#2835,#2836,#2837);
#2839=PLANE('',#2838);
#2840=ORIENTED_EDGE('',*,*,#2811,.F.);
#2841=CARTESIAN_POINT('',(43.8,49.,4.5));
#2842=DIRECTION('',(0.577350269,-0.577350269,-0.577350269));
#2843=VECTOR('',#2842,0.346410162);
#2844=LINE('',#2841,#2843);
#2845=EDGE_CURVE('',#2800,#833,#2844,.T.);
#2846=ORIENTED_EDGE('',*,*,#2845,.T.);
#2847=ORIENTED_EDGE('',*,*,#838,.F.);
#2848=ORIENTED_EDGE('',*,*,#767,.F.);
#2849=ORIENTED_EDGE('',*,*,#987,.F.);
#2850=ORIENTED_EDGE('',*,*,#624,.F.);
#2851=ORIENTED_EDGE('',*,*,#96,.F.);
#2852=EDGE_LOOP('',(#2840,#2846,#2847,#2848,#2849,#2850,#2851));
#2853=FACE_BOUND('',#2852,.T.);
#2854=ADVANCED_FACE('',(#2853),#2839,.F.);
#2855=CARTESIAN_POINT('',(41.,63.,12.5));
#2856=DIRECTION('',(0.,-0.707106781,-0.707106781));
#2857=DIRECTION('',(-1.,0.,0.));
#2858=AXIS2_PLACEMENT_3D('',#2855,#2856,#2857);
#2859=PLANE('',#2858);
#2860=ORIENTED_EDGE('',*,*,#2749,.F.);
#2861=CARTESIAN_POINT('',(43.8,64.,11.5));
#2862=DIRECTION('',(-0.,-0.707106781,0.707106781));
#2863=VECTOR('',#2862,1.414213562);
#2864=LINE('',#2861,#2863);
#2865=EDGE_CURVE('',#2738,#2761,#2864,.T.);
#2866=ORIENTED_EDGE('',*,*,#2865,.T.);
#2867=ORIENTED_EDGE('',*,*,#2766,.F.);
#2868=ORIENTED_EDGE('',*,*,#64,.F.);
#2869=EDGE_LOOP('',(#2860,#2866,#2867,#2868));
#2870=FACE_BOUND('',#2869,.T.);
#2871=ADVANCED_FACE('',(#2870),#2859,.T.);
#2872=CARTESIAN_POINT('',(41.,49.,11.5));
#2873=DIRECTION('',(0.,-0.707106781,0.707106781));
#2874=DIRECTION('',(1.,0.,0.));
#2875=AXIS2_PLACEMENT_3D('',#2872,#2873,#2874);
#2876=PLANE('',#2875);
#2877=ORIENTED_EDGE('',*,*,#2780,.F.);
#2878=CARTESIAN_POINT('',(43.8,50.,12.5));
#2879=DIRECTION('',(0.,-0.707106781,-0.707106781));
#2880=VECTOR('',#2879,1.414213562);
#2881=LINE('',#2878,#2880);
#2882=EDGE_CURVE('',#2769,#2792,#2881,.T.);
#2883=ORIENTED_EDGE('',*,*,#2882,.T.);
#2884=ORIENTED_EDGE('',*,*,#2797,.F.);
#2885=ORIENTED_EDGE('',*,*,#80,.F.);
#2886=EDGE_LOOP('',(#2877,#2883,#2884,#2885));
#2887=FACE_BOUND('',#2886,.T.);
#2888=ADVANCED_FACE('',(#2887),#2876,.F.);
#2889=CARTESIAN_POINT('',(43.8,49.,9.75));
#2890=DIRECTION('',(-0.707106781,-0.707106781,0.));
#2891=DIRECTION('',(0.,0.,-1.));
#2892=AXIS2_PLACEMENT_3D('',#2889,#2890,#2891);
#2893=PLANE('',#2892);
#2894=ORIENTED_EDGE('',*,*,#2845,.F.);
#2895=ORIENTED_EDGE('',*,*,#2805,.F.);
#2896=CARTESIAN_POINT('',(44.,48.8,11.582842712));
#2897=DIRECTION('',(-0.678598345,0.678598345,-0.281084638));
#2898=VECTOR('',#2897,0.294725152);
#2899=LINE('',#2896,#2898);
#2900=EDGE_CURVE('',#841,#2792,#2899,.T.);
#2901=ORIENTED_EDGE('',*,*,#2900,.F.);
#2902=ORIENTED_EDGE('',*,*,#846,.F.);
#2903=EDGE_LOOP('',(#2894,#2895,#2901,#2902));
#2904=FACE_BOUND('',#2903,.T.);
#2905=ADVANCED_FACE('',(#2904),#2893,.F.);
#2906=CARTESIAN_POINT('',(44.,56.108578644,18.891421356));
#2907=DIRECTION('',(-0.707106781,-0.5,0.5));
#2908=DIRECTION('',(0.,0.707106781,0.707106781));
#2909=AXIS2_PLACEMENT_3D('',#2906,#2907,#2908);
#2910=PLANE('',#2909);
#2911=ORIENTED_EDGE('',*,*,#2900,.T.);
#2912=ORIENTED_EDGE('',*,*,#2882,.F.);
#2913=CARTESIAN_POINT('',(44.,49.917157288,12.7));
#2914=DIRECTION('',(-0.678598345,0.281084638,-0.678598345));
#2915=VECTOR('',#2914,0.294725152);
#2916=LINE('',#2913,#2915);
#2917=EDGE_CURVE('',#849,#2769,#2916,.T.);
#2918=ORIENTED_EDGE('',*,*,#2917,.F.);
#2919=ORIENTED_EDGE('',*,*,#854,.F.);
#2920=EDGE_LOOP('',(#2911,#2912,#2918,#2919));
#2921=FACE_BOUND('',#2920,.T.);
#2922=ADVANCED_FACE('',(#2921),#2910,.F.);
#2923=CARTESIAN_POINT('',(44.,68.5,12.7));
#2924=DIRECTION('',(0.707106781,0.,-0.707106781));
#2925=DIRECTION('',(0.,-1.,0.));
#2926=AXIS2_PLACEMENT_3D('',#2923,#2924,#2925);
#2927=PLANE('',#2926);
#2928=ORIENTED_EDGE('',*,*,#2917,.T.);
#2929=ORIENTED_EDGE('',*,*,#2774,.F.);
#2930=CARTESIAN_POINT('',(44.,63.082842712,12.7));
#2931=DIRECTION('',(-0.678598345,-0.281084638,-0.678598345));
#2932=VECTOR('',#2931,0.294725152);
#2933=LINE('',#2930,#2932);
#2934=EDGE_CURVE('',#793,#2761,#2933,.T.);
#2935=ORIENTED_EDGE('',*,*,#2934,.F.);
#2936=ORIENTED_EDGE('',*,*,#860,.F.);
#2937=EDGE_LOOP('',(#2928,#2929,#2935,#2936));
#2938=FACE_BOUND('',#2937,.T.);
#2939=ADVANCED_FACE('',(#2938),#2927,.T.);
#2940=CARTESIAN_POINT('',(44.,68.891421356,6.891421356));
#2941=DIRECTION('',(0.707106781,-0.5,-0.5));
#2942=DIRECTION('',(0.,-0.707106781,0.707106781));
#2943=AXIS2_PLACEMENT_3D('',#2940,#2941,#2942);
#2944=PLANE('',#2943);
#2945=ORIENTED_EDGE('',*,*,#2934,.T.);
#2946=ORIENTED_EDGE('',*,*,#2865,.F.);
#2947=CARTESIAN_POINT('',(44.,64.2,11.582842712));
#2948=DIRECTION('',(-0.678598345,-0.678598345,-0.281084638));
#2949=VECTOR('',#2948,0.294725152);
#2950=LINE('',#2947,#2949);
#2951=EDGE_CURVE('',#795,#2738,#2950,.T.);
#2952=ORIENTED_EDGE('',*,*,#2951,.F.);
#2953=ORIENTED_EDGE('',*,*,#800,.F.);
#2954=EDGE_LOOP('',(#2945,#2946,#2952,#2953));
#2955=FACE_BOUND('',#2954,.T.);
#2956=ADVANCED_FACE('',(#2955),#2944,.T.);
#2957=CARTESIAN_POINT('',(44.,64.2,6.5));
#2958=DIRECTION('',(0.707106781,-0.707106781,0.));
#2959=DIRECTION('',(0.,0.,1.));
#2960=AXIS2_PLACEMENT_3D('',#2957,#2958,#2959);
#2961=PLANE('',#2960);
#2962=ORIENTED_EDGE('',*,*,#2951,.T.);
#2963=ORIENTED_EDGE('',*,*,#2743,.F.);
#2964=ORIENTED_EDGE('',*,*,#2827,.F.);
#2965=ORIENTED_EDGE('',*,*,#808,.F.);
#2966=EDGE_LOOP('',(#2962,#2963,#2964,#2965));
#2967=FACE_BOUND('',#2966,.T.);
#2968=ADVANCED_FACE('',(#2967),#2961,.T.);
#2969=CLOSED_SHELL('',(#122,#185,#257,#404,#435,#489,#568,#599,#611,#636,#747,#786,#864,#888,#976,#995,#1012,#1034,#1051,#1075,#1123,#1145,#1169,#1258,#1297,#1319,
#1343,#1374,#1398,#1618,#1650,#1681,#1698,#1723,#1755,#1786,#1803,#1828,#1860,#1891,#1908,#1925,#1942,#1977,#2000,#2031,#2062,#2084,#2106,#2118,#2130,
#2142,#2154,#2172,#2190,#2208,#2226,#2249,#2266,#2283,#2300,#2317,#2334,#2351,#2374,#2386,#2404,#2422,#2439,#2457,#2475,#2492,#2504,#2522,#2540,#2557,
#2575,#2593,#2610,#2622,#2634,#2646,#2670,#2694,#2711,#2723,#2754,#2785,#2816,#2834,#2854,#2871,#2888,#2905,#2922,#2939,#2956,#2968));
#2970=MANIFOLD_SOLID_BREP('Cap July 21 (1)',#2969);
#2971=COLOUR_RGB('',0.494117647,0.494117647,0.525490224);
#2972=FILL_AREA_STYLE_COLOUR('',#2971);
#2973=FILL_AREA_STYLE('',(#2972));
#2974=SURFACE_STYLE_FILL_AREA(#2973);
#2975=SURFACE_SIDE_STYLE('',(#2974));
#2976=SURFACE_STYLE_USAGE(.BOTH.,#2975);
#2977=PRESENTATION_STYLE_ASSIGNMENT((#2976));
#26=STYLED_ITEM('',(#2977),#2970);
#16=SHAPE_REPRESENTATION('root',(#15),#10);
#17=ADVANCED_BREP_SHAPE_REPRESENTATION('root',(#2970),#10);
#2985=SHAPE_REPRESENTATION_RELATIONSHIP('','',#16,#17);
#2986=CARTESIAN_POINT('',(0.,0.,0.));
#2987=DIRECTION('',(0.,0.,1.));
#2988=DIRECTION('',(1.,0.,0.));
#2989=AXIS2_PLACEMENT_3D('',#2986,#2987,#2988);
#2991=MAPPED_ITEM('',#2990,#2989);
#2990=REPRESENTATION_MAP(#2989,#16);
#2992=APPLICATION_CONTEXT('Managed model based 3d engineering');
#2993=APPLICATION_PROTOCOL_DEFINITION('international standard','ap242_managed_model_based_3d_engineering',2014,#2992);
#2994=PRODUCT_CONTEXT('',#2992,'mechanical');
#2995=PRODUCT_DEFINITION_CONTEXT('part definition',#2992,'design');
#24=PRODUCT('root','root','',(#2994));
#2996=PRODUCT_RELATED_PRODUCT_CATEGORY('part','',(#24));
#2997=PRODUCT_DEFINITION_FORMATION_WITH_SPECIFIED_SOURCE('','',#24,.NOT_KNOWN.);
#25=PRODUCT_DEFINITION('design','',#2997,#2995);
#23=PRODUCT_DEFINITION_SHAPE('','',#25);
#2998=SHAPE_DEFINITION_REPRESENTATION(#23,#16);
#11=DRAUGHTING_MODEL('',(#2991),#10);
#2999=DESCRIPTIVE_REPRESENTATION_ITEM('KEY','/private/var/mobile/Containers/Data/Application/C385992B-F535-497D-B1AB-3D28CC34A037/tmp/895F516E-4B37-4AF0-81B8-D7FAA36D3914.tmp');
#3000=PROPERTY_DEFINITION('KEY','',#25);
#3001=REPRESENTATION('',(#2999),#10);
#3002=PROPERTY_DEFINITION_REPRESENTATION(#3000,#3001);
#3003=GENERAL_PROPERTY('','KEY','');
#3004=GENERAL_PROPERTY_ASSOCIATION('','',#3003,#3000);
#1=MECHANICAL_DESIGN_GEOMETRIC_PRESENTATION_REPRESENTATION('',(#26),#10);
ENDSEC;
END-ISO-10303-21;
