ISO-10303-21;
HEADER;

/* File generated by Shapr3D Version 26.121.0.11316 */

FILE_DESCRIPTION(('HOOPS Exchange Step'),'2;1');

FILE_NAME('/private/var/mobile/Containers/Data/Application/C385992B-F535-497D-B1AB-3D28CC34A037/tmp/export/temp_export',
'2026-08-09T06:50:48-04:00',
('mobile'),
('Shapr3D Limited'),
'HOOPS Exchange 2026.3',
'Shapr3D',
'Authorized');

FILE_SCHEMA( ('AP242_MANAGED_MODEL_BASED_3D_ENGINEERING_MIM_LF {1 0 10303 442 1 1 4}') );

ENDSEC;

DATA;
#3=(NAMED_UNIT(*)PLANE_ANGLE_UNIT()SI_UNIT($,.RADIAN.));
#4=PLANE_ANGLE_MEASURE_WITH_UNIT(PLANE_ANGLE_MEASURE(0.0174532925),#3);
#5=(CONVERSION_BASED_UNIT('DEGREE',#4)NAMED_UNIT(#6)PLANE_ANGLE_UNIT());
#6=DIMENSIONAL_EXPONENTS(0.,0.,0.,0.,0.,0.,0.);
#7=(NAMED_UNIT(*)SI_UNIT($,.STERADIAN.)SOLID_ANGLE_UNIT());
#8=(LENGTH_UNIT()NAMED_UNIT(*)SI_UNIT(.MILLI.,.METRE.));
#9=UNCERTAINTY_MEASURE_WITH_UNIT(LENGTH_MEASURE(1.000000E-03),#8,'DISTANCE_ACCURACY_VALUE','Maximum Tolerance applied to model');
#10=(GEOMETRIC_REPRESENTATION_CONTEXT(3)GLOBAL_UNCERTAINTY_ASSIGNED_CONTEXT((#9))GLOBAL_UNIT_ASSIGNED_CONTEXT((#8,#5,#7))REPRESENTATION_CONTEXT('','root'));
#12=CARTESIAN_POINT('',(0.,0.,0.));
#13=DIRECTION('',(0.,0.,1.));
#14=DIRECTION('',(1.,0.,0.));
#15=AXIS2_PLACEMENT_3D('',#12,#13,#14);
#26=(NAMED_UNIT(*)PLANE_ANGLE_UNIT()SI_UNIT($,.RADIAN.));
#27=PLANE_ANGLE_MEASURE_WITH_UNIT(PLANE_ANGLE_MEASURE(0.0174532925),#26);
#28=(CONVERSION_BASED_UNIT('DEGREE',#27)NAMED_UNIT(#29)PLANE_ANGLE_UNIT());
#29=DIMENSIONAL_EXPONENTS(0.,0.,0.,0.,0.,0.,0.);
#30=(NAMED_UNIT(*)SI_UNIT($,.STERADIAN.)SOLID_ANGLE_UNIT());
#31=(LENGTH_UNIT()NAMED_UNIT(*)SI_UNIT(.MILLI.,.METRE.));
#32=UNCERTAINTY_MEASURE_WITH_UNIT(LENGTH_MEASURE(1.000000E-05),#31,'DISTANCE_ACCURACY_VALUE','Maximum Tolerance applied to model');
#33=(GEOMETRIC_REPRESENTATION_CONTEXT(3)GLOBAL_UNCERTAINTY_ASSIGNED_CONTEXT((#32))GLOBAL_UNIT_ASSIGNED_CONTEXT((#31,#28,#30))REPRESENTATION_CONTEXT('','Folder 06 (1)'));
#45=CARTESIAN_POINT('',(0.,0.,0.));
#46=DIRECTION('',(0.,0.,1.));
#47=DIRECTION('',(1.,0.,-0.));
#48=AXIS2_PLACEMENT_3D('',#45,#46,#47);
#49=ITEM_DEFINED_TRANSFORMATION('','',#48,#15);
#50=(REPRESENTATION_RELATIONSHIP('','',#35,#16)REPRESENTATION_RELATIONSHIP_WITH_TRANSFORMATION(#49)SHAPE_REPRESENTATION_RELATIONSHIP());
#51=NEXT_ASSEMBLY_USAGE_OCCURRENCE('Folder 06 (1)_1','Folder 06 (1)','Folder 06 (1)',#25,#44,$);
#52=PRODUCT_DEFINITION_SHAPE('','',#51);
#53=CONTEXT_DEPENDENT_SHAPE_REPRESENTATION(#50,#52);
#55=CARTESIAN_POINT('',(0.,50.,0.));
#56=DIRECTION('',(0.,0.,1.));
#57=DIRECTION('',(1.,0.,0.));
#58=AXIS2_PLACEMENT_3D('',#55,#56,#57);
#59=PLANE('',#58);
#60=CARTESIAN_POINT('',(40.621320344,45.5,0.));
#61=VERTEX_POINT('',#60);
#62=CARTESIAN_POINT('',(43.5,48.378679656,0.));
#63=VERTEX_POINT('',#62);
#64=CARTESIAN_POINT('',(40.621320344,45.5,0.));
#65=DIRECTION('',(0.707106781,0.707106781,0.));
#66=VECTOR('',#65,4.071067812);
#67=LINE('',#64,#66);
#68=EDGE_CURVE('',#61,#63,#67,.T.);
#69=ORIENTED_EDGE('',*,*,#68,.T.);
#70=CARTESIAN_POINT('',(43.5,88.621320344,0.));
#71=VERTEX_POINT('',#70);
#72=CARTESIAN_POINT('',(43.5,48.378679656,0.));
#73=DIRECTION('',(0.,1.,0.));
#74=VECTOR('',#73,40.242640687);
#75=LINE('',#72,#74);
#76=EDGE_CURVE('',#63,#71,#75,.T.);
#77=ORIENTED_EDGE('',*,*,#76,.T.);
#78=CARTESIAN_POINT('',(40.621320344,91.5,0.));
#79=VERTEX_POINT('',#78);
#80=CARTESIAN_POINT('',(43.5,88.621320344,0.));
#81=DIRECTION('',(-0.707106781,0.707106781,0.));
#82=VECTOR('',#81,4.071067812);
#83=LINE('',#80,#82);
#84=EDGE_CURVE('',#71,#79,#83,.T.);
#85=ORIENTED_EDGE('',*,*,#84,.T.);
#86=CARTESIAN_POINT('',(-1.621320344,91.5,0.));
#87=VERTEX_POINT('',#86);
#88=CARTESIAN_POINT('',(40.621320344,91.5,0.));
#89=DIRECTION('',(-1.,-0.,0.));
#90=VECTOR('',#89,42.242640687);
#91=LINE('',#88,#90);
#92=EDGE_CURVE('',#79,#87,#91,.T.);
#93=ORIENTED_EDGE('',*,*,#92,.T.);
#94=CARTESIAN_POINT('',(-4.5,88.621320344,0.));
#95=VERTEX_POINT('',#94);
#96=CARTESIAN_POINT('',(-1.621320344,91.5,0.));
#97=DIRECTION('',(-0.707106781,-0.707106781,0.));
#98=VECTOR('',#97,4.071067812);
#99=LINE('',#96,#98);
#100=EDGE_CURVE('',#87,#95,#99,.T.);
#101=ORIENTED_EDGE('',*,*,#100,.T.);
#102=CARTESIAN_POINT('',(-4.5,48.378679656,0.));
#103=VERTEX_POINT('',#102);
#104=CARTESIAN_POINT('',(-4.5,88.621320344,0.));
#105=DIRECTION('',(0.,-1.,0.));
#106=VECTOR('',#105,40.242640687);
#107=LINE('',#104,#106);
#108=EDGE_CURVE('',#95,#103,#107,.T.);
#109=ORIENTED_EDGE('',*,*,#108,.T.);
#110=CARTESIAN_POINT('',(-1.621320344,45.5,0.));
#111=VERTEX_POINT('',#110);
#112=CARTESIAN_POINT('',(-4.5,48.378679656,0.));
#113=DIRECTION('',(0.707106781,-0.707106781,0.));
#114=VECTOR('',#113,4.071067812);
#115=LINE('',#112,#114);
#116=EDGE_CURVE('',#103,#111,#115,.T.);
#117=ORIENTED_EDGE('',*,*,#116,.T.);
#118=CARTESIAN_POINT('',(-1.621320344,45.5,0.));
#119=DIRECTION('',(1.,0.,-0.));
#120=VECTOR('',#119,42.242640687);
#121=LINE('',#118,#120);
#122=EDGE_CURVE('',#111,#61,#121,.T.);
#123=ORIENTED_EDGE('',*,*,#122,.T.);
#124=EDGE_LOOP('',(#69,#77,#85,#93,#101,#109,#117,#123));
#125=FACE_BOUND('',#124,.T.);
#126=CARTESIAN_POINT('',(43.,86.424533039,0.));
#127=VERTEX_POINT('',#126);
#128=CARTESIAN_POINT('',(41.998326778,86.424533039,0.));
#129=VERTEX_POINT('',#128);
#130=CARTESIAN_POINT('',(43.,86.424533039,0.));
#131=DIRECTION('',(-1.,0.,0.));
#132=VECTOR('',#131,1.001673222);
#133=LINE('',#130,#132);
#134=EDGE_CURVE('',#127,#129,#133,.T.);
#135=ORIENTED_EDGE('',*,*,#134,.T.);
#136=CARTESIAN_POINT('',(41.998326778,53.150933922,-0.));
#137=VERTEX_POINT('',#136);
#138=CARTESIAN_POINT('',(41.998326778,86.424533039,0.));
#139=DIRECTION('',(0.,-1.,0.));
#140=VECTOR('',#139,33.273599117);
#141=LINE('',#138,#140);
#142=EDGE_CURVE('',#129,#137,#141,.T.);
#143=ORIENTED_EDGE('',*,*,#142,.T.);
#144=CARTESIAN_POINT('',(43.,53.150933922,-0.));
#145=VERTEX_POINT('',#144);
#146=CARTESIAN_POINT('',(41.998326778,53.150933922,-0.));
#147=DIRECTION('',(1.,0.,-0.));
#148=VECTOR('',#147,1.001673222);
#149=LINE('',#146,#148);
#150=EDGE_CURVE('',#137,#145,#149,.T.);
#151=ORIENTED_EDGE('',*,*,#150,.T.);
#152=CARTESIAN_POINT('',(43.,48.585786438,0.));
#153=VERTEX_POINT('',#152);
#154=CARTESIAN_POINT('',(43.,53.150933922,0.));
#155=DIRECTION('',(0.,-1.,0.));
#156=VECTOR('',#155,4.565147484);
#157=LINE('',#154,#156);
#158=EDGE_CURVE('',#145,#153,#157,.T.);
#159=ORIENTED_EDGE('',*,*,#158,.T.);
#160=CARTESIAN_POINT('',(40.414213562,46.,0.));
#161=VERTEX_POINT('',#160);
#162=CARTESIAN_POINT('',(43.,48.585786438,0.));
#163=DIRECTION('',(-0.707106781,-0.707106781,0.));
#164=VECTOR('',#163,3.656854249);
#165=LINE('',#162,#164);
#166=EDGE_CURVE('',#153,#161,#165,.T.);
#167=ORIENTED_EDGE('',*,*,#166,.T.);
#168=CARTESIAN_POINT('',(-1.414213562,46.,0.));
#169=VERTEX_POINT('',#168);
#170=CARTESIAN_POINT('',(40.414213562,46.,0.));
#171=DIRECTION('',(-1.,0.,0.));
#172=VECTOR('',#171,41.828427125);
#173=LINE('',#170,#172);
#174=EDGE_CURVE('',#161,#169,#173,.T.);
#175=ORIENTED_EDGE('',*,*,#174,.T.);
#176=CARTESIAN_POINT('',(-4.,48.585786438,0.));
#177=VERTEX_POINT('',#176);
#178=CARTESIAN_POINT('',(-1.414213562,46.,0.));
#179=DIRECTION('',(-0.707106781,0.707106781,0.));
#180=VECTOR('',#179,3.656854249);
#181=LINE('',#178,#180);
#182=EDGE_CURVE('',#169,#177,#181,.T.);
#183=ORIENTED_EDGE('',*,*,#182,.T.);
#184=CARTESIAN_POINT('',(-4.,88.414213562,0.));
#185=VERTEX_POINT('',#184);
#186=CARTESIAN_POINT('',(-4.,48.585786438,0.));
#187=DIRECTION('',(0.,1.,0.));
#188=VECTOR('',#187,39.828427125);
#189=LINE('',#186,#188);
#190=EDGE_CURVE('',#177,#185,#189,.T.);
#191=ORIENTED_EDGE('',*,*,#190,.T.);
#192=CARTESIAN_POINT('',(-1.414213562,91.,0.));
#193=VERTEX_POINT('',#192);
#194=CARTESIAN_POINT('',(-4.,88.414213562,0.));
#195=DIRECTION('',(0.707106781,0.707106781,0.));
#196=VECTOR('',#195,3.656854249);
#197=LINE('',#194,#196);
#198=EDGE_CURVE('',#185,#193,#197,.T.);
#199=ORIENTED_EDGE('',*,*,#198,.T.);
#200=CARTESIAN_POINT('',(40.414213562,91.,0.));
#201=VERTEX_POINT('',#200);
#202=CARTESIAN_POINT('',(-1.414213562,91.,0.));
#203=DIRECTION('',(1.,0.,0.));
#204=VECTOR('',#203,41.828427125);
#205=LINE('',#202,#204);
#206=EDGE_CURVE('',#193,#201,#205,.T.);
#207=ORIENTED_EDGE('',*,*,#206,.T.);
#208=CARTESIAN_POINT('',(43.,88.414213562,0.));
#209=VERTEX_POINT('',#208);
#210=CARTESIAN_POINT('',(40.414213562,91.,0.));
#211=DIRECTION('',(0.707106781,-0.707106781,0.));
#212=VECTOR('',#211,3.656854249);
#213=LINE('',#210,#212);
#214=EDGE_CURVE('',#201,#209,#213,.T.);
#215=ORIENTED_EDGE('',*,*,#214,.T.);
#216=CARTESIAN_POINT('',(43.,88.414213562,0.));
#217=DIRECTION('',(0.,-1.,0.));
#218=VECTOR('',#217,1.989680523);
#219=LINE('',#216,#218);
#220=EDGE_CURVE('',#209,#127,#219,.T.);
#221=ORIENTED_EDGE('',*,*,#220,.T.);
#222=EDGE_LOOP('',(#135,#143,#151,#159,#167,#175,#183,#191,#199,#207,#215,#221));
#223=FACE_BOUND('',#222,.T.);
#224=ADVANCED_FACE('',(#125,#223),#59,.T.);
#225=CARTESIAN_POINT('',(33.709583101,51.5,6.5));
#226=DIRECTION('',(-1.,0.,0.));
#227=DIRECTION('',(0.,0.,1.));
#228=AXIS2_PLACEMENT_3D('',#225,#226,#227);
#229=CYLINDRICAL_SURFACE('',#228,0.5);
#230=CARTESIAN_POINT('',(33.209608173,51.5,7.));
#231=VERTEX_POINT('',#230);
#232=CARTESIAN_POINT('',(33.209446553,52.,6.5));
#233=VERTEX_POINT('',#232);
#234=CARTESIAN_POINT('',(33.209608173,51.5,6.5));
#235=DIRECTION('',(-0.999999948,-0.00032324,0.));
#236=DIRECTION('',(-0.00032324,0.999999948,0.));
#237=AXIS2_PLACEMENT_3D('',#234,#235,#236);
#238=ELLIPSE('',#237,0.500000026,0.5);
#239=EDGE_CURVE('',#231,#233,#238,.T.);
#240=ORIENTED_EDGE('',*,*,#239,.F.);
#241=CARTESIAN_POINT('',(34.6,51.5,7.));
#242=VERTEX_POINT('',#241);
#243=CARTESIAN_POINT('',(34.6,51.5,7.));
#244=DIRECTION('',(-1.,-0.,0.));
#245=VECTOR('',#244,1.390391827);
#246=LINE('',#243,#245);
#247=EDGE_CURVE('',#242,#231,#246,.T.);
#248=ORIENTED_EDGE('',*,*,#247,.F.);
#249=CARTESIAN_POINT('',(34.6,52.,6.5));
#250=VERTEX_POINT('',#249);
#251=CARTESIAN_POINT('',(34.6,51.5,6.5));
#252=DIRECTION('',(1.,-0.,-0.));
#253=DIRECTION('',(-0.,-1.,0.));
#254=AXIS2_PLACEMENT_3D('',#251,#252,#253);
#255=CIRCLE('',#254,0.5);
#256=EDGE_CURVE('',#250,#242,#255,.T.);
#257=ORIENTED_EDGE('',*,*,#256,.F.);
#258=CARTESIAN_POINT('',(33.209446553,52.,6.5));
#259=DIRECTION('',(1.,0.,-0.));
#260=VECTOR('',#259,1.390553447);
#261=LINE('',#258,#260);
#262=EDGE_CURVE('',#233,#250,#261,.T.);
#263=ORIENTED_EDGE('',*,*,#262,.F.);
#264=EDGE_LOOP('',(#240,#248,#257,#263));
#265=FACE_BOUND('',#264,.T.);
#266=ADVANCED_FACE('',(#265),#229,.T.);
#267=COLOUR_RGB('',0.627451003,0.627451003,0.643137276);
#268=FILL_AREA_STYLE_COLOUR('',#267);
#269=FILL_AREA_STYLE('',(#268));
#270=SURFACE_STYLE_FILL_AREA(#269);
#271=SURFACE_SIDE_STYLE('',(#270));
#272=SURFACE_STYLE_USAGE(.BOTH.,#271);
#273=PRESENTATION_STYLE_ASSIGNMENT((#272));
#274=OVER_RIDING_STYLED_ITEM('',(#273),#266,#54);
#275=CARTESIAN_POINT('',(0.,47.3,7.));
#276=DIRECTION('',(0.,0.,1.));
#277=DIRECTION('',(1.,0.,0.));
#278=AXIS2_PLACEMENT_3D('',#275,#276,#277);
#279=PLANE('',#278);
#280=CARTESIAN_POINT('',(34.6,50.6,7.));
#281=VERTEX_POINT('',#280);
#282=CARTESIAN_POINT('',(34.6,51.5,7.));
#283=DIRECTION('',(-0.,-1.,0.));
#284=VECTOR('',#283,0.9);
#285=LINE('',#282,#284);
#286=EDGE_CURVE('',#242,#281,#285,.T.);
#287=ORIENTED_EDGE('',*,*,#286,.F.);
#288=ORIENTED_EDGE('',*,*,#247,.T.);
#289=CARTESIAN_POINT('',(33.20989909,50.6,7.));
#290=VERTEX_POINT('',#289);
#291=CARTESIAN_POINT('',(33.209608173,51.5,7.));
#292=DIRECTION('',(0.00032324,-0.999999948,0.));
#293=VECTOR('',#292,0.900000047);
#294=LINE('',#291,#293);
#295=EDGE_CURVE('',#231,#290,#294,.T.);
#296=ORIENTED_EDGE('',*,*,#295,.T.);
#297=CARTESIAN_POINT('',(34.6,50.6,7.));
#298=DIRECTION('',(-1.,0.,0.));
#299=VECTOR('',#298,1.39010091);
#300=LINE('',#297,#299);
#301=EDGE_CURVE('',#281,#290,#300,.T.);
#302=ORIENTED_EDGE('',*,*,#301,.F.);
#303=EDGE_LOOP('',(#287,#288,#296,#302));
#304=FACE_BOUND('',#303,.T.);
#305=ADVANCED_FACE('',(#304),#279,.T.);
#306=OVER_RIDING_STYLED_ITEM('',(#273),#305,#54);
#307=CARTESIAN_POINT('',(41.070710678,89.070710678,4.5));
#308=DIRECTION('',(0.,0.,1.));
#309=DIRECTION('',(1.,0.,0.));
#310=AXIS2_PLACEMENT_3D('',#307,#308,#309);
#311=PLANE('',#310);
#312=CARTESIAN_POINT('',(42.070710678,88.070710678,4.5));
#313=VERTEX_POINT('',#312);
#314=CARTESIAN_POINT('',(42.,88.,4.5));
#315=VERTEX_POINT('',#314);
#316=CARTESIAN_POINT('',(42.070710678,88.070710678,4.5));
#317=DIRECTION('',(-0.707106781,-0.707106781,0.));
#318=VECTOR('',#317,0.1);
#319=LINE('',#316,#318);
#320=EDGE_CURVE('',#313,#315,#319,.T.);
#321=ORIENTED_EDGE('',*,*,#320,.F.);
#322=CARTESIAN_POINT('',(40.070710678,90.070710678,4.5));
#323=VERTEX_POINT('',#322);
#324=CARTESIAN_POINT('',(42.070710678,88.070710678,4.5));
#325=DIRECTION('',(-0.707106781,0.707106781,0.));
#326=VECTOR('',#325,2.828427125);
#327=LINE('',#324,#326);
#328=EDGE_CURVE('',#313,#323,#327,.T.);
#329=ORIENTED_EDGE('',*,*,#328,.T.);
#330=CARTESIAN_POINT('',(40.,90.,4.5));
#331=VERTEX_POINT('',#330);
#332=CARTESIAN_POINT('',(40.070710678,90.070710678,4.5));
#333=DIRECTION('',(-0.707106781,-0.707106781,0.));
#334=VECTOR('',#333,0.1);
#335=LINE('',#332,#334);
#336=EDGE_CURVE('',#323,#331,#335,.T.);
#337=ORIENTED_EDGE('',*,*,#336,.T.);
#338=CARTESIAN_POINT('',(42.,88.,4.5));
#339=DIRECTION('',(-0.707106781,0.707106781,0.));
#340=VECTOR('',#339,2.828427125);
#341=LINE('',#338,#340);
#342=EDGE_CURVE('',#315,#331,#341,.T.);
#343=ORIENTED_EDGE('',*,*,#342,.F.);
#344=EDGE_LOOP('',(#321,#329,#337,#343));
#345=FACE_BOUND('',#344,.T.);
#346=ADVANCED_FACE('',(#345),#311,.T.);
#347=CARTESIAN_POINT('',(40.070710678,90.070710678,4.9));
#348=DIRECTION('',(0.5,0.5,-0.707106781));
#349=DIRECTION('',(0.707106781,-0.707106781,0.));
#350=AXIS2_PLACEMENT_3D('',#347,#348,#349);
#351=PLANE('',#350);
#352=CARTESIAN_POINT('',(40.091421356,90.091421356,4.929289322));
#353=VERTEX_POINT('',#352);
#354=CARTESIAN_POINT('',(40.,90.,4.8));
#355=VERTEX_POINT('',#354);
#356=CARTESIAN_POINT('',(40.091421356,90.091421356,4.929289322));
#357=DIRECTION('',(-0.5,-0.5,-0.707106781));
#358=VECTOR('',#357,0.182842712);
#359=LINE('',#356,#358);
#360=EDGE_CURVE('',#353,#355,#359,.T.);
#361=ORIENTED_EDGE('',*,*,#360,.F.);
#362=CARTESIAN_POINT('',(42.091421356,88.091421356,4.929289322));
#363=VERTEX_POINT('',#362);
#364=CARTESIAN_POINT('',(40.091421356,90.091421356,4.929289322));
#365=DIRECTION('',(0.707106781,-0.707106781,0.));
#366=VECTOR('',#365,2.828427125);
#367=LINE('',#364,#366);
#368=EDGE_CURVE('',#353,#363,#367,.T.);
#369=ORIENTED_EDGE('',*,*,#368,.T.);
#370=CARTESIAN_POINT('',(42.,88.,4.8));
#371=VERTEX_POINT('',#370);
#372=CARTESIAN_POINT('',(42.,88.,4.8));
#373=DIRECTION('',(0.5,0.5,0.707106781));
#374=VECTOR('',#373,0.182842712);
#375=LINE('',#372,#374);
#376=EDGE_CURVE('',#371,#363,#375,.T.);
#377=ORIENTED_EDGE('',*,*,#376,.F.);
#378=CARTESIAN_POINT('',(42.,88.,4.8));
#379=DIRECTION('',(-0.707106781,0.707106781,0.));
#380=VECTOR('',#379,2.828427125);
#381=LINE('',#378,#380);
#382=EDGE_CURVE('',#371,#355,#381,.T.);
#383=ORIENTED_EDGE('',*,*,#382,.T.);
#384=EDGE_LOOP('',(#361,#369,#377,#383));
#385=FACE_BOUND('',#384,.T.);
#386=ADVANCED_FACE('',(#385),#351,.T.);
#387=CARTESIAN_POINT('',(40.091421356,90.091421356,4.929289322));
#388=DIRECTION('',(-0.653281482,-0.653281482,-0.382683432));
#389=DIRECTION('',(0.707106781,-0.707106781,-0.));
#390=AXIS2_PLACEMENT_3D('',#387,#388,#389);
#391=PLANE('',#390);
#392=CARTESIAN_POINT('',(40.070710678,90.070710678,5.));
#393=VERTEX_POINT('',#392);
#394=CARTESIAN_POINT('',(40.070710678,90.070710678,5.));
#395=DIRECTION('',(0.27059805,0.27059805,-0.923879533));
#396=VECTOR('',#395,0.076536686);
#397=LINE('',#394,#396);
#398=EDGE_CURVE('',#393,#353,#397,.T.);
#399=ORIENTED_EDGE('',*,*,#398,.F.);
#400=CARTESIAN_POINT('',(42.070710678,88.070710678,5.));
#401=VERTEX_POINT('',#400);
#402=CARTESIAN_POINT('',(42.070710678,88.070710678,5.));
#403=DIRECTION('',(-0.707106781,0.707106781,0.));
#404=VECTOR('',#403,2.828427125);
#405=LINE('',#402,#404);
#406=EDGE_CURVE('',#401,#393,#405,.T.);
#407=ORIENTED_EDGE('',*,*,#406,.F.);
#408=CARTESIAN_POINT('',(42.091421356,88.091421356,4.929289322));
#409=DIRECTION('',(-0.27059805,-0.27059805,0.923879533));
#410=VECTOR('',#409,0.076536686);
#411=LINE('',#408,#410);
#412=EDGE_CURVE('',#363,#401,#411,.T.);
#413=ORIENTED_EDGE('',*,*,#412,.F.);
#414=ORIENTED_EDGE('',*,*,#368,.F.);
#415=EDGE_LOOP('',(#399,#407,#413,#414));
#416=FACE_BOUND('',#415,.T.);
#417=ADVANCED_FACE('',(#416),#391,.F.);
#418=CARTESIAN_POINT('',(41.070710678,89.070710678,5.));
#419=DIRECTION('',(0.,0.,1.));
#420=DIRECTION('',(1.,0.,0.));
#421=AXIS2_PLACEMENT_3D('',#418,#419,#420);
#422=PLANE('',#421);
#423=CARTESIAN_POINT('',(42.,88.,5.));
#424=VERTEX_POINT('',#423);
#425=CARTESIAN_POINT('',(42.070710678,88.070710678,5.));
#426=DIRECTION('',(-0.707106781,-0.707106781,0.));
#427=VECTOR('',#426,0.1);
#428=LINE('',#425,#427);
#429=EDGE_CURVE('',#401,#424,#428,.T.);
#430=ORIENTED_EDGE('',*,*,#429,.F.);
#431=ORIENTED_EDGE('',*,*,#406,.T.);
#432=CARTESIAN_POINT('',(40.,90.,5.));
#433=VERTEX_POINT('',#432);
#434=CARTESIAN_POINT('',(40.070710678,90.070710678,5.));
#435=DIRECTION('',(-0.707106781,-0.707106781,0.));
#436=VECTOR('',#435,0.1);
#437=LINE('',#434,#436);
#438=EDGE_CURVE('',#393,#433,#437,.T.);
#439=ORIENTED_EDGE('',*,*,#438,.T.);
#440=CARTESIAN_POINT('',(42.,88.,5.));
#441=DIRECTION('',(-0.707106781,0.707106781,0.));
#442=VECTOR('',#441,2.828427125);
#443=LINE('',#440,#442);
#444=EDGE_CURVE('',#424,#433,#443,.T.);
#445=ORIENTED_EDGE('',*,*,#444,.F.);
#446=EDGE_LOOP('',(#430,#431,#439,#445));
#447=FACE_BOUND('',#446,.T.);
#448=ADVANCED_FACE('',(#447),#422,.T.);
#449=CARTESIAN_POINT('',(41.070710678,47.929289322,5.));
#450=DIRECTION('',(0.,0.,1.));
#451=DIRECTION('',(1.,0.,0.));
#452=AXIS2_PLACEMENT_3D('',#449,#450,#451);
#453=PLANE('',#452);
#454=CARTESIAN_POINT('',(40.070710678,46.929289322,5.));
#455=VERTEX_POINT('',#454);
#456=CARTESIAN_POINT('',(40.,47.,5.));
#457=VERTEX_POINT('',#456);
#458=CARTESIAN_POINT('',(40.070710678,46.929289322,5.));
#459=DIRECTION('',(-0.707106781,0.707106781,0.));
#460=VECTOR('',#459,0.1);
#461=LINE('',#458,#460);
#462=EDGE_CURVE('',#455,#457,#461,.T.);
#463=ORIENTED_EDGE('',*,*,#462,.F.);
#464=CARTESIAN_POINT('',(42.070710678,48.929289322,5.));
#465=VERTEX_POINT('',#464);
#466=CARTESIAN_POINT('',(40.070710678,46.929289322,5.));
#467=DIRECTION('',(0.707106781,0.707106781,0.));
#468=VECTOR('',#467,2.828427125);
#469=LINE('',#466,#468);
#470=EDGE_CURVE('',#455,#465,#469,.T.);
#471=ORIENTED_EDGE('',*,*,#470,.T.);
#472=CARTESIAN_POINT('',(42.,49.,5.));
#473=VERTEX_POINT('',#472);
#474=CARTESIAN_POINT('',(42.070710678,48.929289322,5.));
#475=DIRECTION('',(-0.707106781,0.707106781,0.));
#476=VECTOR('',#475,0.1);
#477=LINE('',#474,#476);
#478=EDGE_CURVE('',#465,#473,#477,.T.);
#479=ORIENTED_EDGE('',*,*,#478,.T.);
#480=CARTESIAN_POINT('',(40.,47.,5.));
#481=DIRECTION('',(0.707106781,0.707106781,0.));
#482=VECTOR('',#481,2.828427125);
#483=LINE('',#480,#482);
#484=EDGE_CURVE('',#457,#473,#483,.T.);
#485=ORIENTED_EDGE('',*,*,#484,.F.);
#486=EDGE_LOOP('',(#463,#471,#479,#485));
#487=FACE_BOUND('',#486,.T.);
#488=ADVANCED_FACE('',(#487),#453,.T.);
#489=CARTESIAN_POINT('',(41.070710678,47.929289322,5.));
#490=DIRECTION('',(-0.653281482,0.653281482,-0.382683432));
#491=DIRECTION('',(0.707106781,0.707106781,0.));
#492=AXIS2_PLACEMENT_3D('',#489,#490,#491);
#493=PLANE('',#492);
#494=CARTESIAN_POINT('',(40.091421356,46.908578644,4.929289322));
#495=VERTEX_POINT('',#494);
#496=CARTESIAN_POINT('',(40.091421356,46.908578644,4.929289322));
#497=DIRECTION('',(-0.27059805,0.27059805,0.923879533));
#498=VECTOR('',#497,0.076536686);
#499=LINE('',#496,#498);
#500=EDGE_CURVE('',#495,#455,#499,.T.);
#501=ORIENTED_EDGE('',*,*,#500,.F.);
#502=CARTESIAN_POINT('',(42.091421356,48.908578644,4.929289322));
#503=VERTEX_POINT('',#502);
#504=CARTESIAN_POINT('',(42.091421356,48.908578644,4.929289322));
#505=DIRECTION('',(-0.707106781,-0.707106781,0.));
#506=VECTOR('',#505,2.828427125);
#507=LINE('',#504,#506);
#508=EDGE_CURVE('',#503,#495,#507,.T.);
#509=ORIENTED_EDGE('',*,*,#508,.F.);
#510=CARTESIAN_POINT('',(42.070710678,48.929289322,5.));
#511=DIRECTION('',(0.27059805,-0.27059805,-0.923879533));
#512=VECTOR('',#511,0.076536686);
#513=LINE('',#510,#512);
#514=EDGE_CURVE('',#465,#503,#513,.T.);
#515=ORIENTED_EDGE('',*,*,#514,.F.);
#516=ORIENTED_EDGE('',*,*,#470,.F.);
#517=EDGE_LOOP('',(#501,#509,#515,#516));
#518=FACE_BOUND('',#517,.T.);
#519=ADVANCED_FACE('',(#518),#493,.F.);
#520=CARTESIAN_POINT('',(21.570710678,28.429289322,4.9));
#521=DIRECTION('',(0.5,-0.5,-0.707106781));
#522=DIRECTION('',(-0.707106781,-0.707106781,0.));
#523=AXIS2_PLACEMENT_3D('',#520,#521,#522);
#524=PLANE('',#523);
#525=CARTESIAN_POINT('',(42.,49.,4.8));
#526=VERTEX_POINT('',#525);
#527=CARTESIAN_POINT('',(42.091421356,48.908578644,4.929289322));
#528=DIRECTION('',(-0.5,0.5,-0.707106781));
#529=VECTOR('',#528,0.182842712);
#530=LINE('',#527,#529);
#531=EDGE_CURVE('',#503,#526,#530,.T.);
#532=ORIENTED_EDGE('',*,*,#531,.F.);
#533=ORIENTED_EDGE('',*,*,#508,.T.);
#534=CARTESIAN_POINT('',(40.,47.,4.8));
#535=VERTEX_POINT('',#534);
#536=CARTESIAN_POINT('',(40.,47.,4.8));
#537=DIRECTION('',(0.5,-0.5,0.707106781));
#538=VECTOR('',#537,0.182842712);
#539=LINE('',#536,#538);
#540=EDGE_CURVE('',#535,#495,#539,.T.);
#541=ORIENTED_EDGE('',*,*,#540,.F.);
#542=CARTESIAN_POINT('',(40.,47.,4.8));
#543=DIRECTION('',(0.707106781,0.707106781,0.));
#544=VECTOR('',#543,2.828427125);
#545=LINE('',#542,#544);
#546=EDGE_CURVE('',#535,#526,#545,.T.);
#547=ORIENTED_EDGE('',*,*,#546,.T.);
#548=EDGE_LOOP('',(#532,#533,#541,#547));
#549=FACE_BOUND('',#548,.T.);
#550=ADVANCED_FACE('',(#549),#524,.T.);
#551=CARTESIAN_POINT('',(41.070710678,47.929289322,4.5));
#552=DIRECTION('',(0.,0.,1.));
#553=DIRECTION('',(1.,0.,0.));
#554=AXIS2_PLACEMENT_3D('',#551,#552,#553);
#555=PLANE('',#554);
#556=CARTESIAN_POINT('',(40.070710678,46.929289322,4.5));
#557=VERTEX_POINT('',#556);
#558=CARTESIAN_POINT('',(40.,47.,4.5));
#559=VERTEX_POINT('',#558);
#560=CARTESIAN_POINT('',(40.070710678,46.929289322,4.5));
#561=DIRECTION('',(-0.707106781,0.707106781,0.));
#562=VECTOR('',#561,0.1);
#563=LINE('',#560,#562);
#564=EDGE_CURVE('',#557,#559,#563,.T.);
#565=ORIENTED_EDGE('',*,*,#564,.F.);
#566=CARTESIAN_POINT('',(42.070710678,48.929289322,4.5));
#567=VERTEX_POINT('',#566);
#568=CARTESIAN_POINT('',(40.070710678,46.929289322,4.5));
#569=DIRECTION('',(0.707106781,0.707106781,0.));
#570=VECTOR('',#569,2.828427125);
#571=LINE('',#568,#570);
#572=EDGE_CURVE('',#557,#567,#571,.T.);
#573=ORIENTED_EDGE('',*,*,#572,.T.);
#574=CARTESIAN_POINT('',(42.,49.,4.5));
#575=VERTEX_POINT('',#574);
#576=CARTESIAN_POINT('',(42.070710678,48.929289322,4.5));
#577=DIRECTION('',(-0.707106781,0.707106781,0.));
#578=VECTOR('',#577,0.1);
#579=LINE('',#576,#578);
#580=EDGE_CURVE('',#567,#575,#579,.T.);
#581=ORIENTED_EDGE('',*,*,#580,.T.);
#582=CARTESIAN_POINT('',(40.,47.,4.5));
#583=DIRECTION('',(0.707106781,0.707106781,0.));
#584=VECTOR('',#583,2.828427125);
#585=LINE('',#582,#584);
#586=EDGE_CURVE('',#559,#575,#585,.T.);
#587=ORIENTED_EDGE('',*,*,#586,.F.);
#588=EDGE_LOOP('',(#565,#573,#581,#587));
#589=FACE_BOUND('',#588,.T.);
#590=ADVANCED_FACE('',(#589),#555,.T.);
#591=CARTESIAN_POINT('',(-2.070710678,89.070710678,4.5));
#592=DIRECTION('',(0.,0.,1.));
#593=DIRECTION('',(1.,0.,0.));
#594=AXIS2_PLACEMENT_3D('',#591,#592,#593);
#595=PLANE('',#594);
#596=CARTESIAN_POINT('',(-1.070710678,90.070710678,4.5));
#597=VERTEX_POINT('',#596);
#598=CARTESIAN_POINT('',(-1.,90.,4.5));
#599=VERTEX_POINT('',#598);
#600=CARTESIAN_POINT('',(-1.070710678,90.070710678,4.5));
#601=DIRECTION('',(0.707106781,-0.707106781,0.));
#602=VECTOR('',#601,0.1);
#603=LINE('',#600,#602);
#604=EDGE_CURVE('',#597,#599,#603,.T.);
#605=ORIENTED_EDGE('',*,*,#604,.F.);
#606=CARTESIAN_POINT('',(-3.070710678,88.070710678,4.5));
#607=VERTEX_POINT('',#606);
#608=CARTESIAN_POINT('',(-1.070710678,90.070710678,4.5));
#609=DIRECTION('',(-0.707106781,-0.707106781,0.));
#610=VECTOR('',#609,2.828427125);
#611=LINE('',#608,#610);
#612=EDGE_CURVE('',#597,#607,#611,.T.);
#613=ORIENTED_EDGE('',*,*,#612,.T.);
#614=CARTESIAN_POINT('',(-3.,88.,4.5));
#615=VERTEX_POINT('',#614);
#616=CARTESIAN_POINT('',(-3.070710678,88.070710678,4.5));
#617=DIRECTION('',(0.707106781,-0.707106781,0.));
#618=VECTOR('',#617,0.1);
#619=LINE('',#616,#618);
#620=EDGE_CURVE('',#607,#615,#619,.T.);
#621=ORIENTED_EDGE('',*,*,#620,.T.);
#622=CARTESIAN_POINT('',(-1.,90.,4.5));
#623=DIRECTION('',(-0.707106781,-0.707106781,0.));
#624=VECTOR('',#623,2.828427125);
#625=LINE('',#622,#624);
#626=EDGE_CURVE('',#599,#615,#625,.T.);
#627=ORIENTED_EDGE('',*,*,#626,.F.);
#628=EDGE_LOOP('',(#605,#613,#621,#627));
#629=FACE_BOUND('',#628,.T.);
#630=ADVANCED_FACE('',(#629),#595,.T.);
#631=CARTESIAN_POINT('',(-20.570710678,70.570710678,4.9));
#632=DIRECTION('',(-0.5,0.5,-0.707106781));
#633=DIRECTION('',(0.707106781,0.707106781,-0.));
#634=AXIS2_PLACEMENT_3D('',#631,#632,#633);
#635=PLANE('',#634);
#636=CARTESIAN_POINT('',(-3.091421356,88.091421356,4.929289322));
#637=VERTEX_POINT('',#636);
#638=CARTESIAN_POINT('',(-3.,88.,4.8));
#639=VERTEX_POINT('',#638);
#640=CARTESIAN_POINT('',(-3.091421356,88.091421356,4.929289322));
#641=DIRECTION('',(0.5,-0.5,-0.707106781));
#642=VECTOR('',#641,0.182842712);
#643=LINE('',#640,#642);
#644=EDGE_CURVE('',#637,#639,#643,.T.);
#645=ORIENTED_EDGE('',*,*,#644,.F.);
#646=CARTESIAN_POINT('',(-1.091421356,90.091421356,4.929289322));
#647=VERTEX_POINT('',#646);
#648=CARTESIAN_POINT('',(-3.091421356,88.091421356,4.929289322));
#649=DIRECTION('',(0.707106781,0.707106781,0.));
#650=VECTOR('',#649,2.828427125);
#651=LINE('',#648,#650);
#652=EDGE_CURVE('',#637,#647,#651,.T.);
#653=ORIENTED_EDGE('',*,*,#652,.T.);
#654=CARTESIAN_POINT('',(-1.,90.,4.8));
#655=VERTEX_POINT('',#654);
#656=CARTESIAN_POINT('',(-1.,90.,4.8));
#657=DIRECTION('',(-0.5,0.5,0.707106781));
#658=VECTOR('',#657,0.182842712);
#659=LINE('',#656,#658);
#660=EDGE_CURVE('',#655,#647,#659,.T.);
#661=ORIENTED_EDGE('',*,*,#660,.F.);
#662=CARTESIAN_POINT('',(-1.,90.,4.8));
#663=DIRECTION('',(-0.707106781,-0.707106781,0.));
#664=VECTOR('',#663,2.828427125);
#665=LINE('',#662,#664);
#666=EDGE_CURVE('',#655,#639,#665,.T.);
#667=ORIENTED_EDGE('',*,*,#666,.T.);
#668=EDGE_LOOP('',(#645,#653,#661,#667));
#669=FACE_BOUND('',#668,.T.);
#670=ADVANCED_FACE('',(#669),#635,.T.);
#671=CARTESIAN_POINT('',(-2.070710678,89.070710678,5.));
#672=DIRECTION('',(0.653281482,-0.653281482,-0.382683432));
#673=DIRECTION('',(-0.707106781,-0.707106781,0.));
#674=AXIS2_PLACEMENT_3D('',#671,#672,#673);
#675=PLANE('',#674);
#676=CARTESIAN_POINT('',(-1.070710678,90.070710678,5.));
#677=VERTEX_POINT('',#676);
#678=CARTESIAN_POINT('',(-1.091421356,90.091421356,4.929289322));
#679=DIRECTION('',(0.27059805,-0.27059805,0.923879533));
#680=VECTOR('',#679,0.076536686);
#681=LINE('',#678,#680);
#682=EDGE_CURVE('',#647,#677,#681,.T.);
#683=ORIENTED_EDGE('',*,*,#682,.F.);
#684=ORIENTED_EDGE('',*,*,#652,.F.);
#685=CARTESIAN_POINT('',(-3.070710678,88.070710678,5.));
#686=VERTEX_POINT('',#685);
#687=CARTESIAN_POINT('',(-3.070710678,88.070710678,5.));
#688=DIRECTION('',(-0.27059805,0.27059805,-0.923879533));
#689=VECTOR('',#688,0.076536686);
#690=LINE('',#687,#689);
#691=EDGE_CURVE('',#686,#637,#690,.T.);
#692=ORIENTED_EDGE('',*,*,#691,.F.);
#693=CARTESIAN_POINT('',(-1.070710678,90.070710678,5.));
#694=DIRECTION('',(-0.707106781,-0.707106781,0.));
#695=VECTOR('',#694,2.828427125);
#696=LINE('',#693,#695);
#697=EDGE_CURVE('',#677,#686,#696,.T.);
#698=ORIENTED_EDGE('',*,*,#697,.F.);
#699=EDGE_LOOP('',(#683,#684,#692,#698));
#700=FACE_BOUND('',#699,.T.);
#701=ADVANCED_FACE('',(#700),#675,.F.);
#702=CARTESIAN_POINT('',(-2.070710678,89.070710678,5.));
#703=DIRECTION('',(0.,0.,1.));
#704=DIRECTION('',(1.,0.,0.));
#705=AXIS2_PLACEMENT_3D('',#702,#703,#704);
#706=PLANE('',#705);
#707=CARTESIAN_POINT('',(-1.,90.,5.));
#708=VERTEX_POINT('',#707);
#709=CARTESIAN_POINT('',(-1.070710678,90.070710678,5.));
#710=DIRECTION('',(0.707106781,-0.707106781,0.));
#711=VECTOR('',#710,0.1);
#712=LINE('',#709,#711);
#713=EDGE_CURVE('',#677,#708,#712,.T.);
#714=ORIENTED_EDGE('',*,*,#713,.F.);
#715=ORIENTED_EDGE('',*,*,#697,.T.);
#716=CARTESIAN_POINT('',(-3.,88.,5.));
#717=VERTEX_POINT('',#716);
#718=CARTESIAN_POINT('',(-3.070710678,88.070710678,5.));
#719=DIRECTION('',(0.707106781,-0.707106781,0.));
#720=VECTOR('',#719,0.1);
#721=LINE('',#718,#720);
#722=EDGE_CURVE('',#686,#717,#721,.T.);
#723=ORIENTED_EDGE('',*,*,#722,.T.);
#724=CARTESIAN_POINT('',(-1.,90.,5.));
#725=DIRECTION('',(-0.707106781,-0.707106781,0.));
#726=VECTOR('',#725,2.828427125);
#727=LINE('',#724,#726);
#728=EDGE_CURVE('',#708,#717,#727,.T.);
#729=ORIENTED_EDGE('',*,*,#728,.F.);
#730=EDGE_LOOP('',(#714,#715,#723,#729));
#731=FACE_BOUND('',#730,.T.);
#732=ADVANCED_FACE('',(#731),#706,.T.);
#733=CARTESIAN_POINT('',(-2.070710678,47.929289322,5.));
#734=DIRECTION('',(0.,0.,1.));
#735=DIRECTION('',(1.,0.,0.));
#736=AXIS2_PLACEMENT_3D('',#733,#734,#735);
#737=PLANE('',#736);
#738=CARTESIAN_POINT('',(-3.070710678,48.929289322,5.));
#739=VERTEX_POINT('',#738);
#740=CARTESIAN_POINT('',(-3.,49.,5.));
#741=VERTEX_POINT('',#740);
#742=CARTESIAN_POINT('',(-3.070710678,48.929289322,5.));
#743=DIRECTION('',(0.707106781,0.707106781,0.));
#744=VECTOR('',#743,0.1);
#745=LINE('',#742,#744);
#746=EDGE_CURVE('',#739,#741,#745,.T.);
#747=ORIENTED_EDGE('',*,*,#746,.F.);
#748=CARTESIAN_POINT('',(-1.070710678,46.929289322,5.));
#749=VERTEX_POINT('',#748);
#750=CARTESIAN_POINT('',(-3.070710678,48.929289322,5.));
#751=DIRECTION('',(0.707106781,-0.707106781,0.));
#752=VECTOR('',#751,2.828427125);
#753=LINE('',#750,#752);
#754=EDGE_CURVE('',#739,#749,#753,.T.);
#755=ORIENTED_EDGE('',*,*,#754,.T.);
#756=CARTESIAN_POINT('',(-1.,47.,5.));
#757=VERTEX_POINT('',#756);
#758=CARTESIAN_POINT('',(-1.070710678,46.929289322,5.));
#759=DIRECTION('',(0.707106781,0.707106781,0.));
#760=VECTOR('',#759,0.1);
#761=LINE('',#758,#760);
#762=EDGE_CURVE('',#749,#757,#761,.T.);
#763=ORIENTED_EDGE('',*,*,#762,.T.);
#764=CARTESIAN_POINT('',(-3.,49.,5.));
#765=DIRECTION('',(0.707106781,-0.707106781,0.));
#766=VECTOR('',#765,2.828427125);
#767=LINE('',#764,#766);
#768=EDGE_CURVE('',#741,#757,#767,.T.);
#769=ORIENTED_EDGE('',*,*,#768,.F.);
#770=EDGE_LOOP('',(#747,#755,#763,#769));
#771=FACE_BOUND('',#770,.T.);
#772=ADVANCED_FACE('',(#771),#737,.T.);
#773=CARTESIAN_POINT('',(-2.070710678,47.929289322,5.));
#774=DIRECTION('',(0.653281482,0.653281482,-0.382683432));
#775=DIRECTION('',(0.707106781,-0.707106781,0.));
#776=AXIS2_PLACEMENT_3D('',#773,#774,#775);
#777=PLANE('',#776);
#778=CARTESIAN_POINT('',(-3.091421356,48.908578644,4.929289322));
#779=VERTEX_POINT('',#778);
#780=CARTESIAN_POINT('',(-3.091421356,48.908578644,4.929289322));
#781=DIRECTION('',(0.27059805,0.27059805,0.923879533));
#782=VECTOR('',#781,0.076536686);
#783=LINE('',#780,#782);
#784=EDGE_CURVE('',#779,#739,#783,.T.);
#785=ORIENTED_EDGE('',*,*,#784,.F.);
#786=CARTESIAN_POINT('',(-1.091421356,46.908578644,4.929289322));
#787=VERTEX_POINT('',#786);
#788=CARTESIAN_POINT('',(-1.091421356,46.908578644,4.929289322));
#789=DIRECTION('',(-0.707106781,0.707106781,0.));
#790=VECTOR('',#789,2.828427125);
#791=LINE('',#788,#790);
#792=EDGE_CURVE('',#787,#779,#791,.T.);
#793=ORIENTED_EDGE('',*,*,#792,.F.);
#794=CARTESIAN_POINT('',(-1.070710678,46.929289322,5.));
#795=DIRECTION('',(-0.27059805,-0.27059805,-0.923879533));
#796=VECTOR('',#795,0.076536686);
#797=LINE('',#794,#796);
#798=EDGE_CURVE('',#749,#787,#797,.T.);
#799=ORIENTED_EDGE('',*,*,#798,.F.);
#800=ORIENTED_EDGE('',*,*,#754,.F.);
#801=EDGE_LOOP('',(#785,#793,#799,#800));
#802=FACE_BOUND('',#801,.T.);
#803=ADVANCED_FACE('',(#802),#777,.F.);
#804=CARTESIAN_POINT('',(-2.070710678,47.929289322,4.9));
#805=DIRECTION('',(-0.5,-0.5,-0.707106781));
#806=DIRECTION('',(-0.707106781,0.707106781,0.));
#807=AXIS2_PLACEMENT_3D('',#804,#805,#806);
#808=PLANE('',#807);
#809=CARTESIAN_POINT('',(-1.,47.,4.8));
#810=VERTEX_POINT('',#809);
#811=CARTESIAN_POINT('',(-1.091421356,46.908578644,4.929289322));
#812=DIRECTION('',(0.5,0.5,-0.707106781));
#813=VECTOR('',#812,0.182842712);
#814=LINE('',#811,#813);
#815=EDGE_CURVE('',#787,#810,#814,.T.);
#816=ORIENTED_EDGE('',*,*,#815,.F.);
#817=ORIENTED_EDGE('',*,*,#792,.T.);
#818=CARTESIAN_POINT('',(-3.,49.,4.8));
#819=VERTEX_POINT('',#818);
#820=CARTESIAN_POINT('',(-3.,49.,4.8));
#821=DIRECTION('',(-0.5,-0.5,0.707106781));
#822=VECTOR('',#821,0.182842712);
#823=LINE('',#820,#822);
#824=EDGE_CURVE('',#819,#779,#823,.T.);
#825=ORIENTED_EDGE('',*,*,#824,.F.);
#826=CARTESIAN_POINT('',(-3.,49.,4.8));
#827=DIRECTION('',(0.707106781,-0.707106781,0.));
#828=VECTOR('',#827,2.828427125);
#829=LINE('',#826,#828);
#830=EDGE_CURVE('',#819,#810,#829,.T.);
#831=ORIENTED_EDGE('',*,*,#830,.T.);
#832=EDGE_LOOP('',(#816,#817,#825,#831));
#833=FACE_BOUND('',#832,.T.);
#834=ADVANCED_FACE('',(#833),#808,.T.);
#835=CARTESIAN_POINT('',(-2.070710678,47.929289322,4.5));
#836=DIRECTION('',(0.,0.,1.));
#837=DIRECTION('',(1.,0.,0.));
#838=AXIS2_PLACEMENT_3D('',#835,#836,#837);
#839=PLANE('',#838);
#840=CARTESIAN_POINT('',(-3.070710678,48.929289322,4.5));
#841=VERTEX_POINT('',#840);
#842=CARTESIAN_POINT('',(-3.,49.,4.5));
#843=VERTEX_POINT('',#842);
#844=CARTESIAN_POINT('',(-3.070710678,48.929289322,4.5));
#845=DIRECTION('',(0.707106781,0.707106781,0.));
#846=VECTOR('',#845,0.1);
#847=LINE('',#844,#846);
#848=EDGE_CURVE('',#841,#843,#847,.T.);
#849=ORIENTED_EDGE('',*,*,#848,.F.);
#850=CARTESIAN_POINT('',(-1.070710678,46.929289322,4.5));
#851=VERTEX_POINT('',#850);
#852=CARTESIAN_POINT('',(-3.070710678,48.929289322,4.5));
#853=DIRECTION('',(0.707106781,-0.707106781,0.));
#854=VECTOR('',#853,2.828427125);
#855=LINE('',#852,#854);
#856=EDGE_CURVE('',#841,#851,#855,.T.);
#857=ORIENTED_EDGE('',*,*,#856,.T.);
#858=CARTESIAN_POINT('',(-1.,47.,4.5));
#859=VERTEX_POINT('',#858);
#860=CARTESIAN_POINT('',(-1.070710678,46.929289322,4.5));
#861=DIRECTION('',(0.707106781,0.707106781,0.));
#862=VECTOR('',#861,0.1);
#863=LINE('',#860,#862);
#864=EDGE_CURVE('',#851,#859,#863,.T.);
#865=ORIENTED_EDGE('',*,*,#864,.T.);
#866=CARTESIAN_POINT('',(-3.,49.,4.5));
#867=DIRECTION('',(0.707106781,-0.707106781,0.));
#868=VECTOR('',#867,2.828427125);
#869=LINE('',#866,#868);
#870=EDGE_CURVE('',#843,#859,#869,.T.);
#871=ORIENTED_EDGE('',*,*,#870,.F.);
#872=EDGE_LOOP('',(#849,#857,#865,#871));
#873=FACE_BOUND('',#872,.T.);
#874=ADVANCED_FACE('',(#873),#839,.T.);
#875=CARTESIAN_POINT('',(40.091421356,90.091421356,4.429289322));
#876=DIRECTION('',(-0.653281482,-0.653281482,-0.382683432));
#877=DIRECTION('',(0.707106781,-0.707106781,-0.));
#878=AXIS2_PLACEMENT_3D('',#875,#876,#877);
#879=PLANE('',#878);
#880=CARTESIAN_POINT('',(40.091421356,90.091421356,4.429289322));
#881=VERTEX_POINT('',#880);
#882=CARTESIAN_POINT('',(40.070710678,90.070710678,4.5));
#883=DIRECTION('',(0.27059805,0.27059805,-0.923879533));
#884=VECTOR('',#883,0.076536686);
#885=LINE('',#882,#884);
#886=EDGE_CURVE('',#323,#881,#885,.T.);
#887=ORIENTED_EDGE('',*,*,#886,.F.);
#888=ORIENTED_EDGE('',*,*,#328,.F.);
#889=CARTESIAN_POINT('',(42.091421356,88.091421356,4.429289322));
#890=VERTEX_POINT('',#889);
#891=CARTESIAN_POINT('',(42.091421356,88.091421356,4.429289322));
#892=DIRECTION('',(-0.27059805,-0.27059805,0.923879533));
#893=VECTOR('',#892,0.076536686);
#894=LINE('',#891,#893);
#895=EDGE_CURVE('',#890,#313,#894,.T.);
#896=ORIENTED_EDGE('',*,*,#895,.F.);
#897=CARTESIAN_POINT('',(40.091421356,90.091421356,4.429289322));
#898=DIRECTION('',(0.707106781,-0.707106781,0.));
#899=VECTOR('',#898,2.828427125);
#900=LINE('',#897,#899);
#901=EDGE_CURVE('',#881,#890,#900,.T.);
#902=ORIENTED_EDGE('',*,*,#901,.F.);
#903=EDGE_LOOP('',(#887,#888,#896,#902));
#904=FACE_BOUND('',#903,.T.);
#905=ADVANCED_FACE('',(#904),#879,.F.);
#906=CARTESIAN_POINT('',(41.070710678,47.929289322,4.5));
#907=DIRECTION('',(-0.653281482,0.653281482,-0.382683432));
#908=DIRECTION('',(0.707106781,0.707106781,0.));
#909=AXIS2_PLACEMENT_3D('',#906,#907,#908);
#910=PLANE('',#909);
#911=CARTESIAN_POINT('',(40.091421356,46.908578644,4.429289322));
#912=VERTEX_POINT('',#911);
#913=CARTESIAN_POINT('',(40.091421356,46.908578644,4.429289322));
#914=DIRECTION('',(-0.27059805,0.27059805,0.923879533));
#915=VECTOR('',#914,0.076536686);
#916=LINE('',#913,#915);
#917=EDGE_CURVE('',#912,#557,#916,.T.);
#918=ORIENTED_EDGE('',*,*,#917,.F.);
#919=CARTESIAN_POINT('',(42.091421356,48.908578644,4.429289322));
#920=VERTEX_POINT('',#919);
#921=CARTESIAN_POINT('',(42.091421356,48.908578644,4.429289322));
#922=DIRECTION('',(-0.707106781,-0.707106781,0.));
#923=VECTOR('',#922,2.828427125);
#924=LINE('',#921,#923);
#925=EDGE_CURVE('',#920,#912,#924,.T.);
#926=ORIENTED_EDGE('',*,*,#925,.F.);
#927=CARTESIAN_POINT('',(42.070710678,48.929289322,4.5));
#928=DIRECTION('',(0.27059805,-0.27059805,-0.923879533));
#929=VECTOR('',#928,0.076536686);
#930=LINE('',#927,#929);
#931=EDGE_CURVE('',#567,#920,#930,.T.);
#932=ORIENTED_EDGE('',*,*,#931,.F.);
#933=ORIENTED_EDGE('',*,*,#572,.F.);
#934=EDGE_LOOP('',(#918,#926,#932,#933));
#935=FACE_BOUND('',#934,.T.);
#936=ADVANCED_FACE('',(#935),#910,.F.);
#937=CARTESIAN_POINT('',(-2.070710678,89.070710678,4.5));
#938=DIRECTION('',(0.653281482,-0.653281482,-0.382683432));
#939=DIRECTION('',(-0.707106781,-0.707106781,0.));
#940=AXIS2_PLACEMENT_3D('',#937,#938,#939);
#941=PLANE('',#940);
#942=CARTESIAN_POINT('',(-1.091421356,90.091421356,4.429289322));
#943=VERTEX_POINT('',#942);
#944=CARTESIAN_POINT('',(-1.091421356,90.091421356,4.429289322));
#945=DIRECTION('',(0.27059805,-0.27059805,0.923879533));
#946=VECTOR('',#945,0.076536686);
#947=LINE('',#944,#946);
#948=EDGE_CURVE('',#943,#597,#947,.T.);
#949=ORIENTED_EDGE('',*,*,#948,.F.);
#950=CARTESIAN_POINT('',(-3.091421356,88.091421356,4.429289322));
#951=VERTEX_POINT('',#950);
#952=CARTESIAN_POINT('',(-3.091421356,88.091421356,4.429289322));
#953=DIRECTION('',(0.707106781,0.707106781,0.));
#954=VECTOR('',#953,2.828427125);
#955=LINE('',#952,#954);
#956=EDGE_CURVE('',#951,#943,#955,.T.);
#957=ORIENTED_EDGE('',*,*,#956,.F.);
#958=CARTESIAN_POINT('',(-3.070710678,88.070710678,4.5));
#959=DIRECTION('',(-0.27059805,0.27059805,-0.923879533));
#960=VECTOR('',#959,0.076536686);
#961=LINE('',#958,#960);
#962=EDGE_CURVE('',#607,#951,#961,.T.);
#963=ORIENTED_EDGE('',*,*,#962,.F.);
#964=ORIENTED_EDGE('',*,*,#612,.F.);
#965=EDGE_LOOP('',(#949,#957,#963,#964));
#966=FACE_BOUND('',#965,.T.);
#967=ADVANCED_FACE('',(#966),#941,.F.);
#968=CARTESIAN_POINT('',(-2.070710678,47.929289322,4.5));
#969=DIRECTION('',(0.653281482,0.653281482,-0.382683432));
#970=DIRECTION('',(0.707106781,-0.707106781,0.));
#971=AXIS2_PLACEMENT_3D('',#968,#969,#970);
#972=PLANE('',#971);
#973=CARTESIAN_POINT('',(-3.091421356,48.908578644,4.429289322));
#974=VERTEX_POINT('',#973);
#975=CARTESIAN_POINT('',(-3.091421356,48.908578644,4.429289322));
#976=DIRECTION('',(0.27059805,0.27059805,0.923879533));
#977=VECTOR('',#976,0.076536686);
#978=LINE('',#975,#977);
#979=EDGE_CURVE('',#974,#841,#978,.T.);
#980=ORIENTED_EDGE('',*,*,#979,.F.);
#981=CARTESIAN_POINT('',(-1.091421356,46.908578644,4.429289322));
#982=VERTEX_POINT('',#981);
#983=CARTESIAN_POINT('',(-1.091421356,46.908578644,4.429289322));
#984=DIRECTION('',(-0.707106781,0.707106781,0.));
#985=VECTOR('',#984,2.828427125);
#986=LINE('',#983,#985);
#987=EDGE_CURVE('',#982,#974,#986,.T.);
#988=ORIENTED_EDGE('',*,*,#987,.F.);
#989=CARTESIAN_POINT('',(-1.070710678,46.929289322,4.5));
#990=DIRECTION('',(-0.27059805,-0.27059805,-0.923879533));
#991=VECTOR('',#990,0.076536686);
#992=LINE('',#989,#991);
#993=EDGE_CURVE('',#851,#982,#992,.T.);
#994=ORIENTED_EDGE('',*,*,#993,.F.);
#995=ORIENTED_EDGE('',*,*,#856,.F.);
#996=EDGE_LOOP('',(#980,#988,#994,#995));
#997=FACE_BOUND('',#996,.T.);
#998=ADVANCED_FACE('',(#997),#972,.F.);
#999=CARTESIAN_POINT('',(0.,83.424533039,7.024533039));
#1000=DIRECTION('',(0.,-0.707106781,0.707106781));
#1001=DIRECTION('',(1.,0.,0.));
#1002=AXIS2_PLACEMENT_3D('',#999,#1000,#1001);
#1003=PLANE('',#1002);
#1004=CARTESIAN_POINT('',(37.,83.424533039,7.024533039));
#1005=VERTEX_POINT('',#1004);
#1006=CARTESIAN_POINT('',(33.7,83.424533039,7.024533039));
#1007=VERTEX_POINT('',#1006);
#1008=CARTESIAN_POINT('',(37.,83.424533039,7.024533039));
#1009=DIRECTION('',(-1.,0.,0.));
#1010=VECTOR('',#1009,3.3);
#1011=LINE('',#1008,#1010);
#1012=EDGE_CURVE('',#1005,#1007,#1011,.T.);
#1013=ORIENTED_EDGE('',*,*,#1012,.F.);
#1014=CARTESIAN_POINT('',(37.5,83.924533039,7.524533039));
#1015=VERTEX_POINT('',#1014);
#1016=CARTESIAN_POINT('',(37.,83.424533039,7.024533039));
#1017=DIRECTION('',(0.577350269,0.577350269,0.577350269));
#1018=VECTOR('',#1017,0.866025404);
#1019=LINE('',#1016,#1018);
#1020=EDGE_CURVE('',#1005,#1015,#1019,.T.);
#1021=ORIENTED_EDGE('',*,*,#1020,.T.);
#1022=CARTESIAN_POINT('',(33.2,83.924533039,7.524533039));
#1023=VERTEX_POINT('',#1022);
#1024=CARTESIAN_POINT('',(33.2,83.924533039,7.524533039));
#1025=DIRECTION('',(1.,0.,-0.));
#1026=VECTOR('',#1025,4.3);
#1027=LINE('',#1024,#1026);
#1028=EDGE_CURVE('',#1023,#1015,#1027,.T.);
#1029=ORIENTED_EDGE('',*,*,#1028,.F.);
#1030=CARTESIAN_POINT('',(33.7,83.424533039,7.024533039));
#1031=DIRECTION('',(-0.577350269,0.577350269,0.577350269));
#1032=VECTOR('',#1031,0.866025404);
#1033=LINE('',#1030,#1032);
#1034=EDGE_CURVE('',#1007,#1023,#1033,.T.);
#1035=ORIENTED_EDGE('',*,*,#1034,.F.);
#1036=EDGE_LOOP('',(#1013,#1021,#1029,#1035));
#1037=FACE_BOUND('',#1036,.T.);
#1038=ADVANCED_FACE('',(#1037),#1003,.T.);
#1039=CARTESIAN_POINT('',(0.,83.424533039,-11.5));
#1040=DIRECTION('',(0.,-1.,0.));
#1041=DIRECTION('',(1.,0.,0.));
#1042=AXIS2_PLACEMENT_3D('',#1039,#1040,#1041);
#1043=PLANE('',#1042);
#1044=CARTESIAN_POINT('',(33.7,83.424533039,3.921851993));
#1045=VERTEX_POINT('',#1044);
#1046=CARTESIAN_POINT('',(37.,83.424533039,3.921851993));
#1047=VERTEX_POINT('',#1046);
#1048=CARTESIAN_POINT('',(33.7,83.424533039,3.921851993));
#1049=DIRECTION('',(1.,0.,-0.));
#1050=VECTOR('',#1049,3.3);
#1051=LINE('',#1048,#1050);
#1052=EDGE_CURVE('',#1045,#1047,#1051,.T.);
#1053=ORIENTED_EDGE('',*,*,#1052,.T.);
#1054=CARTESIAN_POINT('',(37.,83.424533039,3.921851993));
#1055=DIRECTION('',(0.,0.,1.));
#1056=VECTOR('',#1055,3.102681046);
#1057=LINE('',#1054,#1056);
#1058=EDGE_CURVE('',#1047,#1005,#1057,.T.);
#1059=ORIENTED_EDGE('',*,*,#1058,.T.);
#1060=ORIENTED_EDGE('',*,*,#1012,.T.);
#1061=CARTESIAN_POINT('',(33.7,83.424533039,7.024533039));
#1062=DIRECTION('',(0.,0.,-1.));
#1063=VECTOR('',#1062,3.102681046);
#1064=LINE('',#1061,#1063);
#1065=EDGE_CURVE('',#1007,#1045,#1064,.T.);
#1066=ORIENTED_EDGE('',*,*,#1065,.T.);
#1067=EDGE_LOOP('',(#1053,#1059,#1060,#1066));
#1068=FACE_BOUND('',#1067,.T.);
#1069=ADVANCED_FACE('',(#1068),#1043,.T.);
#1070=CARTESIAN_POINT('',(37.5,83.924533039,4.173192516));
#1071=DIRECTION('',(-0.707106781,0.707106781,0.));
#1072=DIRECTION('',(0.,0.,-1.));
#1073=AXIS2_PLACEMENT_3D('',#1070,#1071,#1072);
#1074=PLANE('',#1073);
#1075=ORIENTED_EDGE('',*,*,#1020,.F.);
#1076=ORIENTED_EDGE('',*,*,#1058,.F.);
#1077=CARTESIAN_POINT('',(37.5,83.924533039,3.421851993));
#1078=VERTEX_POINT('',#1077);
#1079=CARTESIAN_POINT('',(37.5,83.924533039,3.421851993));
#1080=DIRECTION('',(-0.577350269,-0.577350269,0.577350269));
#1081=VECTOR('',#1080,0.866025404);
#1082=LINE('',#1079,#1081);
#1083=EDGE_CURVE('',#1078,#1047,#1082,.T.);
#1084=ORIENTED_EDGE('',*,*,#1083,.F.);
#1085=CARTESIAN_POINT('',(37.5,83.924533039,7.524533039));
#1086=DIRECTION('',(0.,0.,-1.));
#1087=VECTOR('',#1086,4.102681046);
#1088=LINE('',#1085,#1087);
#1089=EDGE_CURVE('',#1015,#1078,#1088,.T.);
#1090=ORIENTED_EDGE('',*,*,#1089,.F.);
#1091=EDGE_LOOP('',(#1075,#1076,#1084,#1090));
#1092=FACE_BOUND('',#1091,.T.);
#1093=ADVANCED_FACE('',(#1092),#1074,.F.);
#1094=CARTESIAN_POINT('',(37.5,83.424533039,7.524533039));
#1095=DIRECTION('',(0.,0.,-1.));
#1096=DIRECTION('',(-1.,0.,0.));
#1097=AXIS2_PLACEMENT_3D('',#1094,#1095,#1096);
#1098=PLANE('',#1097);
#1099=CARTESIAN_POINT('',(33.2,86.424533039,7.524533039));
#1100=VERTEX_POINT('',#1099);
#1101=CARTESIAN_POINT('',(33.2,83.924533039,7.524533039));
#1102=DIRECTION('',(0.,1.,0.));
#1103=VECTOR('',#1102,2.5);
#1104=LINE('',#1101,#1103);
#1105=EDGE_CURVE('',#1023,#1100,#1104,.T.);
#1106=ORIENTED_EDGE('',*,*,#1105,.F.);
#1107=ORIENTED_EDGE('',*,*,#1028,.T.);
#1108=CARTESIAN_POINT('',(37.5,86.424533039,7.524533039));
#1109=VERTEX_POINT('',#1108);
#1110=CARTESIAN_POINT('',(37.5,83.924533039,7.524533039));
#1111=DIRECTION('',(0.,1.,0.));
#1112=VECTOR('',#1111,2.5);
#1113=LINE('',#1110,#1112);
#1114=EDGE_CURVE('',#1015,#1109,#1113,.T.);
#1115=ORIENTED_EDGE('',*,*,#1114,.T.);
#1116=CARTESIAN_POINT('',(37.5,86.424533039,7.524533039));
#1117=DIRECTION('',(-1.,0.,0.));
#1118=VECTOR('',#1117,4.3);
#1119=LINE('',#1116,#1118);
#1120=EDGE_CURVE('',#1109,#1100,#1119,.T.);
#1121=ORIENTED_EDGE('',*,*,#1120,.T.);
#1122=EDGE_LOOP('',(#1106,#1107,#1115,#1121));
#1123=FACE_BOUND('',#1122,.T.);
#1124=ADVANCED_FACE('',(#1123),#1098,.F.);
#1125=CARTESIAN_POINT('',(10.25,48.5,6.5));
#1126=DIRECTION('',(0.,-1.,0.));
#1127=DIRECTION('',(0.,0.,-1.));
#1128=AXIS2_PLACEMENT_3D('',#1125,#1126,#1127);
#1129=PLANE('',#1128);
#1130=CARTESIAN_POINT('',(20.,48.5,5.5));
#1131=VERTEX_POINT('',#1130);
#1132=CARTESIAN_POINT('',(0.5,48.5,5.5));
#1133=VERTEX_POINT('',#1132);
#1134=CARTESIAN_POINT('',(20.,48.5,5.5));
#1135=DIRECTION('',(-1.,0.,0.));
#1136=VECTOR('',#1135,19.5);
#1137=LINE('',#1134,#1136);
#1138=EDGE_CURVE('',#1131,#1133,#1137,.T.);
#1139=ORIENTED_EDGE('',*,*,#1138,.T.);
#1140=CARTESIAN_POINT('',(0.5,48.5,6.5));
#1141=VERTEX_POINT('',#1140);
#1142=CARTESIAN_POINT('',(0.5,48.5,6.5));
#1143=DIRECTION('',(0.,0.,-1.));
#1144=VECTOR('',#1143,1.);
#1145=LINE('',#1142,#1144);
#1146=EDGE_CURVE('',#1141,#1133,#1145,.T.);
#1147=ORIENTED_EDGE('',*,*,#1146,.F.);
#1148=CARTESIAN_POINT('',(20.,48.5,6.5));
#1149=VERTEX_POINT('',#1148);
#1150=CARTESIAN_POINT('',(20.,48.5,6.5));
#1151=DIRECTION('',(-1.,0.,0.));
#1152=VECTOR('',#1151,19.5);
#1153=LINE('',#1150,#1152);
#1154=EDGE_CURVE('',#1149,#1141,#1153,.T.);
#1155=ORIENTED_EDGE('',*,*,#1154,.F.);
#1156=CARTESIAN_POINT('',(20.,48.5,6.5));
#1157=DIRECTION('',(0.,0.,-1.));
#1158=VECTOR('',#1157,1.);
#1159=LINE('',#1156,#1158);
#1160=EDGE_CURVE('',#1149,#1131,#1159,.T.);
#1161=ORIENTED_EDGE('',*,*,#1160,.T.);
#1162=EDGE_LOOP('',(#1139,#1147,#1155,#1161));
#1163=FACE_BOUND('',#1162,.T.);
#1164=ADVANCED_FACE('',(#1163),#1129,.F.);
#1165=CARTESIAN_POINT('',(34.6,51.077564998,5.424533039));
#1166=DIRECTION('',(-1.,0.,0.));
#1167=DIRECTION('',(-0.,-1.,0.));
#1168=AXIS2_PLACEMENT_3D('',#1165,#1166,#1167);
#1169=PLANE('',#1168);
#1170=CARTESIAN_POINT('',(34.6,52.,5.5));
#1171=VERTEX_POINT('',#1170);
#1172=CARTESIAN_POINT('',(34.6,52.,5.5));
#1173=DIRECTION('',(0.,0.,1.));
#1174=VECTOR('',#1173,1.);
#1175=LINE('',#1172,#1174);
#1176=EDGE_CURVE('',#1171,#250,#1175,.T.);
#1177=ORIENTED_EDGE('',*,*,#1176,.T.);
#1178=ORIENTED_EDGE('',*,*,#256,.T.);
#1179=ORIENTED_EDGE('',*,*,#286,.T.);
#1180=CARTESIAN_POINT('',(34.6,50.6,5.5));
#1181=VERTEX_POINT('',#1180);
#1182=CARTESIAN_POINT('',(34.6,50.6,7.));
#1183=DIRECTION('',(0.,0.,-1.));
#1184=VECTOR('',#1183,1.5);
#1185=LINE('',#1182,#1184);
#1186=EDGE_CURVE('',#281,#1181,#1185,.T.);
#1187=ORIENTED_EDGE('',*,*,#1186,.T.);
#1188=CARTESIAN_POINT('',(34.6,52.,5.5));
#1189=DIRECTION('',(-0.,-1.,0.));
#1190=VECTOR('',#1189,1.4);
#1191=LINE('',#1188,#1190);
#1192=EDGE_CURVE('',#1171,#1181,#1191,.T.);
#1193=ORIENTED_EDGE('',*,*,#1192,.F.);
#1194=EDGE_LOOP('',(#1177,#1178,#1179,#1187,#1193));
#1195=FACE_BOUND('',#1194,.T.);
#1196=ADVANCED_FACE('',(#1195),#1169,.F.);
#1197=OVER_RIDING_STYLED_ITEM('',(#273),#1196,#54);
#1198=CARTESIAN_POINT('',(33.709583101,52.,5.424533039));
#1199=DIRECTION('',(0.,-1.,0.));
#1200=DIRECTION('',(0.,0.,-1.));
#1201=AXIS2_PLACEMENT_3D('',#1198,#1199,#1200);
#1202=PLANE('',#1201);
#1203=CARTESIAN_POINT('',(33.209446553,52.,5.5));
#1204=VERTEX_POINT('',#1203);
#1205=CARTESIAN_POINT('',(33.209446553,52.,5.5));
#1206=DIRECTION('',(0.,0.,1.));
#1207=VECTOR('',#1206,1.);
#1208=LINE('',#1205,#1207);
#1209=EDGE_CURVE('',#1204,#233,#1208,.T.);
#1210=ORIENTED_EDGE('',*,*,#1209,.T.);
#1211=ORIENTED_EDGE('',*,*,#262,.T.);
#1212=ORIENTED_EDGE('',*,*,#1176,.F.);
#1213=CARTESIAN_POINT('',(33.209446553,52.,5.5));
#1214=DIRECTION('',(1.,0.,-0.));
#1215=VECTOR('',#1214,1.390553447);
#1216=LINE('',#1213,#1215);
#1217=EDGE_CURVE('',#1204,#1171,#1216,.T.);
#1218=ORIENTED_EDGE('',*,*,#1217,.F.);
#1219=EDGE_LOOP('',(#1210,#1211,#1212,#1218));
#1220=FACE_BOUND('',#1219,.T.);
#1221=ADVANCED_FACE('',(#1220),#1202,.F.);
#1222=OVER_RIDING_STYLED_ITEM('',(#273),#1221,#54);
#1223=CARTESIAN_POINT('',(33.209744722,51.077564998,5.424533039));
#1224=DIRECTION('',(-0.999999948,-0.00032324,0.));
#1225=DIRECTION('',(0.00032324,-0.999999948,0.));
#1226=AXIS2_PLACEMENT_3D('',#1223,#1224,#1225);
#1227=PLANE('',#1226);
#1228=ORIENTED_EDGE('',*,*,#295,.F.);
#1229=ORIENTED_EDGE('',*,*,#239,.T.);
#1230=ORIENTED_EDGE('',*,*,#1209,.F.);
#1231=CARTESIAN_POINT('',(33.20989909,50.6,5.5));
#1232=VERTEX_POINT('',#1231);
#1233=CARTESIAN_POINT('',(33.209446553,52.,5.5));
#1234=DIRECTION('',(0.00032324,-0.999999948,0.));
#1235=VECTOR('',#1234,1.400000073);
#1236=LINE('',#1233,#1235);
#1237=EDGE_CURVE('',#1204,#1232,#1236,.T.);
#1238=ORIENTED_EDGE('',*,*,#1237,.T.);
#1239=CARTESIAN_POINT('',(33.20989909,50.6,7.));
#1240=DIRECTION('',(0.,0.,-1.));
#1241=VECTOR('',#1240,1.5);
#1242=LINE('',#1239,#1241);
#1243=EDGE_CURVE('',#290,#1232,#1242,.T.);
#1244=ORIENTED_EDGE('',*,*,#1243,.F.);
#1245=EDGE_LOOP('',(#1228,#1229,#1230,#1238,#1244));
#1246=FACE_BOUND('',#1245,.T.);
#1247=ADVANCED_FACE('',(#1246),#1227,.T.);
#1248=OVER_RIDING_STYLED_ITEM('',(#273),#1247,#54);
#1249=CARTESIAN_POINT('',(21.973933748,86.013889616,5.401034395));
#1250=DIRECTION('',(0.999960084,0.004125622,0.007925246));
#1251=DIRECTION('',(0.007925313,-0.,-0.999968594));
#1252=AXIS2_PLACEMENT_3D('',#1249,#1250,#1251);
#1253=PLANE('',#1252);
#1254=CARTESIAN_POINT('',(21.98084411,86.109981123,4.479104201));
#1255=VERTEX_POINT('',#1254);
#1256=CARTESIAN_POINT('',(21.98084411,84.14885854,5.5));
#1257=VERTEX_POINT('',#1256);
#1258=CARTESIAN_POINT('',(21.98084411,86.109981123,4.479104201));
#1259=DIRECTION('',(0.,-0.887010833,0.461748613));
#1260=VECTOR('',#1259,2.210934196);
#1261=LINE('',#1258,#1260);
#1262=EDGE_CURVE('',#1255,#1257,#1261,.T.);
#1263=ORIENTED_EDGE('',*,*,#1262,.F.);
#1264=CARTESIAN_POINT('',(21.972936837,86.06540785,5.5));
#1265=VERTEX_POINT('',#1264);
#1266=CARTESIAN_POINT('',(21.98084411,86.109981123,4.479104201));
#1267=DIRECTION('',(-0.007737823,-0.043618082,0.999018313));
#1268=VECTOR('',#1267,1.021898984);
#1269=LINE('',#1266,#1268);
#1270=EDGE_CURVE('',#1255,#1265,#1269,.T.);
#1271=ORIENTED_EDGE('',*,*,#1270,.T.);
#1272=CARTESIAN_POINT('',(21.98084411,84.14885854,5.5));
#1273=DIRECTION('',(-0.004125752,0.999991489,0.));
#1274=VECTOR('',#1273,1.916565621);
#1275=LINE('',#1272,#1274);
#1276=EDGE_CURVE('',#1257,#1265,#1275,.T.);
#1277=ORIENTED_EDGE('',*,*,#1276,.F.);
#1278=EDGE_LOOP('',(#1263,#1271,#1277));
#1279=FACE_BOUND('',#1278,.T.);
#1280=ADVANCED_FACE('',(#1279),#1253,.T.);
#1281=CARTESIAN_POINT('',(10.25,88.5,6.5));
#1282=DIRECTION('',(0.,-1.,0.));
#1283=DIRECTION('',(0.,0.,-1.));
#1284=AXIS2_PLACEMENT_3D('',#1281,#1282,#1283);
#1285=PLANE('',#1284);
#1286=CARTESIAN_POINT('',(20.,88.5,5.5));
#1287=VERTEX_POINT('',#1286);
#1288=CARTESIAN_POINT('',(0.5,88.5,5.5));
#1289=VERTEX_POINT('',#1288);
#1290=CARTESIAN_POINT('',(20.,88.5,5.5));
#1291=DIRECTION('',(-1.,0.,0.));
#1292=VECTOR('',#1291,19.5);
#1293=LINE('',#1290,#1292);
#1294=EDGE_CURVE('',#1287,#1289,#1293,.T.);
#1295=ORIENTED_EDGE('',*,*,#1294,.F.);
#1296=CARTESIAN_POINT('',(20.,88.5,6.5));
#1297=VERTEX_POINT('',#1296);
#1298=CARTESIAN_POINT('',(20.,88.5,6.5));
#1299=DIRECTION('',(0.,0.,-1.));
#1300=VECTOR('',#1299,1.);
#1301=LINE('',#1298,#1300);
#1302=EDGE_CURVE('',#1297,#1287,#1301,.T.);
#1303=ORIENTED_EDGE('',*,*,#1302,.F.);
#1304=CARTESIAN_POINT('',(0.5,88.5,6.5));
#1305=VERTEX_POINT('',#1304);
#1306=CARTESIAN_POINT('',(20.,88.5,6.5));
#1307=DIRECTION('',(-1.,0.,0.));
#1308=VECTOR('',#1307,19.5);
#1309=LINE('',#1306,#1308);
#1310=EDGE_CURVE('',#1297,#1305,#1309,.T.);
#1311=ORIENTED_EDGE('',*,*,#1310,.T.);
#1312=CARTESIAN_POINT('',(0.5,88.5,6.5));
#1313=DIRECTION('',(0.,0.,-1.));
#1314=VECTOR('',#1313,1.);
#1315=LINE('',#1312,#1314);
#1316=EDGE_CURVE('',#1305,#1289,#1315,.T.);
#1317=ORIENTED_EDGE('',*,*,#1316,.T.);
#1318=EDGE_LOOP('',(#1295,#1303,#1311,#1317));
#1319=FACE_BOUND('',#1318,.T.);
#1320=ADVANCED_FACE('',(#1319),#1285,.T.);
#1321=CARTESIAN_POINT('',(16.5,86.4,6.5));
#1322=DIRECTION('',(0.,1.,0.));
#1323=DIRECTION('',(0.,0.,1.));
#1324=AXIS2_PLACEMENT_3D('',#1321,#1322,#1323);
#1325=PLANE('',#1324);
#1326=CARTESIAN_POINT('',(33.2,86.4,5.5));
#1327=VERTEX_POINT('',#1326);
#1328=CARTESIAN_POINT('',(33.2,86.4,7.5));
#1329=VERTEX_POINT('',#1328);
#1330=CARTESIAN_POINT('',(33.2,86.4,5.5));
#1331=DIRECTION('',(0.,0.,1.));
#1332=VECTOR('',#1331,2.);
#1333=LINE('',#1330,#1332);
#1334=EDGE_CURVE('',#1327,#1329,#1333,.T.);
#1335=ORIENTED_EDGE('',*,*,#1334,.T.);
#1336=CARTESIAN_POINT('',(20.,86.4,7.5));
#1337=VERTEX_POINT('',#1336);
#1338=CARTESIAN_POINT('',(33.2,86.4,7.5));
#1339=DIRECTION('',(-1.,0.,0.));
#1340=VECTOR('',#1339,13.2);
#1341=LINE('',#1338,#1340);
#1342=EDGE_CURVE('',#1329,#1337,#1341,.T.);
#1343=ORIENTED_EDGE('',*,*,#1342,.T.);
#1344=CARTESIAN_POINT('',(20.,86.4,5.5));
#1345=VERTEX_POINT('',#1344);
#1346=CARTESIAN_POINT('',(20.,86.4,5.5));
#1347=DIRECTION('',(0.,0.,1.));
#1348=VECTOR('',#1347,2.);
#1349=LINE('',#1346,#1348);
#1350=EDGE_CURVE('',#1345,#1337,#1349,.T.);
#1351=ORIENTED_EDGE('',*,*,#1350,.F.);
#1352=CARTESIAN_POINT('',(33.2,86.4,5.5));
#1353=DIRECTION('',(-1.,0.,0.));
#1354=VECTOR('',#1353,13.2);
#1355=LINE('',#1352,#1354);
#1356=EDGE_CURVE('',#1327,#1345,#1355,.T.);
#1357=ORIENTED_EDGE('',*,*,#1356,.F.);
#1358=EDGE_LOOP('',(#1335,#1343,#1351,#1357));
#1359=FACE_BOUND('',#1358,.T.);
#1360=ADVANCED_FACE('',(#1359),#1325,.F.);
#1361=CARTESIAN_POINT('',(33.2,83.424533039,4.173192516));
#1362=DIRECTION('',(1.,0.,0.));
#1363=DIRECTION('',(0.,0.,-1.));
#1364=AXIS2_PLACEMENT_3D('',#1361,#1362,#1363);
#1365=PLANE('',#1364);
#1366=CARTESIAN_POINT('',(33.2,84.14885854,5.5));
#1367=VERTEX_POINT('',#1366);
#1368=CARTESIAN_POINT('',(33.2,83.924533039,5.069074722));
#1369=VERTEX_POINT('',#1368);
#1370=CARTESIAN_POINT('',(33.2,84.14885854,5.5));
#1371=DIRECTION('',(0.,-0.461748613,-0.887010833));
#1372=VECTOR('',#1371,0.485817379);
#1373=LINE('',#1370,#1372);
#1374=EDGE_CURVE('',#1367,#1369,#1373,.T.);
#1375=ORIENTED_EDGE('',*,*,#1374,.T.);
#1376=CARTESIAN_POINT('',(33.2,83.924533039,5.069074722));
#1377=DIRECTION('',(-0.,0.,1.));
#1378=VECTOR('',#1377,2.455458317);
#1379=LINE('',#1376,#1378);
#1380=EDGE_CURVE('',#1369,#1023,#1379,.T.);
#1381=ORIENTED_EDGE('',*,*,#1380,.T.);
#1382=ORIENTED_EDGE('',*,*,#1105,.T.);
#1383=CARTESIAN_POINT('',(33.2,86.424533039,7.524533039));
#1384=DIRECTION('',(0.,-0.707106781,-0.707106781));
#1385=VECTOR('',#1384,0.034694957);
#1386=LINE('',#1383,#1385);
#1387=EDGE_CURVE('',#1100,#1329,#1386,.T.);
#1388=ORIENTED_EDGE('',*,*,#1387,.T.);
#1389=ORIENTED_EDGE('',*,*,#1334,.F.);
#1390=CARTESIAN_POINT('',(33.2,84.14885854,5.5));
#1391=DIRECTION('',(0.,1.,0.));
#1392=VECTOR('',#1391,2.25114146);
#1393=LINE('',#1390,#1392);
#1394=EDGE_CURVE('',#1367,#1327,#1393,.T.);
#1395=ORIENTED_EDGE('',*,*,#1394,.F.);
#1396=EDGE_LOOP('',(#1375,#1381,#1382,#1388,#1389,#1395));
#1397=FACE_BOUND('',#1396,.T.);
#1398=ADVANCED_FACE('',(#1397),#1365,.F.);
#1399=CARTESIAN_POINT('',(21.98084411,85.443565174,4.305451335));
#1400=DIRECTION('',(-1.,0.,0.));
#1401=DIRECTION('',(0.,0.,1.));
#1402=AXIS2_PLACEMENT_3D('',#1399,#1400,#1401);
#1403=PLANE('',#1402);
#1404=CARTESIAN_POINT('',(21.98084411,83.722434976,4.680847956));
#1405=VERTEX_POINT('',#1404);
#1406=CARTESIAN_POINT('',(21.98084411,84.14885854,5.5));
#1407=DIRECTION('',(0.,-0.461748613,-0.887010833));
#1408=VECTOR('',#1407,0.923497226);
#1409=LINE('',#1406,#1408);
#1410=EDGE_CURVE('',#1257,#1405,#1409,.T.);
#1411=ORIENTED_EDGE('',*,*,#1410,.T.);
#1412=CARTESIAN_POINT('',(21.98084411,86.156495212,3.413756398));
#1413=VERTEX_POINT('',#1412);
#1414=CARTESIAN_POINT('',(21.98084411,86.156495212,3.413756398));
#1415=DIRECTION('',(0.,-0.887010833,0.461748613));
#1416=VECTOR('',#1415,2.744115568);
#1417=LINE('',#1414,#1416);
#1418=EDGE_CURVE('',#1413,#1405,#1417,.T.);
#1419=ORIENTED_EDGE('',*,*,#1418,.F.);
#1420=CARTESIAN_POINT('',(21.98084411,86.109981123,4.479104201));
#1421=DIRECTION('',(0.,0.043619387,-0.999048222));
#1422=VECTOR('',#1421,1.066362745);
#1423=LINE('',#1420,#1422);
#1424=EDGE_CURVE('',#1255,#1413,#1423,.T.);
#1425=ORIENTED_EDGE('',*,*,#1424,.F.);
#1426=ORIENTED_EDGE('',*,*,#1262,.T.);
#1427=EDGE_LOOP('',(#1411,#1419,#1425,#1426));
#1428=FACE_BOUND('',#1427,.T.);
#1429=ADVANCED_FACE('',(#1428),#1403,.F.);
#1430=CARTESIAN_POINT('',(16.5,86.4,7.5));
#1431=DIRECTION('',(0.,-0.707106781,0.707106781));
#1432=DIRECTION('',(1.,0.,0.));
#1433=AXIS2_PLACEMENT_3D('',#1430,#1431,#1432);
#1434=PLANE('',#1433);
#1435=CARTESIAN_POINT('',(42.,87.4,8.5));
#1436=VERTEX_POINT('',#1435);
#1437=CARTESIAN_POINT('',(42.,86.424533039,7.524533039));
#1438=VERTEX_POINT('',#1437);
#1439=CARTESIAN_POINT('',(42.,87.4,8.5));
#1440=DIRECTION('',(0.,-0.707106781,-0.707106781));
#1441=VECTOR('',#1440,1.379518606);
#1442=LINE('',#1439,#1441);
#1443=EDGE_CURVE('',#1436,#1438,#1442,.T.);
#1444=ORIENTED_EDGE('',*,*,#1443,.F.);
#1445=CARTESIAN_POINT('',(20.,87.4,8.5));
#1446=VERTEX_POINT('',#1445);
#1447=CARTESIAN_POINT('',(20.,87.4,8.5));
#1448=DIRECTION('',(1.,0.,-0.));
#1449=VECTOR('',#1448,22.);
#1450=LINE('',#1447,#1449);
#1451=EDGE_CURVE('',#1446,#1436,#1450,.T.);
#1452=ORIENTED_EDGE('',*,*,#1451,.F.);
#1453=CARTESIAN_POINT('',(20.,86.4,7.5));
#1454=DIRECTION('',(0.,0.707106781,0.707106781));
#1455=VECTOR('',#1454,1.414213562);
#1456=LINE('',#1453,#1455);
#1457=EDGE_CURVE('',#1337,#1446,#1456,.T.);
#1458=ORIENTED_EDGE('',*,*,#1457,.F.);
#1459=ORIENTED_EDGE('',*,*,#1342,.F.);
#1460=ORIENTED_EDGE('',*,*,#1387,.F.);
#1461=ORIENTED_EDGE('',*,*,#1120,.F.);
#1462=CARTESIAN_POINT('',(42.,86.424533039,7.524533039));
#1463=DIRECTION('',(-1.,0.,0.));
#1464=VECTOR('',#1463,4.5);
#1465=LINE('',#1462,#1464);
#1466=EDGE_CURVE('',#1438,#1109,#1465,.T.);
#1467=ORIENTED_EDGE('',*,*,#1466,.F.);
#1468=EDGE_LOOP('',(#1444,#1452,#1458,#1459,#1460,#1461,#1467));
#1469=FACE_BOUND('',#1468,.T.);
#1470=ADVANCED_FACE('',(#1469),#1434,.T.);
#1471=CARTESIAN_POINT('',(42.070710678,88.070710678,4.9));
#1472=DIRECTION('',(-0.707106781,0.707106781,0.));
#1473=DIRECTION('',(-0.707106781,-0.707106781,0.));
#1474=AXIS2_PLACEMENT_3D('',#1471,#1472,#1473);
#1475=PLANE('',#1474);
#1476=ORIENTED_EDGE('',*,*,#376,.T.);
#1477=ORIENTED_EDGE('',*,*,#412,.T.);
#1478=ORIENTED_EDGE('',*,*,#429,.T.);
#1479=CARTESIAN_POINT('',(42.,88.,5.));
#1480=DIRECTION('',(0.,0.,-1.));
#1481=VECTOR('',#1480,0.2);
#1482=LINE('',#1479,#1481);
#1483=EDGE_CURVE('',#424,#371,#1482,.T.);
#1484=ORIENTED_EDGE('',*,*,#1483,.T.);
#1485=EDGE_LOOP('',(#1476,#1477,#1478,#1484));
#1486=FACE_BOUND('',#1485,.T.);
#1487=ADVANCED_FACE('',(#1486),#1475,.F.);
#1488=CARTESIAN_POINT('',(42.070710678,88.070710678,4.4));
#1489=DIRECTION('',(-0.707106781,0.707106781,0.));
#1490=DIRECTION('',(-0.707106781,-0.707106781,0.));
#1491=AXIS2_PLACEMENT_3D('',#1488,#1489,#1490);
#1492=PLANE('',#1491);
#1493=CARTESIAN_POINT('',(42.,88.,4.3));
#1494=VERTEX_POINT('',#1493);
#1495=CARTESIAN_POINT('',(42.,88.,4.3));
#1496=DIRECTION('',(0.5,0.5,0.707106781));
#1497=VECTOR('',#1496,0.182842712);
#1498=LINE('',#1495,#1497);
#1499=EDGE_CURVE('',#1494,#890,#1498,.T.);
#1500=ORIENTED_EDGE('',*,*,#1499,.T.);
#1501=ORIENTED_EDGE('',*,*,#895,.T.);
#1502=ORIENTED_EDGE('',*,*,#320,.T.);
#1503=CARTESIAN_POINT('',(42.,88.,4.5));
#1504=DIRECTION('',(0.,0.,-1.));
#1505=VECTOR('',#1504,0.2);
#1506=LINE('',#1503,#1505);
#1507=EDGE_CURVE('',#315,#1494,#1506,.T.);
#1508=ORIENTED_EDGE('',*,*,#1507,.T.);
#1509=EDGE_LOOP('',(#1500,#1501,#1502,#1508));
#1510=FACE_BOUND('',#1509,.T.);
#1511=ADVANCED_FACE('',(#1510),#1492,.F.);
#1512=CARTESIAN_POINT('',(42.070710678,48.929289322,4.4));
#1513=DIRECTION('',(0.707106781,0.707106781,0.));
#1514=DIRECTION('',(-0.707106781,0.707106781,0.));
#1515=AXIS2_PLACEMENT_3D('',#1512,#1513,#1514);
#1516=PLANE('',#1515);
#1517=ORIENTED_EDGE('',*,*,#580,.F.);
#1518=ORIENTED_EDGE('',*,*,#931,.T.);
#1519=CARTESIAN_POINT('',(42.,49.,4.3));
#1520=VERTEX_POINT('',#1519);
#1521=CARTESIAN_POINT('',(42.091421356,48.908578644,4.429289322));
#1522=DIRECTION('',(-0.5,0.5,-0.707106781));
#1523=VECTOR('',#1522,0.182842712);
#1524=LINE('',#1521,#1523);
#1525=EDGE_CURVE('',#920,#1520,#1524,.T.);
#1526=ORIENTED_EDGE('',*,*,#1525,.T.);
#1527=CARTESIAN_POINT('',(42.,49.,4.5));
#1528=DIRECTION('',(0.,0.,-1.));
#1529=VECTOR('',#1528,0.2);
#1530=LINE('',#1527,#1529);
#1531=EDGE_CURVE('',#575,#1520,#1530,.T.);
#1532=ORIENTED_EDGE('',*,*,#1531,.F.);
#1533=EDGE_LOOP('',(#1517,#1518,#1526,#1532));
#1534=FACE_BOUND('',#1533,.T.);
#1535=ADVANCED_FACE('',(#1534),#1516,.T.);
#1536=CARTESIAN_POINT('',(42.070710678,48.929289322,4.9));
#1537=DIRECTION('',(0.707106781,0.707106781,0.));
#1538=DIRECTION('',(-0.707106781,0.707106781,0.));
#1539=AXIS2_PLACEMENT_3D('',#1536,#1537,#1538);
#1540=PLANE('',#1539);
#1541=ORIENTED_EDGE('',*,*,#478,.F.);
#1542=ORIENTED_EDGE('',*,*,#514,.T.);
#1543=ORIENTED_EDGE('',*,*,#531,.T.);
#1544=CARTESIAN_POINT('',(42.,49.,5.));
#1545=DIRECTION('',(0.,0.,-1.));
#1546=VECTOR('',#1545,0.2);
#1547=LINE('',#1544,#1546);
#1548=EDGE_CURVE('',#473,#526,#1547,.T.);
#1549=ORIENTED_EDGE('',*,*,#1548,.F.);
#1550=EDGE_LOOP('',(#1541,#1542,#1543,#1549));
#1551=FACE_BOUND('',#1550,.T.);
#1552=ADVANCED_FACE('',(#1551),#1540,.T.);
#1553=CARTESIAN_POINT('',(16.5,50.6,7.5));
#1554=DIRECTION('',(0.,0.707106781,0.707106781));
#1555=DIRECTION('',(-1.,0.,0.));
#1556=AXIS2_PLACEMENT_3D('',#1553,#1554,#1555);
#1557=PLANE('',#1556);
#1558=CARTESIAN_POINT('',(42.,50.6,7.5));
#1559=VERTEX_POINT('',#1558);
#1560=CARTESIAN_POINT('',(42.,49.6,8.5));
#1561=VERTEX_POINT('',#1560);
#1562=CARTESIAN_POINT('',(42.,50.6,7.5));
#1563=DIRECTION('',(0.,-0.707106781,0.707106781));
#1564=VECTOR('',#1563,1.414213562);
#1565=LINE('',#1562,#1564);
#1566=EDGE_CURVE('',#1559,#1561,#1565,.T.);
#1567=ORIENTED_EDGE('',*,*,#1566,.F.);
#1568=CARTESIAN_POINT('',(20.,50.6,7.5));
#1569=VERTEX_POINT('',#1568);
#1570=CARTESIAN_POINT('',(20.,50.6,7.5));
#1571=DIRECTION('',(1.,0.,-0.));
#1572=VECTOR('',#1571,22.);
#1573=LINE('',#1570,#1572);
#1574=EDGE_CURVE('',#1569,#1559,#1573,.T.);
#1575=ORIENTED_EDGE('',*,*,#1574,.F.);
#1576=CARTESIAN_POINT('',(20.,49.6,8.5));
#1577=VERTEX_POINT('',#1576);
#1578=CARTESIAN_POINT('',(20.,49.6,8.5));
#1579=DIRECTION('',(0.,0.707106781,-0.707106781));
#1580=VECTOR('',#1579,1.414213562);
#1581=LINE('',#1578,#1580);
#1582=EDGE_CURVE('',#1577,#1569,#1581,.T.);
#1583=ORIENTED_EDGE('',*,*,#1582,.F.);
#1584=CARTESIAN_POINT('',(42.,49.6,8.5));
#1585=DIRECTION('',(-1.,0.,0.));
#1586=VECTOR('',#1585,22.);
#1587=LINE('',#1584,#1586);
#1588=EDGE_CURVE('',#1561,#1577,#1587,.T.);
#1589=ORIENTED_EDGE('',*,*,#1588,.F.);
#1590=EDGE_LOOP('',(#1567,#1575,#1583,#1589));
#1591=FACE_BOUND('',#1590,.T.);
#1592=ADVANCED_FACE('',(#1591),#1557,.T.);
#1593=CARTESIAN_POINT('',(16.5,50.6,6.5));
#1594=DIRECTION('',(0.,-1.,0.));
#1595=DIRECTION('',(0.,0.,-1.));
#1596=AXIS2_PLACEMENT_3D('',#1593,#1594,#1595);
#1597=PLANE('',#1596);
#1598=ORIENTED_EDGE('',*,*,#301,.T.);
#1599=ORIENTED_EDGE('',*,*,#1243,.T.);
#1600=CARTESIAN_POINT('',(20.,50.6,5.5));
#1601=VERTEX_POINT('',#1600);
#1602=CARTESIAN_POINT('',(20.,50.6,5.5));
#1603=DIRECTION('',(1.,0.,-0.));
#1604=VECTOR('',#1603,13.20989909);
#1605=LINE('',#1602,#1604);
#1606=EDGE_CURVE('',#1601,#1232,#1605,.T.);
#1607=ORIENTED_EDGE('',*,*,#1606,.F.);
#1608=CARTESIAN_POINT('',(20.,50.6,5.5));
#1609=DIRECTION('',(0.,0.,1.));
#1610=VECTOR('',#1609,2.);
#1611=LINE('',#1608,#1610);
#1612=EDGE_CURVE('',#1601,#1569,#1611,.T.);
#1613=ORIENTED_EDGE('',*,*,#1612,.T.);
#1614=ORIENTED_EDGE('',*,*,#1574,.T.);
#1615=CARTESIAN_POINT('',(42.,50.6,5.5));
#1616=VERTEX_POINT('',#1615);
#1617=CARTESIAN_POINT('',(42.,50.6,5.5));
#1618=DIRECTION('',(0.,0.,1.));
#1619=VECTOR('',#1618,2.);
#1620=LINE('',#1617,#1619);
#1621=EDGE_CURVE('',#1616,#1559,#1620,.T.);
#1622=ORIENTED_EDGE('',*,*,#1621,.F.);
#1623=CARTESIAN_POINT('',(34.6,50.6,5.5));
#1624=DIRECTION('',(1.,0.,-0.));
#1625=VECTOR('',#1624,7.4);
#1626=LINE('',#1623,#1625);
#1627=EDGE_CURVE('',#1181,#1616,#1626,.T.);
#1628=ORIENTED_EDGE('',*,*,#1627,.F.);
#1629=ORIENTED_EDGE('',*,*,#1186,.F.);
#1630=EDGE_LOOP('',(#1598,#1599,#1607,#1613,#1614,#1622,#1628,#1629));
#1631=FACE_BOUND('',#1630,.T.);
#1632=ADVANCED_FACE('',(#1631),#1597,.F.);
#1633=CARTESIAN_POINT('',(40.070710678,90.070710678,4.4));
#1634=DIRECTION('',(-0.707106781,0.707106781,0.));
#1635=DIRECTION('',(-0.707106781,-0.707106781,0.));
#1636=AXIS2_PLACEMENT_3D('',#1633,#1634,#1635);
#1637=PLANE('',#1636);
#1638=ORIENTED_EDGE('',*,*,#336,.F.);
#1639=ORIENTED_EDGE('',*,*,#886,.T.);
#1640=CARTESIAN_POINT('',(40.,90.,4.3));
#1641=VERTEX_POINT('',#1640);
#1642=CARTESIAN_POINT('',(40.091421356,90.091421356,4.429289322));
#1643=DIRECTION('',(-0.5,-0.5,-0.707106781));
#1644=VECTOR('',#1643,0.182842712);
#1645=LINE('',#1642,#1644);
#1646=EDGE_CURVE('',#881,#1641,#1645,.T.);
#1647=ORIENTED_EDGE('',*,*,#1646,.T.);
#1648=CARTESIAN_POINT('',(40.,90.,4.5));
#1649=DIRECTION('',(0.,0.,-1.));
#1650=VECTOR('',#1649,0.2);
#1651=LINE('',#1648,#1650);
#1652=EDGE_CURVE('',#331,#1641,#1651,.T.);
#1653=ORIENTED_EDGE('',*,*,#1652,.F.);
#1654=EDGE_LOOP('',(#1638,#1639,#1647,#1653));
#1655=FACE_BOUND('',#1654,.T.);
#1656=ADVANCED_FACE('',(#1655),#1637,.T.);
#1657=CARTESIAN_POINT('',(40.,90.,6.5));
#1658=DIRECTION('',(-0.707106781,-0.707106781,0.));
#1659=DIRECTION('',(0.,0.,-1.));
#1660=AXIS2_PLACEMENT_3D('',#1657,#1658,#1659);
#1661=PLANE('',#1660);
#1662=CARTESIAN_POINT('',(42.,88.,4.5));
#1663=DIRECTION('',(0.,0.,1.));
#1664=VECTOR('',#1663,0.3);
#1665=LINE('',#1662,#1664);
#1666=EDGE_CURVE('',#315,#371,#1665,.T.);
#1667=ORIENTED_EDGE('',*,*,#1666,.F.);
#1668=ORIENTED_EDGE('',*,*,#342,.T.);
#1669=CARTESIAN_POINT('',(40.,90.,4.8));
#1670=DIRECTION('',(0.,0.,-1.));
#1671=VECTOR('',#1670,0.3);
#1672=LINE('',#1669,#1671);
#1673=EDGE_CURVE('',#355,#331,#1672,.T.);
#1674=ORIENTED_EDGE('',*,*,#1673,.F.);
#1675=ORIENTED_EDGE('',*,*,#382,.F.);
#1676=EDGE_LOOP('',(#1667,#1668,#1674,#1675));
#1677=FACE_BOUND('',#1676,.T.);
#1678=ADVANCED_FACE('',(#1677),#1661,.F.);
#1679=CARTESIAN_POINT('',(40.070710678,90.070710678,4.9));
#1680=DIRECTION('',(-0.707106781,0.707106781,0.));
#1681=DIRECTION('',(-0.707106781,-0.707106781,0.));
#1682=AXIS2_PLACEMENT_3D('',#1679,#1680,#1681);
#1683=PLANE('',#1682);
#1684=ORIENTED_EDGE('',*,*,#438,.F.);
#1685=ORIENTED_EDGE('',*,*,#398,.T.);
#1686=ORIENTED_EDGE('',*,*,#360,.T.);
#1687=CARTESIAN_POINT('',(40.,90.,5.));
#1688=DIRECTION('',(0.,0.,-1.));
#1689=VECTOR('',#1688,0.2);
#1690=LINE('',#1687,#1689);
#1691=EDGE_CURVE('',#433,#355,#1690,.T.);
#1692=ORIENTED_EDGE('',*,*,#1691,.F.);
#1693=EDGE_LOOP('',(#1684,#1685,#1686,#1692));
#1694=FACE_BOUND('',#1693,.T.);
#1695=ADVANCED_FACE('',(#1694),#1683,.T.);
#1696=CARTESIAN_POINT('',(40.,90.,6.5));
#1697=DIRECTION('',(-0.707106781,-0.707106781,0.));
#1698=DIRECTION('',(0.,0.,-1.));
#1699=AXIS2_PLACEMENT_3D('',#1696,#1697,#1698);
#1700=PLANE('',#1699);
#1701=CARTESIAN_POINT('',(42.,88.,8.5));
#1702=VERTEX_POINT('',#1701);
#1703=CARTESIAN_POINT('',(42.,88.,5.));
#1704=DIRECTION('',(0.,0.,1.));
#1705=VECTOR('',#1704,3.5);
#1706=LINE('',#1703,#1705);
#1707=EDGE_CURVE('',#424,#1702,#1706,.T.);
#1708=ORIENTED_EDGE('',*,*,#1707,.F.);
#1709=ORIENTED_EDGE('',*,*,#444,.T.);
#1710=CARTESIAN_POINT('',(40.,90.,8.5));
#1711=VERTEX_POINT('',#1710);
#1712=CARTESIAN_POINT('',(40.,90.,8.5));
#1713=DIRECTION('',(0.,0.,-1.));
#1714=VECTOR('',#1713,3.5);
#1715=LINE('',#1712,#1714);
#1716=EDGE_CURVE('',#1711,#433,#1715,.T.);
#1717=ORIENTED_EDGE('',*,*,#1716,.F.);
#1718=CARTESIAN_POINT('',(42.,88.,8.5));
#1719=DIRECTION('',(-0.707106781,0.707106781,-0.));
#1720=VECTOR('',#1719,2.828427125);
#1721=LINE('',#1718,#1720);
#1722=EDGE_CURVE('',#1702,#1711,#1721,.T.);
#1723=ORIENTED_EDGE('',*,*,#1722,.F.);
#1724=EDGE_LOOP('',(#1708,#1709,#1717,#1723));
#1725=FACE_BOUND('',#1724,.T.);
#1726=ADVANCED_FACE('',(#1725),#1700,.F.);
#1727=CARTESIAN_POINT('',(0.,50.,8.5));
#1728=DIRECTION('',(0.,0.,1.));
#1729=DIRECTION('',(1.,0.,0.));
#1730=AXIS2_PLACEMENT_3D('',#1727,#1728,#1729);
#1731=PLANE('',#1730);
#1732=CARTESIAN_POINT('',(20.,90.,8.5));
#1733=VERTEX_POINT('',#1732);
#1734=CARTESIAN_POINT('',(20.,87.4,8.5));
#1735=DIRECTION('',(0.,1.,0.));
#1736=VECTOR('',#1735,2.6);
#1737=LINE('',#1734,#1736);
#1738=EDGE_CURVE('',#1446,#1733,#1737,.T.);
#1739=ORIENTED_EDGE('',*,*,#1738,.F.);
#1740=ORIENTED_EDGE('',*,*,#1451,.T.);
#1741=CARTESIAN_POINT('',(42.,88.,8.5));
#1742=DIRECTION('',(0.,-1.,0.));
#1743=VECTOR('',#1742,0.6);
#1744=LINE('',#1741,#1743);
#1745=EDGE_CURVE('',#1702,#1436,#1744,.T.);
#1746=ORIENTED_EDGE('',*,*,#1745,.F.);
#1747=ORIENTED_EDGE('',*,*,#1722,.T.);
#1748=CARTESIAN_POINT('',(20.,90.,8.5));
#1749=DIRECTION('',(1.,0.,0.));
#1750=VECTOR('',#1749,20.);
#1751=LINE('',#1748,#1750);
#1752=EDGE_CURVE('',#1733,#1711,#1751,.T.);
#1753=ORIENTED_EDGE('',*,*,#1752,.F.);
#1754=EDGE_LOOP('',(#1739,#1740,#1746,#1747,#1753));
#1755=FACE_BOUND('',#1754,.T.);
#1756=ADVANCED_FACE('',(#1755),#1731,.T.);
#1757=CARTESIAN_POINT('',(20.,88.5,6.5));
#1758=DIRECTION('',(1.,0.,0.));
#1759=DIRECTION('',(0.,0.,-1.));
#1760=AXIS2_PLACEMENT_3D('',#1757,#1758,#1759);
#1761=PLANE('',#1760);
#1762=ORIENTED_EDGE('',*,*,#1350,.T.);
#1763=ORIENTED_EDGE('',*,*,#1457,.T.);
#1764=ORIENTED_EDGE('',*,*,#1738,.T.);
#1765=CARTESIAN_POINT('',(20.,90.,6.5));
#1766=VERTEX_POINT('',#1765);
#1767=CARTESIAN_POINT('',(20.,90.,6.5));
#1768=DIRECTION('',(0.,0.,1.));
#1769=VECTOR('',#1768,2.);
#1770=LINE('',#1767,#1769);
#1771=EDGE_CURVE('',#1766,#1733,#1770,.T.);
#1772=ORIENTED_EDGE('',*,*,#1771,.F.);
#1773=CARTESIAN_POINT('',(20.,88.5,6.5));
#1774=DIRECTION('',(0.,1.,0.));
#1775=VECTOR('',#1774,1.5);
#1776=LINE('',#1773,#1775);
#1777=EDGE_CURVE('',#1297,#1766,#1776,.T.);
#1778=ORIENTED_EDGE('',*,*,#1777,.F.);
#1779=ORIENTED_EDGE('',*,*,#1302,.T.);
#1780=CARTESIAN_POINT('',(20.,86.4,5.5));
#1781=DIRECTION('',(0.,1.,0.));
#1782=VECTOR('',#1781,2.1);
#1783=LINE('',#1780,#1782);
#1784=EDGE_CURVE('',#1345,#1287,#1783,.T.);
#1785=ORIENTED_EDGE('',*,*,#1784,.F.);
#1786=EDGE_LOOP('',(#1762,#1763,#1764,#1772,#1778,#1779,#1785));
#1787=FACE_BOUND('',#1786,.T.);
#1788=ADVANCED_FACE('',(#1787),#1761,.F.);
#1789=CARTESIAN_POINT('',(0.,50.,6.5));
#1790=DIRECTION('',(0.,0.,1.));
#1791=DIRECTION('',(1.,0.,0.));
#1792=AXIS2_PLACEMENT_3D('',#1789,#1790,#1791);
#1793=PLANE('',#1792);
#1794=ORIENTED_EDGE('',*,*,#1310,.F.);
#1795=ORIENTED_EDGE('',*,*,#1777,.T.);
#1796=CARTESIAN_POINT('',(0.5,90.,6.5));
#1797=VERTEX_POINT('',#1796);
#1798=CARTESIAN_POINT('',(0.5,90.,6.5));
#1799=DIRECTION('',(1.,0.,0.));
#1800=VECTOR('',#1799,19.5);
#1801=LINE('',#1798,#1800);
#1802=EDGE_CURVE('',#1797,#1766,#1801,.T.);
#1803=ORIENTED_EDGE('',*,*,#1802,.F.);
#1804=CARTESIAN_POINT('',(0.5,88.5,6.5));
#1805=DIRECTION('',(0.,1.,0.));
#1806=VECTOR('',#1805,1.5);
#1807=LINE('',#1804,#1806);
#1808=EDGE_CURVE('',#1305,#1797,#1807,.T.);
#1809=ORIENTED_EDGE('',*,*,#1808,.F.);
#1810=EDGE_LOOP('',(#1794,#1795,#1803,#1809));
#1811=FACE_BOUND('',#1810,.T.);
#1812=ADVANCED_FACE('',(#1811),#1793,.T.);
#1813=CARTESIAN_POINT('',(0.5,88.5,6.5));
#1814=DIRECTION('',(1.,0.,0.));
#1815=DIRECTION('',(0.,0.,-1.));
#1816=AXIS2_PLACEMENT_3D('',#1813,#1814,#1815);
#1817=PLANE('',#1816);
#1818=CARTESIAN_POINT('',(0.5,87.4,8.5));
#1819=VERTEX_POINT('',#1818);
#1820=CARTESIAN_POINT('',(0.5,90.,8.5));
#1821=VERTEX_POINT('',#1820);
#1822=CARTESIAN_POINT('',(0.5,87.4,8.5));
#1823=DIRECTION('',(0.,1.,0.));
#1824=VECTOR('',#1823,2.6);
#1825=LINE('',#1822,#1824);
#1826=EDGE_CURVE('',#1819,#1821,#1825,.T.);
#1827=ORIENTED_EDGE('',*,*,#1826,.F.);
#1828=CARTESIAN_POINT('',(0.5,86.4,7.5));
#1829=VERTEX_POINT('',#1828);
#1830=CARTESIAN_POINT('',(0.5,87.4,8.5));
#1831=DIRECTION('',(0.,-0.707106781,-0.707106781));
#1832=VECTOR('',#1831,1.414213562);
#1833=LINE('',#1830,#1832);
#1834=EDGE_CURVE('',#1819,#1829,#1833,.T.);
#1835=ORIENTED_EDGE('',*,*,#1834,.T.);
#1836=CARTESIAN_POINT('',(0.5,86.4,5.5));
#1837=VERTEX_POINT('',#1836);
#1838=CARTESIAN_POINT('',(0.5,86.4,5.5));
#1839=DIRECTION('',(0.,0.,1.));
#1840=VECTOR('',#1839,2.);
#1841=LINE('',#1838,#1840);
#1842=EDGE_CURVE('',#1837,#1829,#1841,.T.);
#1843=ORIENTED_EDGE('',*,*,#1842,.F.);
#1844=CARTESIAN_POINT('',(0.5,86.4,5.5));
#1845=DIRECTION('',(0.,1.,0.));
#1846=VECTOR('',#1845,2.1);
#1847=LINE('',#1844,#1846);
#1848=EDGE_CURVE('',#1837,#1289,#1847,.T.);
#1849=ORIENTED_EDGE('',*,*,#1848,.T.);
#1850=ORIENTED_EDGE('',*,*,#1316,.F.);
#1851=ORIENTED_EDGE('',*,*,#1808,.T.);
#1852=CARTESIAN_POINT('',(0.5,90.,6.5));
#1853=DIRECTION('',(0.,0.,1.));
#1854=VECTOR('',#1853,2.);
#1855=LINE('',#1852,#1854);
#1856=EDGE_CURVE('',#1797,#1821,#1855,.T.);
#1857=ORIENTED_EDGE('',*,*,#1856,.T.);
#1858=EDGE_LOOP('',(#1827,#1835,#1843,#1849,#1850,#1851,#1857));
#1859=FACE_BOUND('',#1858,.T.);
#1860=ADVANCED_FACE('',(#1859),#1817,.T.);
#1861=CARTESIAN_POINT('',(-1.070710678,90.070710678,4.9));
#1862=DIRECTION('',(-0.707106781,-0.707106781,-0.));
#1863=DIRECTION('',(0.707106781,-0.707106781,0.));
#1864=AXIS2_PLACEMENT_3D('',#1861,#1862,#1863);
#1865=PLANE('',#1864);
#1866=ORIENTED_EDGE('',*,*,#660,.T.);
#1867=ORIENTED_EDGE('',*,*,#682,.T.);
#1868=ORIENTED_EDGE('',*,*,#713,.T.);
#1869=CARTESIAN_POINT('',(-1.,90.,5.));
#1870=DIRECTION('',(0.,0.,-1.));
#1871=VECTOR('',#1870,0.2);
#1872=LINE('',#1869,#1871);
#1873=EDGE_CURVE('',#708,#655,#1872,.T.);
#1874=ORIENTED_EDGE('',*,*,#1873,.T.);
#1875=EDGE_LOOP('',(#1866,#1867,#1868,#1874));
#1876=FACE_BOUND('',#1875,.T.);
#1877=ADVANCED_FACE('',(#1876),#1865,.F.);
#1878=CARTESIAN_POINT('',(-1.070710678,90.070710678,4.4));
#1879=DIRECTION('',(-0.707106781,-0.707106781,-0.));
#1880=DIRECTION('',(0.707106781,-0.707106781,0.));
#1881=AXIS2_PLACEMENT_3D('',#1878,#1879,#1880);
#1882=PLANE('',#1881);
#1883=CARTESIAN_POINT('',(-1.,90.,4.3));
#1884=VERTEX_POINT('',#1883);
#1885=CARTESIAN_POINT('',(-1.,90.,4.3));
#1886=DIRECTION('',(-0.5,0.5,0.707106781));
#1887=VECTOR('',#1886,0.182842712);
#1888=LINE('',#1885,#1887);
#1889=EDGE_CURVE('',#1884,#943,#1888,.T.);
#1890=ORIENTED_EDGE('',*,*,#1889,.T.);
#1891=ORIENTED_EDGE('',*,*,#948,.T.);
#1892=ORIENTED_EDGE('',*,*,#604,.T.);
#1893=CARTESIAN_POINT('',(-1.,90.,4.5));
#1894=DIRECTION('',(0.,0.,-1.));
#1895=VECTOR('',#1894,0.2);
#1896=LINE('',#1893,#1895);
#1897=EDGE_CURVE('',#599,#1884,#1896,.T.);
#1898=ORIENTED_EDGE('',*,*,#1897,.T.);
#1899=EDGE_LOOP('',(#1890,#1891,#1892,#1898));
#1900=FACE_BOUND('',#1899,.T.);
#1901=ADVANCED_FACE('',(#1900),#1882,.F.);
#1902=CARTESIAN_POINT('',(-1.070710678,46.929289322,4.4));
#1903=DIRECTION('',(0.707106781,-0.707106781,0.));
#1904=DIRECTION('',(0.707106781,0.707106781,0.));
#1905=AXIS2_PLACEMENT_3D('',#1902,#1903,#1904);
#1906=PLANE('',#1905);
#1907=ORIENTED_EDGE('',*,*,#864,.F.);
#1908=ORIENTED_EDGE('',*,*,#993,.T.);
#1909=CARTESIAN_POINT('',(-1.,47.,4.3));
#1910=VERTEX_POINT('',#1909);
#1911=CARTESIAN_POINT('',(-1.091421356,46.908578644,4.429289322));
#1912=DIRECTION('',(0.5,0.5,-0.707106781));
#1913=VECTOR('',#1912,0.182842712);
#1914=LINE('',#1911,#1913);
#1915=EDGE_CURVE('',#982,#1910,#1914,.T.);
#1916=ORIENTED_EDGE('',*,*,#1915,.T.);
#1917=CARTESIAN_POINT('',(-1.,47.,4.5));
#1918=DIRECTION('',(0.,0.,-1.));
#1919=VECTOR('',#1918,0.2);
#1920=LINE('',#1917,#1919);
#1921=EDGE_CURVE('',#859,#1910,#1920,.T.);
#1922=ORIENTED_EDGE('',*,*,#1921,.F.);
#1923=EDGE_LOOP('',(#1907,#1908,#1916,#1922));
#1924=FACE_BOUND('',#1923,.T.);
#1925=ADVANCED_FACE('',(#1924),#1906,.T.);
#1926=CARTESIAN_POINT('',(-1.070710678,46.929289322,4.9));
#1927=DIRECTION('',(0.707106781,-0.707106781,0.));
#1928=DIRECTION('',(0.707106781,0.707106781,0.));
#1929=AXIS2_PLACEMENT_3D('',#1926,#1927,#1928);
#1930=PLANE('',#1929);
#1931=ORIENTED_EDGE('',*,*,#762,.F.);
#1932=ORIENTED_EDGE('',*,*,#798,.T.);
#1933=ORIENTED_EDGE('',*,*,#815,.T.);
#1934=CARTESIAN_POINT('',(-1.,47.,5.));
#1935=DIRECTION('',(0.,0.,-1.));
#1936=VECTOR('',#1935,0.2);
#1937=LINE('',#1934,#1936);
#1938=EDGE_CURVE('',#757,#810,#1937,.T.);
#1939=ORIENTED_EDGE('',*,*,#1938,.F.);
#1940=EDGE_LOOP('',(#1931,#1932,#1933,#1939));
#1941=FACE_BOUND('',#1940,.T.);
#1942=ADVANCED_FACE('',(#1941),#1930,.T.);
#1943=CARTESIAN_POINT('',(0.5,48.5,6.5));
#1944=DIRECTION('',(-1.,0.,0.));
#1945=DIRECTION('',(0.,0.,1.));
#1946=AXIS2_PLACEMENT_3D('',#1943,#1944,#1945);
#1947=PLANE('',#1946);
#1948=CARTESIAN_POINT('',(0.5,50.6,5.5));
#1949=VERTEX_POINT('',#1948);
#1950=CARTESIAN_POINT('',(0.5,50.6,7.5));
#1951=VERTEX_POINT('',#1950);
#1952=CARTESIAN_POINT('',(0.5,50.6,5.5));
#1953=DIRECTION('',(0.,0.,1.));
#1954=VECTOR('',#1953,2.);
#1955=LINE('',#1952,#1954);
#1956=EDGE_CURVE('',#1949,#1951,#1955,.T.);
#1957=ORIENTED_EDGE('',*,*,#1956,.T.);
#1958=CARTESIAN_POINT('',(0.5,49.6,8.5));
#1959=VERTEX_POINT('',#1958);
#1960=CARTESIAN_POINT('',(0.5,50.6,7.5));
#1961=DIRECTION('',(0.,-0.707106781,0.707106781));
#1962=VECTOR('',#1961,1.414213562);
#1963=LINE('',#1960,#1962);
#1964=EDGE_CURVE('',#1951,#1959,#1963,.T.);
#1965=ORIENTED_EDGE('',*,*,#1964,.T.);
#1966=CARTESIAN_POINT('',(0.5,47.,8.5));
#1967=VERTEX_POINT('',#1966);
#1968=CARTESIAN_POINT('',(0.5,49.6,8.5));
#1969=DIRECTION('',(0.,-1.,0.));
#1970=VECTOR('',#1969,2.6);
#1971=LINE('',#1968,#1970);
#1972=EDGE_CURVE('',#1959,#1967,#1971,.T.);
#1973=ORIENTED_EDGE('',*,*,#1972,.T.);
#1974=CARTESIAN_POINT('',(0.5,47.,6.5));
#1975=VERTEX_POINT('',#1974);
#1976=CARTESIAN_POINT('',(0.5,47.,6.5));
#1977=DIRECTION('',(0.,0.,1.));
#1978=VECTOR('',#1977,2.);
#1979=LINE('',#1976,#1978);
#1980=EDGE_CURVE('',#1975,#1967,#1979,.T.);
#1981=ORIENTED_EDGE('',*,*,#1980,.F.);
#1982=CARTESIAN_POINT('',(0.5,48.5,6.5));
#1983=DIRECTION('',(0.,-1.,0.));
#1984=VECTOR('',#1983,1.5);
#1985=LINE('',#1982,#1984);
#1986=EDGE_CURVE('',#1141,#1975,#1985,.T.);
#1987=ORIENTED_EDGE('',*,*,#1986,.F.);
#1988=ORIENTED_EDGE('',*,*,#1146,.T.);
#1989=CARTESIAN_POINT('',(0.5,50.6,5.5));
#1990=DIRECTION('',(0.,-1.,0.));
#1991=VECTOR('',#1990,2.1);
#1992=LINE('',#1989,#1991);
#1993=EDGE_CURVE('',#1949,#1133,#1992,.T.);
#1994=ORIENTED_EDGE('',*,*,#1993,.F.);
#1995=EDGE_LOOP('',(#1957,#1965,#1973,#1981,#1987,#1988,#1994));
#1996=FACE_BOUND('',#1995,.T.);
#1997=ADVANCED_FACE('',(#1996),#1947,.F.);
#1998=CARTESIAN_POINT('',(0.,50.,6.5));
#1999=DIRECTION('',(0.,0.,1.));
#2000=DIRECTION('',(1.,0.,0.));
#2001=AXIS2_PLACEMENT_3D('',#1998,#1999,#2000);
#2002=PLANE('',#2001);
#2003=CARTESIAN_POINT('',(20.,47.,6.5));
#2004=VERTEX_POINT('',#2003);
#2005=CARTESIAN_POINT('',(20.,48.5,6.5));
#2006=DIRECTION('',(0.,-1.,0.));
#2007=VECTOR('',#2006,1.5);
#2008=LINE('',#2005,#2007);
#2009=EDGE_CURVE('',#1149,#2004,#2008,.T.);
#2010=ORIENTED_EDGE('',*,*,#2009,.F.);
#2011=ORIENTED_EDGE('',*,*,#1154,.T.);
#2012=ORIENTED_EDGE('',*,*,#1986,.T.);
#2013=CARTESIAN_POINT('',(20.,47.,6.5));
#2014=DIRECTION('',(-1.,0.,0.));
#2015=VECTOR('',#2014,19.5);
#2016=LINE('',#2013,#2015);
#2017=EDGE_CURVE('',#2004,#1975,#2016,.T.);
#2018=ORIENTED_EDGE('',*,*,#2017,.F.);
#2019=EDGE_LOOP('',(#2010,#2011,#2012,#2018));
#2020=FACE_BOUND('',#2019,.T.);
#2021=ADVANCED_FACE('',(#2020),#2002,.T.);
#2022=CARTESIAN_POINT('',(20.,48.5,6.5));
#2023=DIRECTION('',(-1.,0.,0.));
#2024=DIRECTION('',(0.,0.,1.));
#2025=AXIS2_PLACEMENT_3D('',#2022,#2023,#2024);
#2026=PLANE('',#2025);
#2027=CARTESIAN_POINT('',(20.,47.,8.5));
#2028=VERTEX_POINT('',#2027);
#2029=CARTESIAN_POINT('',(20.,49.6,8.5));
#2030=DIRECTION('',(0.,-1.,0.));
#2031=VECTOR('',#2030,2.6);
#2032=LINE('',#2029,#2031);
#2033=EDGE_CURVE('',#1577,#2028,#2032,.T.);
#2034=ORIENTED_EDGE('',*,*,#2033,.F.);
#2035=ORIENTED_EDGE('',*,*,#1582,.T.);
#2036=ORIENTED_EDGE('',*,*,#1612,.F.);
#2037=CARTESIAN_POINT('',(20.,50.6,5.5));
#2038=DIRECTION('',(0.,-1.,0.));
#2039=VECTOR('',#2038,2.1);
#2040=LINE('',#2037,#2039);
#2041=EDGE_CURVE('',#1601,#1131,#2040,.T.);
#2042=ORIENTED_EDGE('',*,*,#2041,.T.);
#2043=ORIENTED_EDGE('',*,*,#1160,.F.);
#2044=ORIENTED_EDGE('',*,*,#2009,.T.);
#2045=CARTESIAN_POINT('',(20.,47.,6.5));
#2046=DIRECTION('',(0.,0.,1.));
#2047=VECTOR('',#2046,2.);
#2048=LINE('',#2045,#2047);
#2049=EDGE_CURVE('',#2004,#2028,#2048,.T.);
#2050=ORIENTED_EDGE('',*,*,#2049,.T.);
#2051=EDGE_LOOP('',(#2034,#2035,#2036,#2042,#2043,#2044,#2050));
#2052=FACE_BOUND('',#2051,.T.);
#2053=ADVANCED_FACE('',(#2052),#2026,.T.);
#2054=CARTESIAN_POINT('',(0.,50.,8.5));
#2055=DIRECTION('',(0.,0.,1.));
#2056=DIRECTION('',(1.,0.,0.));
#2057=AXIS2_PLACEMENT_3D('',#2054,#2055,#2056);
#2058=PLANE('',#2057);
#2059=ORIENTED_EDGE('',*,*,#1588,.T.);
#2060=ORIENTED_EDGE('',*,*,#2033,.T.);
#2061=CARTESIAN_POINT('',(40.,47.,8.5));
#2062=VERTEX_POINT('',#2061);
#2063=CARTESIAN_POINT('',(40.,47.,8.5));
#2064=DIRECTION('',(-1.,0.,0.));
#2065=VECTOR('',#2064,20.);
#2066=LINE('',#2063,#2065);
#2067=EDGE_CURVE('',#2062,#2028,#2066,.T.);
#2068=ORIENTED_EDGE('',*,*,#2067,.F.);
#2069=CARTESIAN_POINT('',(42.,49.,8.5));
#2070=VERTEX_POINT('',#2069);
#2071=CARTESIAN_POINT('',(40.,47.,8.5));
#2072=DIRECTION('',(0.707106781,0.707106781,-0.));
#2073=VECTOR('',#2072,2.828427125);
#2074=LINE('',#2071,#2073);
#2075=EDGE_CURVE('',#2062,#2070,#2074,.T.);
#2076=ORIENTED_EDGE('',*,*,#2075,.T.);
#2077=CARTESIAN_POINT('',(42.,49.6,8.5));
#2078=DIRECTION('',(0.,-1.,0.));
#2079=VECTOR('',#2078,0.6);
#2080=LINE('',#2077,#2079);
#2081=EDGE_CURVE('',#1561,#2070,#2080,.T.);
#2082=ORIENTED_EDGE('',*,*,#2081,.F.);
#2083=EDGE_LOOP('',(#2059,#2060,#2068,#2076,#2082));
#2084=FACE_BOUND('',#2083,.T.);
#2085=ADVANCED_FACE('',(#2084),#2058,.T.);
#2086=CARTESIAN_POINT('',(42.,49.,6.5));
#2087=DIRECTION('',(-0.707106781,0.707106781,0.));
#2088=DIRECTION('',(0.,0.,-1.));
#2089=AXIS2_PLACEMENT_3D('',#2086,#2087,#2088);
#2090=PLANE('',#2089);
#2091=CARTESIAN_POINT('',(40.,47.,5.));
#2092=DIRECTION('',(0.,0.,1.));
#2093=VECTOR('',#2092,3.5);
#2094=LINE('',#2091,#2093);
#2095=EDGE_CURVE('',#457,#2062,#2094,.T.);
#2096=ORIENTED_EDGE('',*,*,#2095,.F.);
#2097=ORIENTED_EDGE('',*,*,#484,.T.);
#2098=CARTESIAN_POINT('',(42.,49.,8.5));
#2099=DIRECTION('',(0.,0.,-1.));
#2100=VECTOR('',#2099,3.5);
#2101=LINE('',#2098,#2100);
#2102=EDGE_CURVE('',#2070,#473,#2101,.T.);
#2103=ORIENTED_EDGE('',*,*,#2102,.F.);
#2104=ORIENTED_EDGE('',*,*,#2075,.F.);
#2105=EDGE_LOOP('',(#2096,#2097,#2103,#2104));
#2106=FACE_BOUND('',#2105,.T.);
#2107=ADVANCED_FACE('',(#2106),#2090,.F.);
#2108=CARTESIAN_POINT('',(40.070710678,46.929289322,4.9));
#2109=DIRECTION('',(0.707106781,0.707106781,0.));
#2110=DIRECTION('',(-0.707106781,0.707106781,0.));
#2111=AXIS2_PLACEMENT_3D('',#2108,#2109,#2110);
#2112=PLANE('',#2111);
#2113=ORIENTED_EDGE('',*,*,#540,.T.);
#2114=ORIENTED_EDGE('',*,*,#500,.T.);
#2115=ORIENTED_EDGE('',*,*,#462,.T.);
#2116=CARTESIAN_POINT('',(40.,47.,5.));
#2117=DIRECTION('',(0.,0.,-1.));
#2118=VECTOR('',#2117,0.2);
#2119=LINE('',#2116,#2118);
#2120=EDGE_CURVE('',#457,#535,#2119,.T.);
#2121=ORIENTED_EDGE('',*,*,#2120,.T.);
#2122=EDGE_LOOP('',(#2113,#2114,#2115,#2121));
#2123=FACE_BOUND('',#2122,.T.);
#2124=ADVANCED_FACE('',(#2123),#2112,.F.);
#2125=CARTESIAN_POINT('',(42.,49.,6.5));
#2126=DIRECTION('',(-0.707106781,0.707106781,0.));
#2127=DIRECTION('',(0.,0.,-1.));
#2128=AXIS2_PLACEMENT_3D('',#2125,#2126,#2127);
#2129=PLANE('',#2128);
#2130=CARTESIAN_POINT('',(40.,47.,4.5));
#2131=DIRECTION('',(0.,0.,1.));
#2132=VECTOR('',#2131,0.3);
#2133=LINE('',#2130,#2132);
#2134=EDGE_CURVE('',#559,#535,#2133,.T.);
#2135=ORIENTED_EDGE('',*,*,#2134,.F.);
#2136=ORIENTED_EDGE('',*,*,#586,.T.);
#2137=CARTESIAN_POINT('',(42.,49.,4.8));
#2138=DIRECTION('',(0.,0.,-1.));
#2139=VECTOR('',#2138,0.3);
#2140=LINE('',#2137,#2139);
#2141=EDGE_CURVE('',#526,#575,#2140,.T.);
#2142=ORIENTED_EDGE('',*,*,#2141,.F.);
#2143=ORIENTED_EDGE('',*,*,#546,.F.);
#2144=EDGE_LOOP('',(#2135,#2136,#2142,#2143));
#2145=FACE_BOUND('',#2144,.T.);
#2146=ADVANCED_FACE('',(#2145),#2129,.F.);
#2147=CARTESIAN_POINT('',(40.070710678,46.929289322,4.4));
#2148=DIRECTION('',(0.707106781,0.707106781,0.));
#2149=DIRECTION('',(-0.707106781,0.707106781,0.));
#2150=AXIS2_PLACEMENT_3D('',#2147,#2148,#2149);
#2151=PLANE('',#2150);
#2152=CARTESIAN_POINT('',(40.,47.,4.3));
#2153=VERTEX_POINT('',#2152);
#2154=CARTESIAN_POINT('',(40.,47.,4.3));
#2155=DIRECTION('',(0.5,-0.5,0.707106781));
#2156=VECTOR('',#2155,0.182842712);
#2157=LINE('',#2154,#2156);
#2158=EDGE_CURVE('',#2153,#912,#2157,.T.);
#2159=ORIENTED_EDGE('',*,*,#2158,.T.);
#2160=ORIENTED_EDGE('',*,*,#917,.T.);
#2161=ORIENTED_EDGE('',*,*,#564,.T.);
#2162=CARTESIAN_POINT('',(40.,47.,4.5));
#2163=DIRECTION('',(0.,0.,-1.));
#2164=VECTOR('',#2163,0.2);
#2165=LINE('',#2162,#2164);
#2166=EDGE_CURVE('',#559,#2153,#2165,.T.);
#2167=ORIENTED_EDGE('',*,*,#2166,.T.);
#2168=EDGE_LOOP('',(#2159,#2160,#2161,#2167));
#2169=FACE_BOUND('',#2168,.T.);
#2170=ADVANCED_FACE('',(#2169),#2151,.F.);
#2171=CARTESIAN_POINT('',(-3.070710678,88.070710678,4.4));
#2172=DIRECTION('',(-0.707106781,-0.707106781,0.));
#2173=DIRECTION('',(0.707106781,-0.707106781,0.));
#2174=AXIS2_PLACEMENT_3D('',#2171,#2172,#2173);
#2175=PLANE('',#2174);
#2176=ORIENTED_EDGE('',*,*,#620,.F.);
#2177=ORIENTED_EDGE('',*,*,#962,.T.);
#2178=CARTESIAN_POINT('',(-3.,88.,4.3));
#2179=VERTEX_POINT('',#2178);
#2180=CARTESIAN_POINT('',(-3.091421356,88.091421356,4.429289322));
#2181=DIRECTION('',(0.5,-0.5,-0.707106781));
#2182=VECTOR('',#2181,0.182842712);
#2183=LINE('',#2180,#2182);
#2184=EDGE_CURVE('',#951,#2179,#2183,.T.);
#2185=ORIENTED_EDGE('',*,*,#2184,.T.);
#2186=CARTESIAN_POINT('',(-3.,88.,4.5));
#2187=DIRECTION('',(0.,0.,-1.));
#2188=VECTOR('',#2187,0.2);
#2189=LINE('',#2186,#2188);
#2190=EDGE_CURVE('',#615,#2179,#2189,.T.);
#2191=ORIENTED_EDGE('',*,*,#2190,.F.);
#2192=EDGE_LOOP('',(#2176,#2177,#2185,#2191));
#2193=FACE_BOUND('',#2192,.T.);
#2194=ADVANCED_FACE('',(#2193),#2175,.T.);
#2195=CARTESIAN_POINT('',(-3.,88.,6.5));
#2196=DIRECTION('',(0.707106781,-0.707106781,0.));
#2197=DIRECTION('',(0.,0.,-1.));
#2198=AXIS2_PLACEMENT_3D('',#2195,#2196,#2197);
#2199=PLANE('',#2198);
#2200=CARTESIAN_POINT('',(-1.,90.,4.5));
#2201=DIRECTION('',(0.,0.,1.));
#2202=VECTOR('',#2201,0.3);
#2203=LINE('',#2200,#2202);
#2204=EDGE_CURVE('',#599,#655,#2203,.T.);
#2205=ORIENTED_EDGE('',*,*,#2204,.F.);
#2206=ORIENTED_EDGE('',*,*,#626,.T.);
#2207=CARTESIAN_POINT('',(-3.,88.,4.8));
#2208=DIRECTION('',(0.,0.,-1.));
#2209=VECTOR('',#2208,0.3);
#2210=LINE('',#2207,#2209);
#2211=EDGE_CURVE('',#639,#615,#2210,.T.);
#2212=ORIENTED_EDGE('',*,*,#2211,.F.);
#2213=ORIENTED_EDGE('',*,*,#666,.F.);
#2214=EDGE_LOOP('',(#2205,#2206,#2212,#2213));
#2215=FACE_BOUND('',#2214,.T.);
#2216=ADVANCED_FACE('',(#2215),#2199,.F.);
#2217=CARTESIAN_POINT('',(-3.070710678,88.070710678,4.9));
#2218=DIRECTION('',(-0.707106781,-0.707106781,0.));
#2219=DIRECTION('',(0.707106781,-0.707106781,0.));
#2220=AXIS2_PLACEMENT_3D('',#2217,#2218,#2219);
#2221=PLANE('',#2220);
#2222=ORIENTED_EDGE('',*,*,#722,.F.);
#2223=ORIENTED_EDGE('',*,*,#691,.T.);
#2224=ORIENTED_EDGE('',*,*,#644,.T.);
#2225=CARTESIAN_POINT('',(-3.,88.,5.));
#2226=DIRECTION('',(0.,0.,-1.));
#2227=VECTOR('',#2226,0.2);
#2228=LINE('',#2225,#2227);
#2229=EDGE_CURVE('',#717,#639,#2228,.T.);
#2230=ORIENTED_EDGE('',*,*,#2229,.F.);
#2231=EDGE_LOOP('',(#2222,#2223,#2224,#2230));
#2232=FACE_BOUND('',#2231,.T.);
#2233=ADVANCED_FACE('',(#2232),#2221,.T.);
#2234=CARTESIAN_POINT('',(-3.,88.,6.5));
#2235=DIRECTION('',(0.707106781,-0.707106781,0.));
#2236=DIRECTION('',(0.,0.,-1.));
#2237=AXIS2_PLACEMENT_3D('',#2234,#2235,#2236);
#2238=PLANE('',#2237);
#2239=CARTESIAN_POINT('',(-1.,90.,8.5));
#2240=VERTEX_POINT('',#2239);
#2241=CARTESIAN_POINT('',(-1.,90.,5.));
#2242=DIRECTION('',(0.,0.,1.));
#2243=VECTOR('',#2242,3.5);
#2244=LINE('',#2241,#2243);
#2245=EDGE_CURVE('',#708,#2240,#2244,.T.);
#2246=ORIENTED_EDGE('',*,*,#2245,.F.);
#2247=ORIENTED_EDGE('',*,*,#728,.T.);
#2248=CARTESIAN_POINT('',(-3.,88.,8.5));
#2249=VERTEX_POINT('',#2248);
#2250=CARTESIAN_POINT('',(-3.,88.,8.5));
#2251=DIRECTION('',(0.,0.,-1.));
#2252=VECTOR('',#2251,3.5);
#2253=LINE('',#2250,#2252);
#2254=EDGE_CURVE('',#2249,#717,#2253,.T.);
#2255=ORIENTED_EDGE('',*,*,#2254,.F.);
#2256=CARTESIAN_POINT('',(-1.,90.,8.5));
#2257=DIRECTION('',(-0.707106781,-0.707106781,-0.));
#2258=VECTOR('',#2257,2.828427125);
#2259=LINE('',#2256,#2258);
#2260=EDGE_CURVE('',#2240,#2249,#2259,.T.);
#2261=ORIENTED_EDGE('',*,*,#2260,.F.);
#2262=EDGE_LOOP('',(#2246,#2247,#2255,#2261));
#2263=FACE_BOUND('',#2262,.T.);
#2264=ADVANCED_FACE('',(#2263),#2238,.F.);
#2265=CARTESIAN_POINT('',(-1.,47.,6.5));
#2266=DIRECTION('',(0.707106781,0.707106781,0.));
#2267=DIRECTION('',(0.,0.,-1.));
#2268=AXIS2_PLACEMENT_3D('',#2265,#2266,#2267);
#2269=PLANE('',#2268);
#2270=CARTESIAN_POINT('',(-3.,49.,8.5));
#2271=VERTEX_POINT('',#2270);
#2272=CARTESIAN_POINT('',(-3.,49.,5.));
#2273=DIRECTION('',(0.,0.,1.));
#2274=VECTOR('',#2273,3.5);
#2275=LINE('',#2272,#2274);
#2276=EDGE_CURVE('',#741,#2271,#2275,.T.);
#2277=ORIENTED_EDGE('',*,*,#2276,.F.);
#2278=ORIENTED_EDGE('',*,*,#768,.T.);
#2279=CARTESIAN_POINT('',(-1.,47.,8.5));
#2280=VERTEX_POINT('',#2279);
#2281=CARTESIAN_POINT('',(-1.,47.,8.5));
#2282=DIRECTION('',(0.,0.,-1.));
#2283=VECTOR('',#2282,3.5);
#2284=LINE('',#2281,#2283);
#2285=EDGE_CURVE('',#2280,#757,#2284,.T.);
#2286=ORIENTED_EDGE('',*,*,#2285,.F.);
#2287=CARTESIAN_POINT('',(-3.,49.,8.5));
#2288=DIRECTION('',(0.707106781,-0.707106781,-0.));
#2289=VECTOR('',#2288,2.828427125);
#2290=LINE('',#2287,#2289);
#2291=EDGE_CURVE('',#2271,#2280,#2290,.T.);
#2292=ORIENTED_EDGE('',*,*,#2291,.F.);
#2293=EDGE_LOOP('',(#2277,#2278,#2286,#2292));
#2294=FACE_BOUND('',#2293,.T.);
#2295=ADVANCED_FACE('',(#2294),#2269,.F.);
#2296=CARTESIAN_POINT('',(-3.070710678,48.929289322,4.9));
#2297=DIRECTION('',(0.707106781,-0.707106781,-0.));
#2298=DIRECTION('',(0.707106781,0.707106781,0.));
#2299=AXIS2_PLACEMENT_3D('',#2296,#2297,#2298);
#2300=PLANE('',#2299);
#2301=ORIENTED_EDGE('',*,*,#824,.T.);
#2302=ORIENTED_EDGE('',*,*,#784,.T.);
#2303=ORIENTED_EDGE('',*,*,#746,.T.);
#2304=CARTESIAN_POINT('',(-3.,49.,5.));
#2305=DIRECTION('',(-0.,0.,-1.));
#2306=VECTOR('',#2305,0.2);
#2307=LINE('',#2304,#2306);
#2308=EDGE_CURVE('',#741,#819,#2307,.T.);
#2309=ORIENTED_EDGE('',*,*,#2308,.T.);
#2310=EDGE_LOOP('',(#2301,#2302,#2303,#2309));
#2311=FACE_BOUND('',#2310,.T.);
#2312=ADVANCED_FACE('',(#2311),#2300,.F.);
#2313=CARTESIAN_POINT('',(-1.,47.,6.5));
#2314=DIRECTION('',(0.707106781,0.707106781,0.));
#2315=DIRECTION('',(0.,0.,-1.));
#2316=AXIS2_PLACEMENT_3D('',#2313,#2314,#2315);
#2317=PLANE('',#2316);
#2318=CARTESIAN_POINT('',(-3.,49.,4.5));
#2319=DIRECTION('',(0.,0.,1.));
#2320=VECTOR('',#2319,0.3);
#2321=LINE('',#2318,#2320);
#2322=EDGE_CURVE('',#843,#819,#2321,.T.);
#2323=ORIENTED_EDGE('',*,*,#2322,.F.);
#2324=ORIENTED_EDGE('',*,*,#870,.T.);
#2325=CARTESIAN_POINT('',(-1.,47.,4.8));
#2326=DIRECTION('',(0.,0.,-1.));
#2327=VECTOR('',#2326,0.3);
#2328=LINE('',#2325,#2327);
#2329=EDGE_CURVE('',#810,#859,#2328,.T.);
#2330=ORIENTED_EDGE('',*,*,#2329,.F.);
#2331=ORIENTED_EDGE('',*,*,#830,.F.);
#2332=EDGE_LOOP('',(#2323,#2324,#2330,#2331));
#2333=FACE_BOUND('',#2332,.T.);
#2334=ADVANCED_FACE('',(#2333),#2317,.F.);
#2335=CARTESIAN_POINT('',(-3.070710678,48.929289322,4.4));
#2336=DIRECTION('',(0.707106781,-0.707106781,-0.));
#2337=DIRECTION('',(0.707106781,0.707106781,0.));
#2338=AXIS2_PLACEMENT_3D('',#2335,#2336,#2337);
#2339=PLANE('',#2338);
#2340=CARTESIAN_POINT('',(-3.,49.,4.3));
#2341=VERTEX_POINT('',#2340);
#2342=CARTESIAN_POINT('',(-3.,49.,4.3));
#2343=DIRECTION('',(-0.5,-0.5,0.707106781));
#2344=VECTOR('',#2343,0.182842712);
#2345=LINE('',#2342,#2344);
#2346=EDGE_CURVE('',#2341,#974,#2345,.T.);
#2347=ORIENTED_EDGE('',*,*,#2346,.T.);
#2348=ORIENTED_EDGE('',*,*,#979,.T.);
#2349=ORIENTED_EDGE('',*,*,#848,.T.);
#2350=CARTESIAN_POINT('',(-3.,49.,4.5));
#2351=DIRECTION('',(-0.,0.,-1.));
#2352=VECTOR('',#2351,0.2);
#2353=LINE('',#2350,#2352);
#2354=EDGE_CURVE('',#843,#2341,#2353,.T.);
#2355=ORIENTED_EDGE('',*,*,#2354,.T.);
#2356=EDGE_LOOP('',(#2347,#2348,#2349,#2355));
#2357=FACE_BOUND('',#2356,.T.);
#2358=ADVANCED_FACE('',(#2357),#2339,.F.);
#2359=CARTESIAN_POINT('',(40.070710678,90.070710678,4.4));
#2360=DIRECTION('',(0.5,0.5,-0.707106781));
#2361=DIRECTION('',(0.707106781,-0.707106781,0.));
#2362=AXIS2_PLACEMENT_3D('',#2359,#2360,#2361);
#2363=PLANE('',#2362);
#2364=ORIENTED_EDGE('',*,*,#1646,.F.);
#2365=ORIENTED_EDGE('',*,*,#901,.T.);
#2366=ORIENTED_EDGE('',*,*,#1499,.F.);
#2367=CARTESIAN_POINT('',(42.,88.,4.3));
#2368=DIRECTION('',(-0.707106781,0.707106781,0.));
#2369=VECTOR('',#2368,2.828427125);
#2370=LINE('',#2367,#2369);
#2371=EDGE_CURVE('',#1494,#1641,#2370,.T.);
#2372=ORIENTED_EDGE('',*,*,#2371,.T.);
#2373=EDGE_LOOP('',(#2364,#2365,#2366,#2372));
#2374=FACE_BOUND('',#2373,.T.);
#2375=ADVANCED_FACE('',(#2374),#2363,.T.);
#2376=CARTESIAN_POINT('',(21.570710678,28.429289322,4.4));
#2377=DIRECTION('',(0.5,-0.5,-0.707106781));
#2378=DIRECTION('',(-0.707106781,-0.707106781,0.));
#2379=AXIS2_PLACEMENT_3D('',#2376,#2377,#2378);
#2380=PLANE('',#2379);
#2381=ORIENTED_EDGE('',*,*,#1525,.F.);
#2382=ORIENTED_EDGE('',*,*,#925,.T.);
#2383=ORIENTED_EDGE('',*,*,#2158,.F.);
#2384=CARTESIAN_POINT('',(40.,47.,4.3));
#2385=DIRECTION('',(0.707106781,0.707106781,0.));
#2386=VECTOR('',#2385,2.828427125);
#2387=LINE('',#2384,#2386);
#2388=EDGE_CURVE('',#2153,#1520,#2387,.T.);
#2389=ORIENTED_EDGE('',*,*,#2388,.T.);
#2390=EDGE_LOOP('',(#2381,#2382,#2383,#2389));
#2391=FACE_BOUND('',#2390,.T.);
#2392=ADVANCED_FACE('',(#2391),#2380,.T.);
#2393=CARTESIAN_POINT('',(-20.570710678,70.570710678,4.4));
#2394=DIRECTION('',(-0.5,0.5,-0.707106781));
#2395=DIRECTION('',(0.707106781,0.707106781,-0.));
#2396=AXIS2_PLACEMENT_3D('',#2393,#2394,#2395);
#2397=PLANE('',#2396);
#2398=ORIENTED_EDGE('',*,*,#2184,.F.);
#2399=ORIENTED_EDGE('',*,*,#956,.T.);
#2400=ORIENTED_EDGE('',*,*,#1889,.F.);
#2401=CARTESIAN_POINT('',(-1.,90.,4.3));
#2402=DIRECTION('',(-0.707106781,-0.707106781,0.));
#2403=VECTOR('',#2402,2.828427125);
#2404=LINE('',#2401,#2403);
#2405=EDGE_CURVE('',#1884,#2179,#2404,.T.);
#2406=ORIENTED_EDGE('',*,*,#2405,.T.);
#2407=EDGE_LOOP('',(#2398,#2399,#2400,#2406));
#2408=FACE_BOUND('',#2407,.T.);
#2409=ADVANCED_FACE('',(#2408),#2397,.T.);
#2410=CARTESIAN_POINT('',(-2.070710678,47.929289322,4.4));
#2411=DIRECTION('',(-0.5,-0.5,-0.707106781));
#2412=DIRECTION('',(-0.707106781,0.707106781,0.));
#2413=AXIS2_PLACEMENT_3D('',#2410,#2411,#2412);
#2414=PLANE('',#2413);
#2415=ORIENTED_EDGE('',*,*,#1915,.F.);
#2416=ORIENTED_EDGE('',*,*,#987,.T.);
#2417=ORIENTED_EDGE('',*,*,#2346,.F.);
#2418=CARTESIAN_POINT('',(-3.,49.,4.3));
#2419=DIRECTION('',(0.707106781,-0.707106781,0.));
#2420=VECTOR('',#2419,2.828427125);
#2421=LINE('',#2418,#2420);
#2422=EDGE_CURVE('',#2341,#1910,#2421,.T.);
#2423=ORIENTED_EDGE('',*,*,#2422,.T.);
#2424=EDGE_LOOP('',(#2415,#2416,#2417,#2423));
#2425=FACE_BOUND('',#2424,.T.);
#2426=ADVANCED_FACE('',(#2425),#2414,.T.);
#2427=CARTESIAN_POINT('',(0.,84.14885854,5.5));
#2428=DIRECTION('',(0.,-0.887010833,0.461748613));
#2429=DIRECTION('',(-1.,0.,0.));
#2430=AXIS2_PLACEMENT_3D('',#2427,#2428,#2429);
#2431=PLANE('',#2430);
#2432=CARTESIAN_POINT('',(31.2,84.14885854,5.5));
#2433=VERTEX_POINT('',#2432);
#2434=CARTESIAN_POINT('',(31.2,84.14885854,5.5));
#2435=DIRECTION('',(1.,0.,-0.));
#2436=VECTOR('',#2435,2.);
#2437=LINE('',#2434,#2436);
#2438=EDGE_CURVE('',#2433,#1367,#2437,.T.);
#2439=ORIENTED_EDGE('',*,*,#2438,.F.);
#2440=CARTESIAN_POINT('',(31.2,83.722434976,4.680847956));
#2441=VERTEX_POINT('',#2440);
#2442=CARTESIAN_POINT('',(31.2,84.14885854,5.5));
#2443=DIRECTION('',(0.,-0.461748613,-0.887010833));
#2444=VECTOR('',#2443,0.923497226);
#2445=LINE('',#2442,#2444);
#2446=EDGE_CURVE('',#2433,#2441,#2445,.T.);
#2447=ORIENTED_EDGE('',*,*,#2446,.T.);
#2448=CARTESIAN_POINT('',(33.402098063,83.722434976,4.680847956));
#2449=VERTEX_POINT('',#2448);
#2450=CARTESIAN_POINT('',(33.402098063,83.722434976,4.680847956));
#2451=DIRECTION('',(-1.,0.,0.));
#2452=VECTOR('',#2451,2.202098063);
#2453=LINE('',#2450,#2452);
#2454=EDGE_CURVE('',#2449,#2441,#2453,.T.);
#2455=ORIENTED_EDGE('',*,*,#2454,.F.);
#2456=CARTESIAN_POINT('',(33.402098063,83.722434976,4.680847956));
#2457=DIRECTION('',(-0.41921546,0.41921546,0.805305406));
#2458=VECTOR('',#2457,0.482086378);
#2459=LINE('',#2456,#2458);
#2460=EDGE_CURVE('',#2449,#1369,#2459,.T.);
#2461=ORIENTED_EDGE('',*,*,#2460,.T.);
#2462=ORIENTED_EDGE('',*,*,#1374,.F.);
#2463=EDGE_LOOP('',(#2439,#2447,#2455,#2461,#2462));
#2464=FACE_BOUND('',#2463,.T.);
#2465=ADVANCED_FACE('',(#2464),#2431,.T.);
#2466=CARTESIAN_POINT('',(33.7,83.424533039,-11.5));
#2467=DIRECTION('',(-0.707106781,-0.707106781,-0.));
#2468=DIRECTION('',(-0.,0.,1.));
#2469=AXIS2_PLACEMENT_3D('',#2466,#2467,#2468);
#2470=PLANE('',#2469);
#2471=ORIENTED_EDGE('',*,*,#1065,.F.);
#2472=ORIENTED_EDGE('',*,*,#1034,.T.);
#2473=ORIENTED_EDGE('',*,*,#1380,.F.);
#2474=ORIENTED_EDGE('',*,*,#2460,.F.);
#2475=CARTESIAN_POINT('',(33.2,83.924533039,4.39222201));
#2476=VERTEX_POINT('',#2475);
#2477=CARTESIAN_POINT('',(33.2,83.924533039,4.39222201));
#2478=DIRECTION('',(0.497542812,-0.497542812,0.710564775));
#2479=VECTOR('',#2478,0.406192307);
#2480=LINE('',#2477,#2479);
#2481=EDGE_CURVE('',#2476,#2449,#2480,.T.);
#2482=ORIENTED_EDGE('',*,*,#2481,.F.);
#2483=CARTESIAN_POINT('',(33.2,83.924533039,3.421851993));
#2484=VERTEX_POINT('',#2483);
#2485=CARTESIAN_POINT('',(33.2,83.924533039,3.421851993));
#2486=DIRECTION('',(-0.,0.,1.));
#2487=VECTOR('',#2486,0.970370017);
#2488=LINE('',#2485,#2487);
#2489=EDGE_CURVE('',#2484,#2476,#2488,.T.);
#2490=ORIENTED_EDGE('',*,*,#2489,.F.);
#2491=CARTESIAN_POINT('',(33.7,83.424533039,3.921851993));
#2492=DIRECTION('',(-0.577350269,0.577350269,-0.577350269));
#2493=VECTOR('',#2492,0.866025404);
#2494=LINE('',#2491,#2493);
#2495=EDGE_CURVE('',#1045,#2484,#2494,.T.);
#2496=ORIENTED_EDGE('',*,*,#2495,.F.);
#2497=EDGE_LOOP('',(#2471,#2472,#2473,#2474,#2482,#2490,#2496));
#2498=FACE_BOUND('',#2497,.T.);
#2499=ADVANCED_FACE('',(#2498),#2470,.T.);
#2500=CARTESIAN_POINT('',(33.2,83.424533039,4.173192516));
#2501=DIRECTION('',(1.,0.,0.));
#2502=DIRECTION('',(0.,0.,-1.));
#2503=AXIS2_PLACEMENT_3D('',#2500,#2501,#2502);
#2504=PLANE('',#2503);
#2505=CARTESIAN_POINT('',(33.2,86.190968948,1.155416084));
#2506=VERTEX_POINT('',#2505);
#2507=CARTESIAN_POINT('',(33.2,86.190968948,1.155416084));
#2508=DIRECTION('',(-0.,-0.707106781,0.707106781));
#2509=VECTOR('',#2508,3.205224401);
#2510=LINE('',#2507,#2509);
#2511=EDGE_CURVE('',#2506,#2484,#2510,.T.);
#2512=ORIENTED_EDGE('',*,*,#2511,.T.);
#2513=ORIENTED_EDGE('',*,*,#2489,.T.);
#2514=CARTESIAN_POINT('',(33.2,83.924533039,4.39222201));
#2515=DIRECTION('',(0.,0.573576436,-0.819152044));
#2516=VECTOR('',#2515,3.951410423);
#2517=LINE('',#2514,#2516);
#2518=EDGE_CURVE('',#2476,#2506,#2517,.T.);
#2519=ORIENTED_EDGE('',*,*,#2518,.T.);
#2520=EDGE_LOOP('',(#2512,#2513,#2519));
#2521=FACE_BOUND('',#2520,.T.);
#2522=ADVANCED_FACE('',(#2521),#2504,.F.);
#2523=CARTESIAN_POINT('',(0.,83.424533039,3.921851993));
#2524=DIRECTION('',(0.,-0.707106781,-0.707106781));
#2525=DIRECTION('',(-1.,0.,0.));
#2526=AXIS2_PLACEMENT_3D('',#2523,#2524,#2525);
#2527=PLANE('',#2526);
#2528=CARTESIAN_POINT('',(37.5,86.190968948,1.155416084));
#2529=VERTEX_POINT('',#2528);
#2530=CARTESIAN_POINT('',(37.5,83.924533039,3.421851993));
#2531=DIRECTION('',(0.,0.707106781,-0.707106781));
#2532=VECTOR('',#2531,3.205224401);
#2533=LINE('',#2530,#2532);
#2534=EDGE_CURVE('',#1078,#2529,#2533,.T.);
#2535=ORIENTED_EDGE('',*,*,#2534,.F.);
#2536=ORIENTED_EDGE('',*,*,#1083,.T.);
#2537=ORIENTED_EDGE('',*,*,#1052,.F.);
#2538=ORIENTED_EDGE('',*,*,#2495,.T.);
#2539=ORIENTED_EDGE('',*,*,#2511,.F.);
#2540=CARTESIAN_POINT('',(37.5,86.190968948,1.155416084));
#2541=DIRECTION('',(-1.,0.,0.));
#2542=VECTOR('',#2541,4.3);
#2543=LINE('',#2540,#2542);
#2544=EDGE_CURVE('',#2529,#2506,#2543,.T.);
#2545=ORIENTED_EDGE('',*,*,#2544,.F.);
#2546=EDGE_LOOP('',(#2535,#2536,#2537,#2538,#2539,#2545));
#2547=FACE_BOUND('',#2546,.T.);
#2548=ADVANCED_FACE('',(#2547),#2527,.T.);
#2549=CARTESIAN_POINT('',(37.5,83.424533039,4.173192516));
#2550=DIRECTION('',(1.,0.,0.));
#2551=DIRECTION('',(0.,0.,-1.));
#2552=AXIS2_PLACEMENT_3D('',#2549,#2550,#2551);
#2553=PLANE('',#2552);
#2554=ORIENTED_EDGE('',*,*,#1114,.F.);
#2555=ORIENTED_EDGE('',*,*,#1089,.T.);
#2556=ORIENTED_EDGE('',*,*,#2534,.T.);
#2557=CARTESIAN_POINT('',(37.5,86.424533039,0.821851993));
#2558=VERTEX_POINT('',#2557);
#2559=CARTESIAN_POINT('',(37.5,86.190968948,1.155416084));
#2560=DIRECTION('',(0.,0.573576436,-0.819152044));
#2561=VECTOR('',#2560,0.407206566);
#2562=LINE('',#2559,#2561);
#2563=EDGE_CURVE('',#2529,#2558,#2562,.T.);
#2564=ORIENTED_EDGE('',*,*,#2563,.T.);
#2565=CARTESIAN_POINT('',(37.5,86.424533039,7.524533039));
#2566=DIRECTION('',(0.,0.,-1.));
#2567=VECTOR('',#2566,6.702681046);
#2568=LINE('',#2565,#2567);
#2569=EDGE_CURVE('',#1109,#2558,#2568,.T.);
#2570=ORIENTED_EDGE('',*,*,#2569,.F.);
#2571=EDGE_LOOP('',(#2554,#2555,#2556,#2564,#2570));
#2572=FACE_BOUND('',#2571,.T.);
#2573=ADVANCED_FACE('',(#2572),#2553,.T.);
#2574=CARTESIAN_POINT('',(21.990422055,84.439868623,2.3773682));
#2575=DIRECTION('',(-0.999984349,-0.00258335,-0.004962569));
#2576=DIRECTION('',(-0.004962586,0.,0.999987686));
#2577=AXIS2_PLACEMENT_3D('',#2574,#2575,#2576);
#2578=PLANE('',#2577);
#2579=CARTESIAN_POINT('',(21.992270434,86.259361019,1.057742085));
#2580=VERTEX_POINT('',#2579);
#2581=CARTESIAN_POINT('',(21.98084411,86.156495212,3.413756398));
#2582=DIRECTION('',(0.00484518,0.043618875,-0.999036495));
#2583=VECTOR('',#2582,2.358286534);
#2584=LINE('',#2581,#2583);
#2585=EDGE_CURVE('',#1413,#2580,#2584,.T.);
#2586=ORIENTED_EDGE('',*,*,#2585,.F.);
#2587=ORIENTED_EDGE('',*,*,#1418,.T.);
#2588=CARTESIAN_POINT('',(21.992270434,86.259361019,1.057742085));
#2589=DIRECTION('',(-0.002583382,-0.573574522,0.819149311));
#2590=VECTOR('',#2589,4.423010339);
#2591=LINE('',#2588,#2590);
#2592=EDGE_CURVE('',#2580,#1405,#2591,.T.);
#2593=ORIENTED_EDGE('',*,*,#2592,.F.);
#2594=EDGE_LOOP('',(#2586,#2587,#2593));
#2595=FACE_BOUND('',#2594,.T.);
#2596=ADVANCED_FACE('',(#2595),#2578,.F.);
#2597=CARTESIAN_POINT('',(0.,87.449552915,-26.202134072));
#2598=DIRECTION('',(0.,-0.999048222,-0.043619387));
#2599=DIRECTION('',(1.,0.,0.));
#2600=AXIS2_PLACEMENT_3D('',#2597,#2598,#2599);
#2601=PLANE('',#2600);
#2602=ORIENTED_EDGE('',*,*,#1270,.F.);
#2603=ORIENTED_EDGE('',*,*,#1424,.T.);
#2604=ORIENTED_EDGE('',*,*,#2585,.T.);
#2605=CARTESIAN_POINT('',(31.2,86.259361019,1.057742085));
#2606=VERTEX_POINT('',#2605);
#2607=CARTESIAN_POINT('',(21.992270434,86.259361019,1.057742085));
#2608=DIRECTION('',(1.,0.,-0.));
#2609=VECTOR('',#2608,9.207729566);
#2610=LINE('',#2607,#2609);
#2611=EDGE_CURVE('',#2580,#2606,#2610,.T.);
#2612=ORIENTED_EDGE('',*,*,#2611,.T.);
#2613=CARTESIAN_POINT('',(31.2,86.06540785,5.5));
#2614=VERTEX_POINT('',#2613);
#2615=CARTESIAN_POINT('',(31.2,86.06540785,5.5));
#2616=DIRECTION('',(0.,0.043619387,-0.999048222));
#2617=VECTOR('',#2616,4.446489988);
#2618=LINE('',#2615,#2617);
#2619=EDGE_CURVE('',#2614,#2606,#2618,.T.);
#2620=ORIENTED_EDGE('',*,*,#2619,.F.);
#2621=CARTESIAN_POINT('',(21.972936837,86.06540785,5.5));
#2622=DIRECTION('',(1.,0.,-0.));
#2623=VECTOR('',#2622,9.227063163);
#2624=LINE('',#2621,#2623);
#2625=EDGE_CURVE('',#1265,#2614,#2624,.T.);
#2626=ORIENTED_EDGE('',*,*,#2625,.F.);
#2627=EDGE_LOOP('',(#2602,#2603,#2604,#2612,#2620,#2626));
#2628=FACE_BOUND('',#2627,.T.);
#2629=ADVANCED_FACE('',(#2628),#2601,.T.);
#2630=CARTESIAN_POINT('',(31.2,84.451752219,2.400196374));
#2631=DIRECTION('',(-1.,0.,0.));
#2632=DIRECTION('',(0.,0.,1.));
#2633=AXIS2_PLACEMENT_3D('',#2630,#2631,#2632);
#2634=PLANE('',#2633);
#2635=ORIENTED_EDGE('',*,*,#2619,.T.);
#2636=CARTESIAN_POINT('',(31.2,86.259361019,1.057742085));
#2637=DIRECTION('',(0.,-0.573576436,0.819152044));
#2638=VECTOR('',#2637,4.42299558);
#2639=LINE('',#2636,#2638);
#2640=EDGE_CURVE('',#2606,#2441,#2639,.T.);
#2641=ORIENTED_EDGE('',*,*,#2640,.T.);
#2642=ORIENTED_EDGE('',*,*,#2446,.F.);
#2643=CARTESIAN_POINT('',(31.2,86.06540785,5.5));
#2644=DIRECTION('',(0.,-1.,0.));
#2645=VECTOR('',#2644,1.91654931);
#2646=LINE('',#2643,#2645);
#2647=EDGE_CURVE('',#2614,#2433,#2646,.T.);
#2648=ORIENTED_EDGE('',*,*,#2647,.F.);
#2649=EDGE_LOOP('',(#2635,#2641,#2642,#2648));
#2650=FACE_BOUND('',#2649,.T.);
#2651=ADVANCED_FACE('',(#2650),#2634,.T.);
#2652=CARTESIAN_POINT('',(0.,50.,5.5));
#2653=DIRECTION('',(0.,0.,1.));
#2654=DIRECTION('',(1.,0.,0.));
#2655=AXIS2_PLACEMENT_3D('',#2652,#2653,#2654);
#2656=PLANE('',#2655);
#2657=ORIENTED_EDGE('',*,*,#1237,.F.);
#2658=ORIENTED_EDGE('',*,*,#1217,.T.);
#2659=ORIENTED_EDGE('',*,*,#1192,.T.);
#2660=ORIENTED_EDGE('',*,*,#1627,.T.);
#2661=CARTESIAN_POINT('',(42.,52.85114146,5.5));
#2662=VERTEX_POINT('',#2661);
#2663=CARTESIAN_POINT('',(42.,50.6,5.5));
#2664=DIRECTION('',(0.,1.,0.));
#2665=VECTOR('',#2664,2.25114146);
#2666=LINE('',#2663,#2665);
#2667=EDGE_CURVE('',#1616,#2662,#2666,.T.);
#2668=ORIENTED_EDGE('',*,*,#2667,.T.);
#2669=CARTESIAN_POINT('',(0.,52.85114146,5.5));
#2670=VERTEX_POINT('',#2669);
#2671=CARTESIAN_POINT('',(42.,52.85114146,5.5));
#2672=DIRECTION('',(-1.,0.,0.));
#2673=VECTOR('',#2672,42.);
#2674=LINE('',#2671,#2673);
#2675=EDGE_CURVE('',#2662,#2670,#2674,.T.);
#2676=ORIENTED_EDGE('',*,*,#2675,.T.);
#2677=CARTESIAN_POINT('',(0.,50.6,5.5));
#2678=VERTEX_POINT('',#2677);
#2679=CARTESIAN_POINT('',(0.,52.85114146,5.5));
#2680=DIRECTION('',(0.,-1.,0.));
#2681=VECTOR('',#2680,2.25114146);
#2682=LINE('',#2679,#2681);
#2683=EDGE_CURVE('',#2670,#2678,#2682,.T.);
#2684=ORIENTED_EDGE('',*,*,#2683,.T.);
#2685=CARTESIAN_POINT('',(0.,50.6,5.5));
#2686=DIRECTION('',(1.,0.,-0.));
#2687=VECTOR('',#2686,0.5);
#2688=LINE('',#2685,#2687);
#2689=EDGE_CURVE('',#2678,#1949,#2688,.T.);
#2690=ORIENTED_EDGE('',*,*,#2689,.T.);
#2691=ORIENTED_EDGE('',*,*,#1993,.T.);
#2692=ORIENTED_EDGE('',*,*,#1138,.F.);
#2693=ORIENTED_EDGE('',*,*,#2041,.F.);
#2694=ORIENTED_EDGE('',*,*,#1606,.T.);
#2695=EDGE_LOOP('',(#2657,#2658,#2659,#2660,#2668,#2676,#2684,#2690,#2691,#2692,#2693,#2694));
#2696=FACE_BOUND('',#2695,.T.);
#2697=ADVANCED_FACE('',(#2696),#2656,.T.);
#2698=CARTESIAN_POINT('',(16.5,50.6,6.5));
#2699=DIRECTION('',(0.,-1.,0.));
#2700=DIRECTION('',(0.,0.,-1.));
#2701=AXIS2_PLACEMENT_3D('',#2698,#2699,#2700);
#2702=PLANE('',#2701);
#2703=CARTESIAN_POINT('',(0.,50.6,7.5));
#2704=VERTEX_POINT('',#2703);
#2705=CARTESIAN_POINT('',(0.,50.6,5.5));
#2706=DIRECTION('',(0.,0.,1.));
#2707=VECTOR('',#2706,2.);
#2708=LINE('',#2705,#2707);
#2709=EDGE_CURVE('',#2678,#2704,#2708,.T.);
#2710=ORIENTED_EDGE('',*,*,#2709,.T.);
#2711=CARTESIAN_POINT('',(0.,50.6,7.5));
#2712=DIRECTION('',(1.,0.,-0.));
#2713=VECTOR('',#2712,0.5);
#2714=LINE('',#2711,#2713);
#2715=EDGE_CURVE('',#2704,#1951,#2714,.T.);
#2716=ORIENTED_EDGE('',*,*,#2715,.T.);
#2717=ORIENTED_EDGE('',*,*,#1956,.F.);
#2718=ORIENTED_EDGE('',*,*,#2689,.F.);
#2719=EDGE_LOOP('',(#2710,#2716,#2717,#2718));
#2720=FACE_BOUND('',#2719,.T.);
#2721=ADVANCED_FACE('',(#2720),#2702,.F.);
#2722=CARTESIAN_POINT('',(16.5,50.6,7.5));
#2723=DIRECTION('',(0.,0.707106781,0.707106781));
#2724=DIRECTION('',(-1.,0.,0.));
#2725=AXIS2_PLACEMENT_3D('',#2722,#2723,#2724);
#2726=PLANE('',#2725);
#2727=CARTESIAN_POINT('',(0.,49.6,8.5));
#2728=VERTEX_POINT('',#2727);
#2729=CARTESIAN_POINT('',(0.,49.6,8.5));
#2730=DIRECTION('',(0.,0.707106781,-0.707106781));
#2731=VECTOR('',#2730,1.414213562);
#2732=LINE('',#2729,#2731);
#2733=EDGE_CURVE('',#2728,#2704,#2732,.T.);
#2734=ORIENTED_EDGE('',*,*,#2733,.F.);
#2735=CARTESIAN_POINT('',(0.5,49.6,8.5));
#2736=DIRECTION('',(-1.,0.,0.));
#2737=VECTOR('',#2736,0.5);
#2738=LINE('',#2735,#2737);
#2739=EDGE_CURVE('',#1959,#2728,#2738,.T.);
#2740=ORIENTED_EDGE('',*,*,#2739,.F.);
#2741=ORIENTED_EDGE('',*,*,#1964,.F.);
#2742=ORIENTED_EDGE('',*,*,#2715,.F.);
#2743=EDGE_LOOP('',(#2734,#2740,#2741,#2742));
#2744=FACE_BOUND('',#2743,.T.);
#2745=ADVANCED_FACE('',(#2744),#2726,.T.);
#2746=CARTESIAN_POINT('',(0.,50.,8.5));
#2747=DIRECTION('',(0.,0.,1.));
#2748=DIRECTION('',(1.,0.,0.));
#2749=AXIS2_PLACEMENT_3D('',#2746,#2747,#2748);
#2750=PLANE('',#2749);
#2751=ORIENTED_EDGE('',*,*,#1972,.F.);
#2752=ORIENTED_EDGE('',*,*,#2739,.T.);
#2753=CARTESIAN_POINT('',(0.,87.4,8.5));
#2754=VERTEX_POINT('',#2753);
#2755=CARTESIAN_POINT('',(0.,87.4,8.5));
#2756=DIRECTION('',(0.,-1.,0.));
#2757=VECTOR('',#2756,37.8);
#2758=LINE('',#2755,#2757);
#2759=EDGE_CURVE('',#2754,#2728,#2758,.T.);
#2760=ORIENTED_EDGE('',*,*,#2759,.F.);
#2761=CARTESIAN_POINT('',(0.,87.4,8.5));
#2762=DIRECTION('',(1.,0.,-0.));
#2763=VECTOR('',#2762,0.5);
#2764=LINE('',#2761,#2763);
#2765=EDGE_CURVE('',#2754,#1819,#2764,.T.);
#2766=ORIENTED_EDGE('',*,*,#2765,.T.);
#2767=ORIENTED_EDGE('',*,*,#1826,.T.);
#2768=CARTESIAN_POINT('',(-1.,90.,8.5));
#2769=DIRECTION('',(1.,0.,0.));
#2770=VECTOR('',#2769,1.5);
#2771=LINE('',#2768,#2770);
#2772=EDGE_CURVE('',#2240,#1821,#2771,.T.);
#2773=ORIENTED_EDGE('',*,*,#2772,.F.);
#2774=ORIENTED_EDGE('',*,*,#2260,.T.);
#2775=CARTESIAN_POINT('',(-3.,49.,8.5));
#2776=DIRECTION('',(0.,1.,0.));
#2777=VECTOR('',#2776,39.);
#2778=LINE('',#2775,#2777);
#2779=EDGE_CURVE('',#2271,#2249,#2778,.T.);
#2780=ORIENTED_EDGE('',*,*,#2779,.F.);
#2781=ORIENTED_EDGE('',*,*,#2291,.T.);
#2782=CARTESIAN_POINT('',(0.5,47.,8.5));
#2783=DIRECTION('',(-1.,0.,0.));
#2784=VECTOR('',#2783,1.5);
#2785=LINE('',#2782,#2784);
#2786=EDGE_CURVE('',#1967,#2280,#2785,.T.);
#2787=ORIENTED_EDGE('',*,*,#2786,.F.);
#2788=EDGE_LOOP('',(#2751,#2752,#2760,#2766,#2767,#2773,#2774,#2780,#2781,#2787));
#2789=FACE_BOUND('',#2788,.T.);
#2790=ADVANCED_FACE('',(#2789),#2750,.T.);
#2791=CARTESIAN_POINT('',(16.5,86.4,7.5));
#2792=DIRECTION('',(0.,-0.707106781,0.707106781));
#2793=DIRECTION('',(1.,0.,0.));
#2794=AXIS2_PLACEMENT_3D('',#2791,#2792,#2793);
#2795=PLANE('',#2794);
#2796=ORIENTED_EDGE('',*,*,#1834,.F.);
#2797=ORIENTED_EDGE('',*,*,#2765,.F.);
#2798=CARTESIAN_POINT('',(0.,86.4,7.5));
#2799=VERTEX_POINT('',#2798);
#2800=CARTESIAN_POINT('',(0.,86.4,7.5));
#2801=DIRECTION('',(0.,0.707106781,0.707106781));
#2802=VECTOR('',#2801,1.414213562);
#2803=LINE('',#2800,#2802);
#2804=EDGE_CURVE('',#2799,#2754,#2803,.T.);
#2805=ORIENTED_EDGE('',*,*,#2804,.F.);
#2806=CARTESIAN_POINT('',(0.5,86.4,7.5));
#2807=DIRECTION('',(-1.,0.,0.));
#2808=VECTOR('',#2807,0.5);
#2809=LINE('',#2806,#2808);
#2810=EDGE_CURVE('',#1829,#2799,#2809,.T.);
#2811=ORIENTED_EDGE('',*,*,#2810,.F.);
#2812=EDGE_LOOP('',(#2796,#2797,#2805,#2811));
#2813=FACE_BOUND('',#2812,.T.);
#2814=ADVANCED_FACE('',(#2813),#2795,.T.);
#2815=CARTESIAN_POINT('',(16.5,86.4,6.5));
#2816=DIRECTION('',(0.,1.,0.));
#2817=DIRECTION('',(0.,0.,1.));
#2818=AXIS2_PLACEMENT_3D('',#2815,#2816,#2817);
#2819=PLANE('',#2818);
#2820=ORIENTED_EDGE('',*,*,#1842,.T.);
#2821=ORIENTED_EDGE('',*,*,#2810,.T.);
#2822=CARTESIAN_POINT('',(0.,86.4,5.5));
#2823=VERTEX_POINT('',#2822);
#2824=CARTESIAN_POINT('',(0.,86.4,5.5));
#2825=DIRECTION('',(0.,0.,1.));
#2826=VECTOR('',#2825,2.);
#2827=LINE('',#2824,#2826);
#2828=EDGE_CURVE('',#2823,#2799,#2827,.T.);
#2829=ORIENTED_EDGE('',*,*,#2828,.F.);
#2830=CARTESIAN_POINT('',(0.5,86.4,5.5));
#2831=DIRECTION('',(-1.,0.,0.));
#2832=VECTOR('',#2831,0.5);
#2833=LINE('',#2830,#2832);
#2834=EDGE_CURVE('',#1837,#2823,#2833,.T.);
#2835=ORIENTED_EDGE('',*,*,#2834,.F.);
#2836=EDGE_LOOP('',(#2820,#2821,#2829,#2835));
#2837=FACE_BOUND('',#2836,.T.);
#2838=ADVANCED_FACE('',(#2837),#2819,.F.);
#2839=CARTESIAN_POINT('',(0.,50.,5.5));
#2840=DIRECTION('',(0.,0.,1.));
#2841=DIRECTION('',(1.,0.,0.));
#2842=AXIS2_PLACEMENT_3D('',#2839,#2840,#2841);
#2843=PLANE('',#2842);
#2844=ORIENTED_EDGE('',*,*,#2625,.T.);
#2845=ORIENTED_EDGE('',*,*,#2647,.T.);
#2846=ORIENTED_EDGE('',*,*,#2438,.T.);
#2847=ORIENTED_EDGE('',*,*,#1394,.T.);
#2848=ORIENTED_EDGE('',*,*,#1356,.T.);
#2849=ORIENTED_EDGE('',*,*,#1784,.T.);
#2850=ORIENTED_EDGE('',*,*,#1294,.T.);
#2851=ORIENTED_EDGE('',*,*,#1848,.F.);
#2852=ORIENTED_EDGE('',*,*,#2834,.T.);
#2853=CARTESIAN_POINT('',(0.,84.14885854,5.5));
#2854=VERTEX_POINT('',#2853);
#2855=CARTESIAN_POINT('',(0.,86.4,5.5));
#2856=DIRECTION('',(0.,-1.,0.));
#2857=VECTOR('',#2856,2.25114146);
#2858=LINE('',#2855,#2857);
#2859=EDGE_CURVE('',#2823,#2854,#2858,.T.);
#2860=ORIENTED_EDGE('',*,*,#2859,.T.);
#2861=CARTESIAN_POINT('',(0.,84.14885854,5.5));
#2862=DIRECTION('',(1.,0.,-0.));
#2863=VECTOR('',#2862,21.98084411);
#2864=LINE('',#2861,#2863);
#2865=EDGE_CURVE('',#2854,#1257,#2864,.T.);
#2866=ORIENTED_EDGE('',*,*,#2865,.T.);
#2867=ORIENTED_EDGE('',*,*,#1276,.T.);
#2868=EDGE_LOOP('',(#2844,#2845,#2846,#2847,#2848,#2849,#2850,#2851,#2852,#2860,#2866,#2867));
#2869=FACE_BOUND('',#2868,.T.);
#2870=ADVANCED_FACE('',(#2869),#2843,.T.);
#2871=CARTESIAN_POINT('',(0.,84.14885854,5.5));
#2872=DIRECTION('',(0.,-0.887010833,0.461748613));
#2873=DIRECTION('',(-1.,0.,0.));
#2874=AXIS2_PLACEMENT_3D('',#2871,#2872,#2873);
#2875=PLANE('',#2874);
#2876=ORIENTED_EDGE('',*,*,#1410,.F.);
#2877=ORIENTED_EDGE('',*,*,#2865,.F.);
#2878=CARTESIAN_POINT('',(0.,83.722434976,4.680847956));
#2879=VERTEX_POINT('',#2878);
#2880=CARTESIAN_POINT('',(0.,83.722434976,4.680847956));
#2881=DIRECTION('',(0.,0.461748613,0.887010833));
#2882=VECTOR('',#2881,0.923497226);
#2883=LINE('',#2880,#2882);
#2884=EDGE_CURVE('',#2879,#2854,#2883,.T.);
#2885=ORIENTED_EDGE('',*,*,#2884,.F.);
#2886=CARTESIAN_POINT('',(21.98084411,83.722434976,4.680847956));
#2887=DIRECTION('',(-1.,0.,0.));
#2888=VECTOR('',#2887,21.98084411);
#2889=LINE('',#2886,#2888);
#2890=EDGE_CURVE('',#1405,#2879,#2889,.T.);
#2891=ORIENTED_EDGE('',*,*,#2890,.F.);
#2892=EDGE_LOOP('',(#2876,#2877,#2885,#2891));
#2893=FACE_BOUND('',#2892,.T.);
#2894=ADVANCED_FACE('',(#2893),#2875,.T.);
#2895=CARTESIAN_POINT('',(-2.,53.277565024,4.680847956));
#2896=DIRECTION('',(0.,-0.887010833,-0.461748613));
#2897=DIRECTION('',(1.,0.,0.));
#2898=AXIS2_PLACEMENT_3D('',#2895,#2896,#2897);
#2899=PLANE('',#2898);
#2900=CARTESIAN_POINT('',(0.,53.277565024,4.680847956));
#2901=VERTEX_POINT('',#2900);
#2902=CARTESIAN_POINT('',(0.,52.85114146,5.5));
#2903=DIRECTION('',(-0.,0.461748613,-0.887010833));
#2904=VECTOR('',#2903,0.923497226);
#2905=LINE('',#2902,#2904);
#2906=EDGE_CURVE('',#2670,#2901,#2905,.T.);
#2907=ORIENTED_EDGE('',*,*,#2906,.F.);
#2908=ORIENTED_EDGE('',*,*,#2675,.F.);
#2909=CARTESIAN_POINT('',(42.,53.277565024,4.680847956));
#2910=VERTEX_POINT('',#2909);
#2911=CARTESIAN_POINT('',(42.,53.277565024,4.680847956));
#2912=DIRECTION('',(-0.,-0.461748613,0.887010833));
#2913=VECTOR('',#2912,0.923497226);
#2914=LINE('',#2911,#2913);
#2915=EDGE_CURVE('',#2910,#2662,#2914,.T.);
#2916=ORIENTED_EDGE('',*,*,#2915,.F.);
#2917=CARTESIAN_POINT('',(0.,53.277565024,4.680847956));
#2918=DIRECTION('',(1.,0.,-0.));
#2919=VECTOR('',#2918,42.);
#2920=LINE('',#2917,#2919);
#2921=EDGE_CURVE('',#2901,#2910,#2920,.T.);
#2922=ORIENTED_EDGE('',*,*,#2921,.F.);
#2923=EDGE_LOOP('',(#2907,#2908,#2916,#2922));
#2924=FACE_BOUND('',#2923,.T.);
#2925=ADVANCED_FACE('',(#2924),#2899,.F.);
#2926=CARTESIAN_POINT('',(40.,90.,6.5));
#2927=DIRECTION('',(-0.707106781,-0.707106781,0.));
#2928=DIRECTION('',(0.,0.,-1.));
#2929=AXIS2_PLACEMENT_3D('',#2926,#2927,#2928);
#2930=PLANE('',#2929);
#2931=CARTESIAN_POINT('',(42.,88.,1.));
#2932=VERTEX_POINT('',#2931);
#2933=CARTESIAN_POINT('',(42.,88.,1.));
#2934=DIRECTION('',(0.,0.,1.));
#2935=VECTOR('',#2934,3.3);
#2936=LINE('',#2933,#2935);
#2937=EDGE_CURVE('',#2932,#1494,#2936,.T.);
#2938=ORIENTED_EDGE('',*,*,#2937,.F.);
#2939=CARTESIAN_POINT('',(40.,90.,1.));
#2940=VERTEX_POINT('',#2939);
#2941=CARTESIAN_POINT('',(42.,88.,1.));
#2942=DIRECTION('',(-0.707106781,0.707106781,-0.));
#2943=VECTOR('',#2942,2.828427125);
#2944=LINE('',#2941,#2943);
#2945=EDGE_CURVE('',#2932,#2940,#2944,.T.);
#2946=ORIENTED_EDGE('',*,*,#2945,.T.);
#2947=CARTESIAN_POINT('',(40.,90.,4.3));
#2948=DIRECTION('',(0.,0.,-1.));
#2949=VECTOR('',#2948,3.3);
#2950=LINE('',#2947,#2949);
#2951=EDGE_CURVE('',#1641,#2940,#2950,.T.);
#2952=ORIENTED_EDGE('',*,*,#2951,.F.);
#2953=ORIENTED_EDGE('',*,*,#2371,.F.);
#2954=EDGE_LOOP('',(#2938,#2946,#2952,#2953));
#2955=FACE_BOUND('',#2954,.T.);
#2956=ADVANCED_FACE('',(#2955),#2930,.F.);
#2957=CARTESIAN_POINT('',(-3.,88.,6.5));
#2958=DIRECTION('',(0.707106781,-0.707106781,0.));
#2959=DIRECTION('',(0.,0.,-1.));
#2960=AXIS2_PLACEMENT_3D('',#2957,#2958,#2959);
#2961=PLANE('',#2960);
#2962=CARTESIAN_POINT('',(-1.,90.,1.));
#2963=VERTEX_POINT('',#2962);
#2964=CARTESIAN_POINT('',(-1.,90.,1.));
#2965=DIRECTION('',(0.,0.,1.));
#2966=VECTOR('',#2965,3.3);
#2967=LINE('',#2964,#2966);
#2968=EDGE_CURVE('',#2963,#1884,#2967,.T.);
#2969=ORIENTED_EDGE('',*,*,#2968,.F.);
#2970=CARTESIAN_POINT('',(-3.,88.,1.));
#2971=VERTEX_POINT('',#2970);
#2972=CARTESIAN_POINT('',(-1.,90.,1.));
#2973=DIRECTION('',(-0.707106781,-0.707106781,-0.));
#2974=VECTOR('',#2973,2.828427125);
#2975=LINE('',#2972,#2974);
#2976=EDGE_CURVE('',#2963,#2971,#2975,.T.);
#2977=ORIENTED_EDGE('',*,*,#2976,.T.);
#2978=CARTESIAN_POINT('',(-3.,88.,4.3));
#2979=DIRECTION('',(0.,0.,-1.));
#2980=VECTOR('',#2979,3.3);
#2981=LINE('',#2978,#2980);
#2982=EDGE_CURVE('',#2179,#2971,#2981,.T.);
#2983=ORIENTED_EDGE('',*,*,#2982,.F.);
#2984=ORIENTED_EDGE('',*,*,#2405,.F.);
#2985=EDGE_LOOP('',(#2969,#2977,#2983,#2984));
#2986=FACE_BOUND('',#2985,.T.);
#2987=ADVANCED_FACE('',(#2986),#2961,.F.);
#2988=CARTESIAN_POINT('',(-1.,47.,6.5));
#2989=DIRECTION('',(0.707106781,0.707106781,0.));
#2990=DIRECTION('',(0.,0.,-1.));
#2991=AXIS2_PLACEMENT_3D('',#2988,#2989,#2990);
#2992=PLANE('',#2991);
#2993=CARTESIAN_POINT('',(-3.,49.,1.));
#2994=VERTEX_POINT('',#2993);
#2995=CARTESIAN_POINT('',(-3.,49.,1.));
#2996=DIRECTION('',(0.,0.,1.));
#2997=VECTOR('',#2996,3.3);
#2998=LINE('',#2995,#2997);
#2999=EDGE_CURVE('',#2994,#2341,#2998,.T.);
#3000=ORIENTED_EDGE('',*,*,#2999,.F.);
#3001=CARTESIAN_POINT('',(-1.,47.,1.));
#3002=VERTEX_POINT('',#3001);
#3003=CARTESIAN_POINT('',(-3.,49.,1.));
#3004=DIRECTION('',(0.707106781,-0.707106781,-0.));
#3005=VECTOR('',#3004,2.828427125);
#3006=LINE('',#3003,#3005);
#3007=EDGE_CURVE('',#2994,#3002,#3006,.T.);
#3008=ORIENTED_EDGE('',*,*,#3007,.T.);
#3009=CARTESIAN_POINT('',(-1.,47.,4.3));
#3010=DIRECTION('',(0.,0.,-1.));
#3011=VECTOR('',#3010,3.3);
#3012=LINE('',#3009,#3011);
#3013=EDGE_CURVE('',#1910,#3002,#3012,.T.);
#3014=ORIENTED_EDGE('',*,*,#3013,.F.);
#3015=ORIENTED_EDGE('',*,*,#2422,.F.);
#3016=EDGE_LOOP('',(#3000,#3008,#3014,#3015));
#3017=FACE_BOUND('',#3016,.T.);
#3018=ADVANCED_FACE('',(#3017),#2992,.F.);
#3019=CARTESIAN_POINT('',(-3.,68.5,6.5));
#3020=DIRECTION('',(-1.,0.,0.));
#3021=DIRECTION('',(0.,0.,1.));
#3022=AXIS2_PLACEMENT_3D('',#3019,#3020,#3021);
#3023=PLANE('',#3022);
#3024=ORIENTED_EDGE('',*,*,#2982,.T.);
#3025=CARTESIAN_POINT('',(-3.,88.,1.));
#3026=DIRECTION('',(0.,-1.,0.));
#3027=VECTOR('',#3026,39.);
#3028=LINE('',#3025,#3027);
#3029=EDGE_CURVE('',#2971,#2994,#3028,.T.);
#3030=ORIENTED_EDGE('',*,*,#3029,.T.);
#3031=ORIENTED_EDGE('',*,*,#2999,.T.);
#3032=ORIENTED_EDGE('',*,*,#2354,.F.);
#3033=ORIENTED_EDGE('',*,*,#2322,.T.);
#3034=ORIENTED_EDGE('',*,*,#2308,.F.);
#3035=ORIENTED_EDGE('',*,*,#2276,.T.);
#3036=ORIENTED_EDGE('',*,*,#2779,.T.);
#3037=ORIENTED_EDGE('',*,*,#2254,.T.);
#3038=ORIENTED_EDGE('',*,*,#2229,.T.);
#3039=ORIENTED_EDGE('',*,*,#2211,.T.);
#3040=ORIENTED_EDGE('',*,*,#2190,.T.);
#3041=EDGE_LOOP('',(#3024,#3030,#3031,#3032,#3033,#3034,#3035,#3036,#3037,#3038,#3039,#3040));
#3042=FACE_BOUND('',#3041,.T.);
#3043=ADVANCED_FACE('',(#3042),#3023,.T.);
#3044=CARTESIAN_POINT('',(42.,49.,6.5));
#3045=DIRECTION('',(-0.707106781,0.707106781,0.));
#3046=DIRECTION('',(0.,0.,-1.));
#3047=AXIS2_PLACEMENT_3D('',#3044,#3045,#3046);
#3048=PLANE('',#3047);
#3049=CARTESIAN_POINT('',(40.,47.,1.));
#3050=VERTEX_POINT('',#3049);
#3051=CARTESIAN_POINT('',(40.,47.,1.));
#3052=DIRECTION('',(0.,0.,1.));
#3053=VECTOR('',#3052,3.3);
#3054=LINE('',#3051,#3053);
#3055=EDGE_CURVE('',#3050,#2153,#3054,.T.);
#3056=ORIENTED_EDGE('',*,*,#3055,.F.);
#3057=CARTESIAN_POINT('',(42.,49.,1.));
#3058=VERTEX_POINT('',#3057);
#3059=CARTESIAN_POINT('',(40.,47.,1.));
#3060=DIRECTION('',(0.707106781,0.707106781,-0.));
#3061=VECTOR('',#3060,2.828427125);
#3062=LINE('',#3059,#3061);
#3063=EDGE_CURVE('',#3050,#3058,#3062,.T.);
#3064=ORIENTED_EDGE('',*,*,#3063,.T.);
#3065=CARTESIAN_POINT('',(42.,49.,4.3));
#3066=DIRECTION('',(0.,0.,-1.));
#3067=VECTOR('',#3066,3.3);
#3068=LINE('',#3065,#3067);
#3069=EDGE_CURVE('',#1520,#3058,#3068,.T.);
#3070=ORIENTED_EDGE('',*,*,#3069,.F.);
#3071=ORIENTED_EDGE('',*,*,#2388,.F.);
#3072=EDGE_LOOP('',(#3056,#3064,#3070,#3071));
#3073=FACE_BOUND('',#3072,.T.);
#3074=ADVANCED_FACE('',(#3073),#3048,.F.);
#3075=CARTESIAN_POINT('',(15.,47.,6.5));
#3076=DIRECTION('',(0.,-1.,0.));
#3077=DIRECTION('',(0.,0.,-1.));
#3078=AXIS2_PLACEMENT_3D('',#3075,#3076,#3077);
#3079=PLANE('',#3078);
#3080=ORIENTED_EDGE('',*,*,#3013,.T.);
#3081=CARTESIAN_POINT('',(-1.,47.,1.));
#3082=DIRECTION('',(1.,0.,-0.));
#3083=VECTOR('',#3082,41.);
#3084=LINE('',#3081,#3083);
#3085=EDGE_CURVE('',#3002,#3050,#3084,.T.);
#3086=ORIENTED_EDGE('',*,*,#3085,.T.);
#3087=ORIENTED_EDGE('',*,*,#3055,.T.);
#3088=ORIENTED_EDGE('',*,*,#2166,.F.);
#3089=ORIENTED_EDGE('',*,*,#2134,.T.);
#3090=ORIENTED_EDGE('',*,*,#2120,.F.);
#3091=ORIENTED_EDGE('',*,*,#2095,.T.);
#3092=ORIENTED_EDGE('',*,*,#2067,.T.);
#3093=ORIENTED_EDGE('',*,*,#2049,.F.);
#3094=ORIENTED_EDGE('',*,*,#2017,.T.);
#3095=ORIENTED_EDGE('',*,*,#1980,.T.);
#3096=ORIENTED_EDGE('',*,*,#2786,.T.);
#3097=ORIENTED_EDGE('',*,*,#2285,.T.);
#3098=ORIENTED_EDGE('',*,*,#1938,.T.);
#3099=ORIENTED_EDGE('',*,*,#2329,.T.);
#3100=ORIENTED_EDGE('',*,*,#1921,.T.);
#3101=EDGE_LOOP('',(#3080,#3086,#3087,#3088,#3089,#3090,#3091,#3092,#3093,#3094,#3095,#3096,#3097,#3098,#3099,#3100));
#3102=FACE_BOUND('',#3101,.T.);
#3103=ADVANCED_FACE('',(#3102),#3079,.T.);
#3104=CARTESIAN_POINT('',(15.,90.,6.5));
#3105=DIRECTION('',(-0.,1.,0.));
#3106=DIRECTION('',(-1.,-0.,0.));
#3107=AXIS2_PLACEMENT_3D('',#3104,#3105,#3106);
#3108=PLANE('',#3107);
#3109=ORIENTED_EDGE('',*,*,#2951,.T.);
#3110=CARTESIAN_POINT('',(40.,90.,1.));
#3111=DIRECTION('',(-1.,-0.,0.));
#3112=VECTOR('',#3111,41.);
#3113=LINE('',#3110,#3112);
#3114=EDGE_CURVE('',#2940,#2963,#3113,.T.);
#3115=ORIENTED_EDGE('',*,*,#3114,.T.);
#3116=ORIENTED_EDGE('',*,*,#2968,.T.);
#3117=ORIENTED_EDGE('',*,*,#1897,.F.);
#3118=ORIENTED_EDGE('',*,*,#2204,.T.);
#3119=ORIENTED_EDGE('',*,*,#1873,.F.);
#3120=ORIENTED_EDGE('',*,*,#2245,.T.);
#3121=ORIENTED_EDGE('',*,*,#2772,.T.);
#3122=ORIENTED_EDGE('',*,*,#1856,.F.);
#3123=ORIENTED_EDGE('',*,*,#1802,.T.);
#3124=ORIENTED_EDGE('',*,*,#1771,.T.);
#3125=ORIENTED_EDGE('',*,*,#1752,.T.);
#3126=ORIENTED_EDGE('',*,*,#1716,.T.);
#3127=ORIENTED_EDGE('',*,*,#1691,.T.);
#3128=ORIENTED_EDGE('',*,*,#1673,.T.);
#3129=ORIENTED_EDGE('',*,*,#1652,.T.);
#3130=EDGE_LOOP('',(#3109,#3115,#3116,#3117,#3118,#3119,#3120,#3121,#3122,#3123,#3124,#3125,#3126,#3127,#3128,#3129));
#3131=FACE_BOUND('',#3130,.T.);
#3132=ADVANCED_FACE('',(#3131),#3108,.T.);
#3133=CARTESIAN_POINT('',(-2.,51.575466961,2.25));
#3134=DIRECTION('',(0.,0.819152044,-0.573576436));
#3135=DIRECTION('',(0.,0.573576436,0.819152044));
#3136=AXIS2_PLACEMENT_3D('',#3133,#3134,#3135);
#3137=PLANE('',#3136);
#3138=CARTESIAN_POINT('',(0.,50.,-0.));
#3139=VERTEX_POINT('',#3138);
#3140=CARTESIAN_POINT('',(0.,53.277565024,4.680847956));
#3141=DIRECTION('',(0.,-0.573576436,-0.819152044));
#3142=VECTOR('',#3141,5.714260238);
#3143=LINE('',#3140,#3142);
#3144=EDGE_CURVE('',#2901,#3139,#3143,.T.);
#3145=ORIENTED_EDGE('',*,*,#3144,.F.);
#3146=ORIENTED_EDGE('',*,*,#2921,.T.);
#3147=CARTESIAN_POINT('',(42.,53.150933922,4.5));
#3148=VERTEX_POINT('',#3147);
#3149=CARTESIAN_POINT('',(42.,53.150933922,4.5));
#3150=DIRECTION('',(0.,0.573576436,0.819152044));
#3151=VECTOR('',#3150,0.220774589);
#3152=LINE('',#3149,#3151);
#3153=EDGE_CURVE('',#3148,#2910,#3152,.T.);
#3154=ORIENTED_EDGE('',*,*,#3153,.F.);
#3155=CARTESIAN_POINT('',(39.,53.150933922,4.5));
#3156=VERTEX_POINT('',#3155);
#3157=CARTESIAN_POINT('',(42.,53.150933922,4.5));
#3158=DIRECTION('',(-1.,0.,0.));
#3159=VECTOR('',#3158,3.);
#3160=LINE('',#3157,#3159);
#3161=EDGE_CURVE('',#3148,#3156,#3160,.T.);
#3162=ORIENTED_EDGE('',*,*,#3161,.T.);
#3163=CARTESIAN_POINT('',(39.,50.,-0.));
#3164=VERTEX_POINT('',#3163);
#3165=CARTESIAN_POINT('',(39.,50.,-0.));
#3166=DIRECTION('',(0.,0.573576436,0.819152044));
#3167=VECTOR('',#3166,5.493485649);
#3168=LINE('',#3165,#3167);
#3169=EDGE_CURVE('',#3164,#3156,#3168,.T.);
#3170=ORIENTED_EDGE('',*,*,#3169,.F.);
#3171=CARTESIAN_POINT('',(0.,50.,-0.));
#3172=DIRECTION('',(1.,0.,-0.));
#3173=VECTOR('',#3172,39.);
#3174=LINE('',#3171,#3173);
#3175=EDGE_CURVE('',#3139,#3164,#3174,.T.);
#3176=ORIENTED_EDGE('',*,*,#3175,.F.);
#3177=EDGE_LOOP('',(#3145,#3146,#3154,#3162,#3170,#3176));
#3178=FACE_BOUND('',#3177,.T.);
#3179=ADVANCED_FACE('',(#3178),#3137,.T.);
#3180=CARTESIAN_POINT('',(0.,68.5,6.5));
#3181=DIRECTION('',(-1.,0.,0.));
#3182=DIRECTION('',(0.,0.,1.));
#3183=AXIS2_PLACEMENT_3D('',#3180,#3181,#3182);
#3184=PLANE('',#3183);
#3185=ORIENTED_EDGE('',*,*,#3144,.T.);
#3186=CARTESIAN_POINT('',(0.,87.,0.));
#3187=VERTEX_POINT('',#3186);
#3188=CARTESIAN_POINT('',(0.,50.,-0.));
#3189=DIRECTION('',(0.,1.,0.));
#3190=VECTOR('',#3189,37.);
#3191=LINE('',#3188,#3190);
#3192=EDGE_CURVE('',#3139,#3187,#3191,.T.);
#3193=ORIENTED_EDGE('',*,*,#3192,.T.);
#3194=CARTESIAN_POINT('',(0.,83.722434976,4.680847956));
#3195=DIRECTION('',(0.,0.573576436,-0.819152044));
#3196=VECTOR('',#3195,5.714260238);
#3197=LINE('',#3194,#3196);
#3198=EDGE_CURVE('',#2879,#3187,#3197,.T.);
#3199=ORIENTED_EDGE('',*,*,#3198,.F.);
#3200=ORIENTED_EDGE('',*,*,#2884,.T.);
#3201=ORIENTED_EDGE('',*,*,#2859,.F.);
#3202=ORIENTED_EDGE('',*,*,#2828,.T.);
#3203=ORIENTED_EDGE('',*,*,#2804,.T.);
#3204=ORIENTED_EDGE('',*,*,#2759,.T.);
#3205=ORIENTED_EDGE('',*,*,#2733,.T.);
#3206=ORIENTED_EDGE('',*,*,#2709,.F.);
#3207=ORIENTED_EDGE('',*,*,#2683,.F.);
#3208=ORIENTED_EDGE('',*,*,#2906,.T.);
#3209=EDGE_LOOP('',(#3185,#3193,#3199,#3200,#3201,#3202,#3203,#3204,#3205,#3206,#3207,#3208));
#3210=FACE_BOUND('',#3209,.T.);
#3211=ADVANCED_FACE('',(#3210),#3184,.F.);
#3212=CARTESIAN_POINT('',(-2.,85.424533039,2.25));
#3213=DIRECTION('',(0.,0.819152044,0.573576436));
#3214=DIRECTION('',(0.,-0.573576436,0.819152044));
#3215=AXIS2_PLACEMENT_3D('',#3212,#3213,#3214);
#3216=PLANE('',#3215);
#3217=ORIENTED_EDGE('',*,*,#2640,.F.);
#3218=ORIENTED_EDGE('',*,*,#2611,.F.);
#3219=ORIENTED_EDGE('',*,*,#2592,.T.);
#3220=ORIENTED_EDGE('',*,*,#2890,.T.);
#3221=ORIENTED_EDGE('',*,*,#3198,.T.);
#3222=CARTESIAN_POINT('',(39.,87.,0.));
#3223=VERTEX_POINT('',#3222);
#3224=CARTESIAN_POINT('',(0.,87.,0.));
#3225=DIRECTION('',(1.,0.,-0.));
#3226=VECTOR('',#3225,39.);
#3227=LINE('',#3224,#3226);
#3228=EDGE_CURVE('',#3187,#3223,#3227,.T.);
#3229=ORIENTED_EDGE('',*,*,#3228,.T.);
#3230=CARTESIAN_POINT('',(39.,86.424533039,0.821851993));
#3231=VERTEX_POINT('',#3230);
#3232=CARTESIAN_POINT('',(39.,86.424533039,0.821851993));
#3233=DIRECTION('',(0.,0.573576436,-0.819152044));
#3234=VECTOR('',#3233,1.003296029);
#3235=LINE('',#3232,#3234);
#3236=EDGE_CURVE('',#3231,#3223,#3235,.T.);
#3237=ORIENTED_EDGE('',*,*,#3236,.F.);
#3238=CARTESIAN_POINT('',(37.5,86.424533039,0.821851993));
#3239=DIRECTION('',(1.,0.,-0.));
#3240=VECTOR('',#3239,1.5);
#3241=LINE('',#3238,#3240);
#3242=EDGE_CURVE('',#2558,#3231,#3241,.T.);
#3243=ORIENTED_EDGE('',*,*,#3242,.F.);
#3244=ORIENTED_EDGE('',*,*,#2563,.F.);
#3245=ORIENTED_EDGE('',*,*,#2544,.T.);
#3246=ORIENTED_EDGE('',*,*,#2518,.F.);
#3247=ORIENTED_EDGE('',*,*,#2481,.T.);
#3248=ORIENTED_EDGE('',*,*,#2454,.T.);
#3249=EDGE_LOOP('',(#3217,#3218,#3219,#3220,#3221,#3229,#3237,#3243,#3244,#3245,#3246,#3247,#3248));
#3250=FACE_BOUND('',#3249,.T.);
#3251=ADVANCED_FACE('',(#3250),#3216,.F.);
#3252=CARTESIAN_POINT('',(42.,68.5,6.5));
#3253=DIRECTION('',(1.,0.,0.));
#3254=DIRECTION('',(0.,0.,-1.));
#3255=AXIS2_PLACEMENT_3D('',#3252,#3253,#3254);
#3256=PLANE('',#3255);
#3257=ORIENTED_EDGE('',*,*,#3069,.T.);
#3258=CARTESIAN_POINT('',(42.,53.150933922,1.));
#3259=VERTEX_POINT('',#3258);
#3260=CARTESIAN_POINT('',(42.,49.,1.));
#3261=DIRECTION('',(0.,1.,0.));
#3262=VECTOR('',#3261,4.150933922);
#3263=LINE('',#3260,#3262);
#3264=EDGE_CURVE('',#3058,#3259,#3263,.T.);
#3265=ORIENTED_EDGE('',*,*,#3264,.T.);
#3266=CARTESIAN_POINT('',(42.,53.150933922,1.));
#3267=DIRECTION('',(0.,0.,1.));
#3268=VECTOR('',#3267,3.5);
#3269=LINE('',#3266,#3268);
#3270=EDGE_CURVE('',#3259,#3148,#3269,.T.);
#3271=ORIENTED_EDGE('',*,*,#3270,.T.);
#3272=ORIENTED_EDGE('',*,*,#3153,.T.);
#3273=ORIENTED_EDGE('',*,*,#2915,.T.);
#3274=ORIENTED_EDGE('',*,*,#2667,.F.);
#3275=ORIENTED_EDGE('',*,*,#1621,.T.);
#3276=ORIENTED_EDGE('',*,*,#1566,.T.);
#3277=ORIENTED_EDGE('',*,*,#2081,.T.);
#3278=ORIENTED_EDGE('',*,*,#2102,.T.);
#3279=ORIENTED_EDGE('',*,*,#1548,.T.);
#3280=ORIENTED_EDGE('',*,*,#2141,.T.);
#3281=ORIENTED_EDGE('',*,*,#1531,.T.);
#3282=EDGE_LOOP('',(#3257,#3265,#3271,#3272,#3273,#3274,#3275,#3276,#3277,#3278,#3279,#3280,#3281));
#3283=FACE_BOUND('',#3282,.T.);
#3284=ADVANCED_FACE('',(#3283),#3256,.T.);
#3285=CARTESIAN_POINT('',(42.,68.5,6.5));
#3286=DIRECTION('',(1.,0.,0.));
#3287=DIRECTION('',(0.,0.,-1.));
#3288=AXIS2_PLACEMENT_3D('',#3285,#3286,#3287);
#3289=PLANE('',#3288);
#3290=CARTESIAN_POINT('',(42.,86.424533039,1.));
#3291=VERTEX_POINT('',#3290);
#3292=CARTESIAN_POINT('',(42.,86.424533039,1.));
#3293=DIRECTION('',(0.,0.,1.));
#3294=VECTOR('',#3293,6.524533039);
#3295=LINE('',#3292,#3294);
#3296=EDGE_CURVE('',#3291,#1438,#3295,.T.);
#3297=ORIENTED_EDGE('',*,*,#3296,.F.);
#3298=CARTESIAN_POINT('',(42.,86.424533039,1.));
#3299=DIRECTION('',(0.,1.,0.));
#3300=VECTOR('',#3299,1.575466961);
#3301=LINE('',#3298,#3300);
#3302=EDGE_CURVE('',#3291,#2932,#3301,.T.);
#3303=ORIENTED_EDGE('',*,*,#3302,.T.);
#3304=ORIENTED_EDGE('',*,*,#2937,.T.);
#3305=ORIENTED_EDGE('',*,*,#1507,.F.);
#3306=ORIENTED_EDGE('',*,*,#1666,.T.);
#3307=ORIENTED_EDGE('',*,*,#1483,.F.);
#3308=ORIENTED_EDGE('',*,*,#1707,.T.);
#3309=ORIENTED_EDGE('',*,*,#1745,.T.);
#3310=ORIENTED_EDGE('',*,*,#1443,.T.);
#3311=EDGE_LOOP('',(#3297,#3303,#3304,#3305,#3306,#3307,#3308,#3309,#3310));
#3312=FACE_BOUND('',#3311,.T.);
#3313=ADVANCED_FACE('',(#3312),#3289,.T.);
#3314=CARTESIAN_POINT('',(39.,68.5,6.5));
#3315=DIRECTION('',(1.,0.,0.));
#3316=DIRECTION('',(0.,0.,-1.));
#3317=AXIS2_PLACEMENT_3D('',#3314,#3315,#3316);
#3318=PLANE('',#3317);
#3319=CARTESIAN_POINT('',(39.,53.150933922,4.));
#3320=VERTEX_POINT('',#3319);
#3321=CARTESIAN_POINT('',(39.,53.150933922,4.));
#3322=DIRECTION('',(0.,0.,1.));
#3323=VECTOR('',#3322,0.5);
#3324=LINE('',#3321,#3323);
#3325=EDGE_CURVE('',#3320,#3156,#3324,.T.);
#3326=ORIENTED_EDGE('',*,*,#3325,.F.);
#3327=CARTESIAN_POINT('',(39.,86.424533039,4.));
#3328=VERTEX_POINT('',#3327);
#3329=CARTESIAN_POINT('',(39.,86.424533039,4.));
#3330=DIRECTION('',(0.,-1.,0.));
#3331=VECTOR('',#3330,33.273599117);
#3332=LINE('',#3329,#3331);
#3333=EDGE_CURVE('',#3328,#3320,#3332,.T.);
#3334=ORIENTED_EDGE('',*,*,#3333,.F.);
#3335=CARTESIAN_POINT('',(39.,86.424533039,4.));
#3336=DIRECTION('',(0.,0.,-1.));
#3337=VECTOR('',#3336,3.178148007);
#3338=LINE('',#3335,#3337);
#3339=EDGE_CURVE('',#3328,#3231,#3338,.T.);
#3340=ORIENTED_EDGE('',*,*,#3339,.T.);
#3341=ORIENTED_EDGE('',*,*,#3236,.T.);
#3342=CARTESIAN_POINT('',(39.,87.,0.));
#3343=DIRECTION('',(0.,-1.,-0.));
#3344=VECTOR('',#3343,37.);
#3345=LINE('',#3342,#3344);
#3346=EDGE_CURVE('',#3223,#3164,#3345,.T.);
#3347=ORIENTED_EDGE('',*,*,#3346,.T.);
#3348=ORIENTED_EDGE('',*,*,#3169,.T.);
#3349=EDGE_LOOP('',(#3326,#3334,#3340,#3341,#3347,#3348));
#3350=FACE_BOUND('',#3349,.T.);
#3351=ADVANCED_FACE('',(#3350),#3318,.F.);
#3352=CARTESIAN_POINT('',(37.5,53.150933922,6.5));
#3353=DIRECTION('',(0.,1.,0.));
#3354=DIRECTION('',(0.,0.,1.));
#3355=AXIS2_PLACEMENT_3D('',#3352,#3353,#3354);
#3356=PLANE('',#3355);
#3357=CARTESIAN_POINT('',(41.998326778,53.150933922,3.));
#3358=VERTEX_POINT('',#3357);
#3359=CARTESIAN_POINT('',(41.998326778,53.150933922,3.));
#3360=DIRECTION('',(0.,0.,-1.));
#3361=VECTOR('',#3360,3.);
#3362=LINE('',#3359,#3361);
#3363=EDGE_CURVE('',#3358,#137,#3362,.T.);
#3364=ORIENTED_EDGE('',*,*,#3363,.F.);
#3365=CARTESIAN_POINT('',(40.998326778,53.150933922,4.));
#3366=VERTEX_POINT('',#3365);
#3367=CARTESIAN_POINT('',(41.998326778,53.150933922,3.));
#3368=DIRECTION('',(-0.707106781,-0.,0.707106781));
#3369=VECTOR('',#3368,1.414213562);
#3370=LINE('',#3367,#3369);
#3371=EDGE_CURVE('',#3358,#3366,#3370,.T.);
#3372=ORIENTED_EDGE('',*,*,#3371,.T.);
#3373=CARTESIAN_POINT('',(39.,53.150933922,4.));
#3374=DIRECTION('',(1.,0.,-0.));
#3375=VECTOR('',#3374,1.998326778);
#3376=LINE('',#3373,#3375);
#3377=EDGE_CURVE('',#3320,#3366,#3376,.T.);
#3378=ORIENTED_EDGE('',*,*,#3377,.F.);
#3379=ORIENTED_EDGE('',*,*,#3325,.T.);
#3380=ORIENTED_EDGE('',*,*,#3161,.F.);
#3381=ORIENTED_EDGE('',*,*,#3270,.F.);
#3382=CARTESIAN_POINT('',(42.,53.150933922,1.));
#3383=DIRECTION('',(0.707106781,-0.,-0.707106781));
#3384=VECTOR('',#3383,1.414213562);
#3385=LINE('',#3382,#3384);
#3386=EDGE_CURVE('',#3259,#145,#3385,.T.);
#3387=ORIENTED_EDGE('',*,*,#3386,.T.);
#3388=ORIENTED_EDGE('',*,*,#150,.F.);
#3389=EDGE_LOOP('',(#3364,#3372,#3378,#3379,#3380,#3381,#3387,#3388));
#3390=FACE_BOUND('',#3389,.T.);
#3391=ADVANCED_FACE('',(#3390),#3356,.T.);
#3392=CARTESIAN_POINT('',(37.5,86.424533039,2.9));
#3393=DIRECTION('',(0.,-1.,0.));
#3394=DIRECTION('',(0.,0.,-1.));
#3395=AXIS2_PLACEMENT_3D('',#3392,#3393,#3394);
#3396=PLANE('',#3395);
#3397=ORIENTED_EDGE('',*,*,#3339,.F.);
#3398=CARTESIAN_POINT('',(40.998326778,86.424533039,4.));
#3399=VERTEX_POINT('',#3398);
#3400=CARTESIAN_POINT('',(39.,86.424533039,4.));
#3401=DIRECTION('',(1.,0.,-0.));
#3402=VECTOR('',#3401,1.998326778);
#3403=LINE('',#3400,#3402);
#3404=EDGE_CURVE('',#3328,#3399,#3403,.T.);
#3405=ORIENTED_EDGE('',*,*,#3404,.T.);
#3406=CARTESIAN_POINT('',(41.998326778,86.424533039,3.));
#3407=VERTEX_POINT('',#3406);
#3408=CARTESIAN_POINT('',(40.998326778,86.424533039,4.));
#3409=DIRECTION('',(0.707106781,-0.,-0.707106781));
#3410=VECTOR('',#3409,1.414213562);
#3411=LINE('',#3408,#3410);
#3412=EDGE_CURVE('',#3399,#3407,#3411,.T.);
#3413=ORIENTED_EDGE('',*,*,#3412,.T.);
#3414=CARTESIAN_POINT('',(41.998326778,86.424533039,3.));
#3415=DIRECTION('',(0.,0.,-1.));
#3416=VECTOR('',#3415,3.);
#3417=LINE('',#3414,#3416);
#3418=EDGE_CURVE('',#3407,#129,#3417,.T.);
#3419=ORIENTED_EDGE('',*,*,#3418,.T.);
#3420=ORIENTED_EDGE('',*,*,#134,.F.);
#3421=CARTESIAN_POINT('',(43.,86.424533039,0.));
#3422=DIRECTION('',(-0.707106781,-0.,0.707106781));
#3423=VECTOR('',#3422,1.414213562);
#3424=LINE('',#3421,#3423);
#3425=EDGE_CURVE('',#127,#3291,#3424,.T.);
#3426=ORIENTED_EDGE('',*,*,#3425,.T.);
#3427=ORIENTED_EDGE('',*,*,#3296,.T.);
#3428=ORIENTED_EDGE('',*,*,#1466,.T.);
#3429=ORIENTED_EDGE('',*,*,#2569,.T.);
#3430=ORIENTED_EDGE('',*,*,#3242,.T.);
#3431=EDGE_LOOP('',(#3397,#3405,#3413,#3419,#3420,#3426,#3427,#3428,#3429,#3430));
#3432=FACE_BOUND('',#3431,.T.);
#3433=ADVANCED_FACE('',(#3432),#3396,.T.);
#3434=CARTESIAN_POINT('',(0.,50.,0.));
#3435=DIRECTION('',(0.,0.,1.));
#3436=DIRECTION('',(1.,0.,0.));
#3437=AXIS2_PLACEMENT_3D('',#3434,#3435,#3436);
#3438=PLANE('',#3437);
#3439=ORIENTED_EDGE('',*,*,#3346,.F.);
#3440=ORIENTED_EDGE('',*,*,#3228,.F.);
#3441=ORIENTED_EDGE('',*,*,#3192,.F.);
#3442=ORIENTED_EDGE('',*,*,#3175,.T.);
#3443=EDGE_LOOP('',(#3439,#3440,#3441,#3442));
#3444=FACE_BOUND('',#3443,.T.);
#3445=CARTESIAN_POINT('',(2.667873051,53.953690542,0.));
#3446=VERTEX_POINT('',#3445);
#3447=CARTESIAN_POINT('',(2.751809375,53.659913408,0.));
#3448=VERTEX_POINT('',#3447);
#3449=CARTESIAN_POINT('',(2.667873051,53.953690542,0.));
#3450=CARTESIAN_POINT('',(2.667873051,53.8248917,0.));
#3451=CARTESIAN_POINT('',(2.685239187,53.764833813,0.));
#3452=CARTESIAN_POINT('',(2.702605323,53.704775926,0.));
#3453=CARTESIAN_POINT('',(2.751809375,53.659913408,0.));
#3454=B_SPLINE_CURVE_WITH_KNOTS('',2,(#3449,#3450,#3451,#3452,#3453),.UNSPECIFIED.,.F.,.F.,(3,2,3),(0.,0.264193758,0.528387516),.UNSPECIFIED.);
#3455=EDGE_CURVE('',#3446,#3448,#3454,.T.);
#3456=ORIENTED_EDGE('',*,*,#3455,.T.);
#3457=CARTESIAN_POINT('',(3.009407059,53.55716377,0.));
#3458=VERTEX_POINT('',#3457);
#3459=CARTESIAN_POINT('',(2.751809375,53.659913408,0.));
#3460=CARTESIAN_POINT('',(2.840087233,53.580318618,0.));
#3461=CARTESIAN_POINT('',(3.009407059,53.55716377,0.));
#3462=B_SPLINE_CURVE_WITH_KNOTS('',2,(#3459,#3460,#3461),.UNSPECIFIED.,.F.,.F.,(3,3),(0.528387516,1.),.UNSPECIFIED.);
#3463=EDGE_CURVE('',#3448,#3458,#3462,.T.);
#3464=ORIENTED_EDGE('',*,*,#3463,.T.);
#3465=CARTESIAN_POINT('',(3.009407059,53.512301251,0.));
#3466=VERTEX_POINT('',#3465);
#3467=CARTESIAN_POINT('',(3.009407059,53.55716377,0.));
#3468=DIRECTION('',(0.,-1.,0.));
#3469=VECTOR('',#3468,0.044862518);
#3470=LINE('',#3467,#3469);
#3471=EDGE_CURVE('',#3458,#3466,#3470,.T.);
#3472=ORIENTED_EDGE('',*,*,#3471,.T.);
#3473=CARTESIAN_POINT('',(1.989146567,53.512301251,0.));
#3474=VERTEX_POINT('',#3473);
#3475=CARTESIAN_POINT('',(3.009407059,53.512301251,0.));
#3476=DIRECTION('',(-1.,0.,0.));
#3477=VECTOR('',#3476,1.020260492);
#3478=LINE('',#3475,#3477);
#3479=EDGE_CURVE('',#3466,#3474,#3478,.T.);
#3480=ORIENTED_EDGE('',*,*,#3479,.T.);
#3481=CARTESIAN_POINT('',(1.989146567,53.55716377,0.));
#3482=VERTEX_POINT('',#3481);
#3483=CARTESIAN_POINT('',(1.989146567,53.512301251,0.));
#3484=DIRECTION('',(0.,1.,0.));
#3485=VECTOR('',#3484,0.044862518);
#3486=LINE('',#3483,#3485);
#3487=EDGE_CURVE('',#3474,#3482,#3486,.T.);
#3488=ORIENTED_EDGE('',*,*,#3487,.T.);
#3489=CARTESIAN_POINT('',(2.264110388,53.675832366,0.));
#3490=VERTEX_POINT('',#3489);
#3491=CARTESIAN_POINT('',(1.989146567,53.55716377,0.));
#3492=CARTESIAN_POINT('',(2.177279708,53.583212974,0.));
#3493=CARTESIAN_POINT('',(2.264110388,53.675832366,0.));
#3494=B_SPLINE_CURVE_WITH_KNOTS('',2,(#3491,#3492,#3493),.UNSPECIFIED.,.F.,.F.,(3,3),(0.,0.525394473),.UNSPECIFIED.);
#3495=EDGE_CURVE('',#3482,#3490,#3494,.T.);
#3496=ORIENTED_EDGE('',*,*,#3495,.T.);
#3497=CARTESIAN_POINT('',(2.332127754,53.953690542,0.));
#3498=VERTEX_POINT('',#3497);
#3499=CARTESIAN_POINT('',(2.264110388,53.675832366,0.));
#3500=CARTESIAN_POINT('',(2.303184194,53.717800528,0.));
#3501=CARTESIAN_POINT('',(2.317655974,53.778582004,0.));
#3502=CARTESIAN_POINT('',(2.332127754,53.83936348,0.));
#3503=CARTESIAN_POINT('',(2.332127754,53.953690542,0.));
#3504=B_SPLINE_CURVE_WITH_KNOTS('',2,(#3499,#3500,#3501,#3502,#3503),.UNSPECIFIED.,.F.,.F.,(3,2,3),(0.525394473,0.762697236,1.),.UNSPECIFIED.);
#3505=EDGE_CURVE('',#3490,#3498,#3504,.T.);
#3506=ORIENTED_EDGE('',*,*,#3505,.T.);
#3507=CARTESIAN_POINT('',(2.332127754,55.108538589,0.));
#3508=VERTEX_POINT('',#3507);
#3509=CARTESIAN_POINT('',(2.332127754,53.953690542,0.));
#3510=DIRECTION('',(0.,1.,0.));
#3511=VECTOR('',#3510,1.154848046);
#3512=LINE('',#3509,#3511);
#3513=EDGE_CURVE('',#3498,#3508,#3512,.T.);
#3514=ORIENTED_EDGE('',*,*,#3513,.T.);
#3515=CARTESIAN_POINT('',(2.293053948,55.316932221,0.));
#3516=VERTEX_POINT('',#3515);
#3517=CARTESIAN_POINT('',(2.332127754,55.108538589,0.));
#3518=CARTESIAN_POINT('',(2.332127754,55.251809211,0.));
#3519=CARTESIAN_POINT('',(2.293053948,55.316932221,0.));
#3520=B_SPLINE_CURVE_WITH_KNOTS('',2,(#3517,#3518,#3519),.UNSPECIFIED.,.F.,.F.,(3,3),(0.,0.167993607),.UNSPECIFIED.);
#3521=EDGE_CURVE('',#3508,#3516,#3520,.T.);
#3522=ORIENTED_EDGE('',*,*,#3521,.T.);
#3523=CARTESIAN_POINT('',(1.560781878,54.949349008,0.));
#3524=VERTEX_POINT('',#3523);
#3525=CARTESIAN_POINT('',(2.293053948,55.316932221,0.));
#3526=CARTESIAN_POINT('',(2.26266321,55.370477807,0.));
#3527=CARTESIAN_POINT('',(2.201881734,55.401592134,0.));
#3528=CARTESIAN_POINT('',(2.141100258,55.432706461,0.));
#3529=CARTESIAN_POINT('',(2.061505467,55.432706461,0.));
#3530=CARTESIAN_POINT('',(1.897974353,55.432706461,0.));
#3531=CARTESIAN_POINT('',(1.76266321,55.30318403,0.));
#3532=CARTESIAN_POINT('',(1.627352067,55.173661599,0.));
#3533=CARTESIAN_POINT('',(1.560781878,54.949349008,0.));
#3534=B_SPLINE_CURVE_WITH_KNOTS('',2,(#3525,#3526,#3527,#3528,#3529,#3530,#3531,#3532,#3533),.UNSPECIFIED.,.F.,.F.,(3,2,2,2,3),(0.167993607,0.30418513,0.440376653,0.720188326,1.),.UNSPECIFIED.);
#3535=EDGE_CURVE('',#3516,#3524,#3534,.T.);
#3536=ORIENTED_EDGE('',*,*,#3535,.T.);
#3537=CARTESIAN_POINT('',(1.51591936,54.949349008,0.));
#3538=VERTEX_POINT('',#3537);
#3539=CARTESIAN_POINT('',(1.560781878,54.949349008,0.));
#3540=DIRECTION('',(-1.,0.,0.));
#3541=VECTOR('',#3540,0.044862518);
#3542=LINE('',#3539,#3541);
#3543=EDGE_CURVE('',#3524,#3538,#3542,.T.);
#3544=ORIENTED_EDGE('',*,*,#3543,.T.);
#3545=CARTESIAN_POINT('',(1.560781878,55.487699225,0.));
#3546=VERTEX_POINT('',#3545);
#3547=CARTESIAN_POINT('',(1.51591936,54.949349008,0.));
#3548=DIRECTION('',(0.08304548,0.996545758,0.));
#3549=VECTOR('',#3548,0.540216255);
#3550=LINE('',#3547,#3549);
#3551=EDGE_CURVE('',#3538,#3546,#3550,.T.);
#3552=ORIENTED_EDGE('',*,*,#3551,.T.);
#3553=CARTESIAN_POINT('',(3.439218926,55.487699225,0.));
#3554=VERTEX_POINT('',#3553);
#3555=CARTESIAN_POINT('',(1.560781878,55.487699225,0.));
#3556=DIRECTION('',(1.,0.,-0.));
#3557=VECTOR('',#3556,1.878437048);
#3558=LINE('',#3555,#3557);
#3559=EDGE_CURVE('',#3546,#3554,#3558,.T.);
#3560=ORIENTED_EDGE('',*,*,#3559,.T.);
#3561=CARTESIAN_POINT('',(3.484081444,54.949349008,0.));
#3562=VERTEX_POINT('',#3561);
#3563=CARTESIAN_POINT('',(3.439218926,55.487699225,0.));
#3564=DIRECTION('',(0.08304548,-0.996545758,0.));
#3565=VECTOR('',#3564,0.540216255);
#3566=LINE('',#3563,#3565);
#3567=EDGE_CURVE('',#3554,#3562,#3566,.T.);
#3568=ORIENTED_EDGE('',*,*,#3567,.T.);
#3569=CARTESIAN_POINT('',(3.437771748,54.949349008,0.));
#3570=VERTEX_POINT('',#3569);
#3571=CARTESIAN_POINT('',(3.484081444,54.949349008,0.));
#3572=DIRECTION('',(-1.,0.,0.));
#3573=VECTOR('',#3572,0.046309696);
#3574=LINE('',#3571,#3573);
#3575=EDGE_CURVE('',#3562,#3570,#3574,.T.);
#3576=ORIENTED_EDGE('',*,*,#3575,.T.);
#3577=CARTESIAN_POINT('',(2.696816611,55.299566085,0.));
#3578=VERTEX_POINT('',#3577);
#3579=CARTESIAN_POINT('',(3.437771748,54.949349008,0.));
#3580=CARTESIAN_POINT('',(3.394356408,55.098408343,0.));
#3581=CARTESIAN_POINT('',(3.319826741,55.206946693,0.));
#3582=CARTESIAN_POINT('',(3.245297074,55.315485043,0.));
#3583=CARTESIAN_POINT('',(3.146165381,55.374095752,0.));
#3584=CARTESIAN_POINT('',(3.047033687,55.432706461,0.));
#3585=CARTESIAN_POINT('',(2.938495337,55.432706461,0.));
#3586=CARTESIAN_POINT('',(2.853111835,55.432706461,0.));
#3587=CARTESIAN_POINT('',(2.790159592,55.3972506,0.));
#3588=CARTESIAN_POINT('',(2.727207349,55.361794739,0.));
#3589=CARTESIAN_POINT('',(2.696816611,55.299566085,0.));
#3590=B_SPLINE_CURVE_WITH_KNOTS('',2,(#3579,#3580,#3581,#3582,#3583,#3584,#3585,#3586,#3587,#3588,#3589),.UNSPECIFIED.,.F.,.F.,(3,2,2,2,2,3),(0.,0.187855405,0.37571081,0.563566215,0.7113458,0.859125385),.UNSPECIFIED.);
#3591=EDGE_CURVE('',#3570,#3578,#3590,.T.);
#3592=ORIENTED_EDGE('',*,*,#3591,.T.);
#3593=CARTESIAN_POINT('',(2.667873051,55.108538589,0.));
#3594=VERTEX_POINT('',#3593);
#3595=CARTESIAN_POINT('',(2.696816611,55.299566085,0.));
#3596=CARTESIAN_POINT('',(2.667873051,55.240231787,0.));
#3597=CARTESIAN_POINT('',(2.667873051,55.108538589,0.));
#3598=B_SPLINE_CURVE_WITH_KNOTS('',2,(#3595,#3596,#3597),.UNSPECIFIED.,.F.,.F.,(3,3),(0.859125385,1.),.UNSPECIFIED.);
#3599=EDGE_CURVE('',#3578,#3594,#3598,.T.);
#3600=ORIENTED_EDGE('',*,*,#3599,.T.);
#3601=CARTESIAN_POINT('',(2.667873051,55.108538589,0.));
#3602=DIRECTION('',(0.,-1.,0.));
#3603=VECTOR('',#3602,1.154848046);
#3604=LINE('',#3601,#3603);
#3605=EDGE_CURVE('',#3594,#3446,#3604,.T.);
#3606=ORIENTED_EDGE('',*,*,#3605,.T.);
#3607=EDGE_LOOP('',(#3456,#3464,#3472,#3480,#3488,#3496,#3506,#3514,#3522,#3536,#3544,#3552,#3560,#3568,#3576,#3592,#3600,#3606));
#3608=FACE_BOUND('',#3607,.T.);
#3609=ADVANCED_FACE('',(#3444,#3608),#3438,.T.);
#3610=CARTESIAN_POINT('',(0.,50.,-2.));
#3611=DIRECTION('',(0.,0.,1.));
#3612=DIRECTION('',(1.,0.,0.));
#3613=AXIS2_PLACEMENT_3D('',#3610,#3611,#3612);
#3614=PLANE('',#3613);
#3615=CARTESIAN_POINT('',(40.414213562,46.,-2.));
#3616=VERTEX_POINT('',#3615);
#3617=CARTESIAN_POINT('',(-1.414213562,46.,-2.));
#3618=VERTEX_POINT('',#3617);
#3619=CARTESIAN_POINT('',(40.414213562,46.,-2.));
#3620=DIRECTION('',(-1.,0.,0.));
#3621=VECTOR('',#3620,41.828427125);
#3622=LINE('',#3619,#3621);
#3623=EDGE_CURVE('',#3616,#3618,#3622,.T.);
#3624=ORIENTED_EDGE('',*,*,#3623,.T.);
#3625=CARTESIAN_POINT('',(-4.,48.585786438,-2.));
#3626=VERTEX_POINT('',#3625);
#3627=CARTESIAN_POINT('',(-1.414213562,46.,-2.));
#3628=DIRECTION('',(-0.707106781,0.707106781,0.));
#3629=VECTOR('',#3628,3.656854249);
#3630=LINE('',#3627,#3629);
#3631=EDGE_CURVE('',#3618,#3626,#3630,.T.);
#3632=ORIENTED_EDGE('',*,*,#3631,.T.);
#3633=CARTESIAN_POINT('',(-4.,88.414213562,-2.));
#3634=VERTEX_POINT('',#3633);
#3635=CARTESIAN_POINT('',(-4.,48.585786438,-2.));
#3636=DIRECTION('',(0.,1.,0.));
#3637=VECTOR('',#3636,39.828427125);
#3638=LINE('',#3635,#3637);
#3639=EDGE_CURVE('',#3626,#3634,#3638,.T.);
#3640=ORIENTED_EDGE('',*,*,#3639,.T.);
#3641=CARTESIAN_POINT('',(-1.414213562,91.,-2.));
#3642=VERTEX_POINT('',#3641);
#3643=CARTESIAN_POINT('',(-4.,88.414213562,-2.));
#3644=DIRECTION('',(0.707106781,0.707106781,0.));
#3645=VECTOR('',#3644,3.656854249);
#3646=LINE('',#3643,#3645);
#3647=EDGE_CURVE('',#3634,#3642,#3646,.T.);
#3648=ORIENTED_EDGE('',*,*,#3647,.T.);
#3649=CARTESIAN_POINT('',(40.414213562,91.,-2.));
#3650=VERTEX_POINT('',#3649);
#3651=CARTESIAN_POINT('',(-1.414213562,91.,-2.));
#3652=DIRECTION('',(1.,0.,0.));
#3653=VECTOR('',#3652,41.828427125);
#3654=LINE('',#3651,#3653);
#3655=EDGE_CURVE('',#3642,#3650,#3654,.T.);
#3656=ORIENTED_EDGE('',*,*,#3655,.T.);
#3657=CARTESIAN_POINT('',(43.,88.414213562,-2.));
#3658=VERTEX_POINT('',#3657);
#3659=CARTESIAN_POINT('',(40.414213562,91.,-2.));
#3660=DIRECTION('',(0.707106781,-0.707106781,0.));
#3661=VECTOR('',#3660,3.656854249);
#3662=LINE('',#3659,#3661);
#3663=EDGE_CURVE('',#3650,#3658,#3662,.T.);
#3664=ORIENTED_EDGE('',*,*,#3663,.T.);
#3665=CARTESIAN_POINT('',(43.,48.585786438,-2.));
#3666=VERTEX_POINT('',#3665);
#3667=CARTESIAN_POINT('',(43.,88.414213562,-2.));
#3668=DIRECTION('',(0.,-1.,0.));
#3669=VECTOR('',#3668,39.828427125);
#3670=LINE('',#3667,#3669);
#3671=EDGE_CURVE('',#3658,#3666,#3670,.T.);
#3672=ORIENTED_EDGE('',*,*,#3671,.T.);
#3673=CARTESIAN_POINT('',(43.,48.585786438,-2.));
#3674=DIRECTION('',(-0.707106781,-0.707106781,0.));
#3675=VECTOR('',#3674,3.656854249);
#3676=LINE('',#3673,#3675);
#3677=EDGE_CURVE('',#3666,#3616,#3676,.T.);
#3678=ORIENTED_EDGE('',*,*,#3677,.T.);
#3679=EDGE_LOOP('',(#3624,#3632,#3640,#3648,#3656,#3664,#3672,#3678));
#3680=FACE_BOUND('',#3679,.T.);
#3681=ADVANCED_FACE('',(#3680),#3614,.F.);
#3682=CARTESIAN_POINT('',(-5.,68.5,-1.));
#3683=DIRECTION('',(0.707106781,0.,0.707106781));
#3684=DIRECTION('',(0.,-1.,0.));
#3685=AXIS2_PLACEMENT_3D('',#3682,#3683,#3684);
#3686=PLANE('',#3685);
#3687=CARTESIAN_POINT('',(-5.,88.828427125,-1.));
#3688=VERTEX_POINT('',#3687);
#3689=CARTESIAN_POINT('',(-5.,88.828427125,-1.));
#3690=DIRECTION('',(0.678598345,-0.281084638,-0.678598345));
#3691=VECTOR('',#3690,1.473625758);
#3692=LINE('',#3689,#3691);
#3693=EDGE_CURVE('',#3688,#3634,#3692,.T.);
#3694=ORIENTED_EDGE('',*,*,#3693,.T.);
#3695=ORIENTED_EDGE('',*,*,#3639,.F.);
#3696=CARTESIAN_POINT('',(-5.,48.171572875,-1.));
#3697=VERTEX_POINT('',#3696);
#3698=CARTESIAN_POINT('',(-5.,48.171572875,-1.));
#3699=DIRECTION('',(0.678598345,0.281084638,-0.678598345));
#3700=VECTOR('',#3699,1.473625758);
#3701=LINE('',#3698,#3700);
#3702=EDGE_CURVE('',#3697,#3626,#3701,.T.);
#3703=ORIENTED_EDGE('',*,*,#3702,.F.);
#3704=CARTESIAN_POINT('',(-5.,88.828427125,-1.));
#3705=DIRECTION('',(0.,-1.,0.));
#3706=VECTOR('',#3705,40.656854249);
#3707=LINE('',#3704,#3706);
#3708=EDGE_CURVE('',#3688,#3697,#3707,.T.);
#3709=ORIENTED_EDGE('',*,*,#3708,.F.);
#3710=EDGE_LOOP('',(#3694,#3695,#3703,#3709));
#3711=FACE_BOUND('',#3710,.T.);
#3712=ADVANCED_FACE('',(#3711),#3686,.F.);
#3713=CARTESIAN_POINT('',(-3.414213562,46.585786438,-1.));
#3714=DIRECTION('',(0.5,0.5,0.707106781));
#3715=DIRECTION('',(0.707106781,-0.707106781,0.));
#3716=AXIS2_PLACEMENT_3D('',#3713,#3714,#3715);
#3717=PLANE('',#3716);
#3718=ORIENTED_EDGE('',*,*,#3702,.T.);
#3719=ORIENTED_EDGE('',*,*,#3631,.F.);
#3720=CARTESIAN_POINT('',(-1.828427125,45.,-1.));
#3721=VERTEX_POINT('',#3720);
#3722=CARTESIAN_POINT('',(-1.414213562,46.,-2.));
#3723=DIRECTION('',(-0.281084638,-0.678598345,0.678598345));
#3724=VECTOR('',#3723,1.473625758);
#3725=LINE('',#3722,#3724);
#3726=EDGE_CURVE('',#3618,#3721,#3725,.T.);
#3727=ORIENTED_EDGE('',*,*,#3726,.T.);
#3728=CARTESIAN_POINT('',(-5.,48.171572875,-1.));
#3729=DIRECTION('',(0.707106781,-0.707106781,0.));
#3730=VECTOR('',#3729,4.485281374);
#3731=LINE('',#3728,#3730);
#3732=EDGE_CURVE('',#3697,#3721,#3731,.T.);
#3733=ORIENTED_EDGE('',*,*,#3732,.F.);
#3734=EDGE_LOOP('',(#3718,#3719,#3727,#3733));
#3735=FACE_BOUND('',#3734,.T.);
#3736=ADVANCED_FACE('',(#3735),#3717,.F.);
#3737=CARTESIAN_POINT('',(30.414213562,45.,-1.));
#3738=DIRECTION('',(0.,0.707106781,0.707106781));
#3739=DIRECTION('',(1.,0.,0.));
#3740=AXIS2_PLACEMENT_3D('',#3737,#3738,#3739);
#3741=PLANE('',#3740);
#3742=CARTESIAN_POINT('',(40.828427125,45.,-1.));
#3743=VERTEX_POINT('',#3742);
#3744=CARTESIAN_POINT('',(40.414213562,46.,-2.));
#3745=DIRECTION('',(0.281084638,-0.678598345,0.678598345));
#3746=VECTOR('',#3745,1.473625758);
#3747=LINE('',#3744,#3746);
#3748=EDGE_CURVE('',#3616,#3743,#3747,.T.);
#3749=ORIENTED_EDGE('',*,*,#3748,.T.);
#3750=CARTESIAN_POINT('',(-1.828427125,45.,-1.));
#3751=DIRECTION('',(1.,0.,-0.));
#3752=VECTOR('',#3751,42.656854249);
#3753=LINE('',#3750,#3752);
#3754=EDGE_CURVE('',#3721,#3743,#3753,.T.);
#3755=ORIENTED_EDGE('',*,*,#3754,.F.);
#3756=ORIENTED_EDGE('',*,*,#3726,.F.);
#3757=ORIENTED_EDGE('',*,*,#3623,.F.);
#3758=EDGE_LOOP('',(#3749,#3755,#3756,#3757));
#3759=FACE_BOUND('',#3758,.T.);
#3760=ADVANCED_FACE('',(#3759),#3741,.F.);
#3761=CARTESIAN_POINT('',(42.414213562,46.585786438,-1.));
#3762=DIRECTION('',(-0.5,0.5,0.707106781));
#3763=DIRECTION('',(0.707106781,0.707106781,0.));
#3764=AXIS2_PLACEMENT_3D('',#3761,#3762,#3763);
#3765=PLANE('',#3764);
#3766=CARTESIAN_POINT('',(44.,48.171572875,-1.));
#3767=VERTEX_POINT('',#3766);
#3768=CARTESIAN_POINT('',(43.,48.585786438,-2.));
#3769=DIRECTION('',(0.678598345,-0.281084638,0.678598345));
#3770=VECTOR('',#3769,1.473625758);
#3771=LINE('',#3768,#3770);
#3772=EDGE_CURVE('',#3666,#3767,#3771,.T.);
#3773=ORIENTED_EDGE('',*,*,#3772,.T.);
#3774=CARTESIAN_POINT('',(40.828427125,45.,-1.));
#3775=DIRECTION('',(0.707106781,0.707106781,0.));
#3776=VECTOR('',#3775,4.485281374);
#3777=LINE('',#3774,#3776);
#3778=EDGE_CURVE('',#3743,#3767,#3777,.T.);
#3779=ORIENTED_EDGE('',*,*,#3778,.F.);
#3780=ORIENTED_EDGE('',*,*,#3748,.F.);
#3781=ORIENTED_EDGE('',*,*,#3677,.F.);
#3782=EDGE_LOOP('',(#3773,#3779,#3780,#3781));
#3783=FACE_BOUND('',#3782,.T.);
#3784=ADVANCED_FACE('',(#3783),#3765,.F.);
#3785=CARTESIAN_POINT('',(44.,68.5,-1.));
#3786=DIRECTION('',(-0.707106781,0.,0.707106781));
#3787=DIRECTION('',(0.,1.,0.));
#3788=AXIS2_PLACEMENT_3D('',#3785,#3786,#3787);
#3789=PLANE('',#3788);
#3790=CARTESIAN_POINT('',(44.,88.828427125,-1.));
#3791=VERTEX_POINT('',#3790);
#3792=CARTESIAN_POINT('',(43.,88.414213562,-2.));
#3793=DIRECTION('',(0.678598345,0.281084638,0.678598345));
#3794=VECTOR('',#3793,1.473625758);
#3795=LINE('',#3792,#3794);
#3796=EDGE_CURVE('',#3658,#3791,#3795,.T.);
#3797=ORIENTED_EDGE('',*,*,#3796,.T.);
#3798=CARTESIAN_POINT('',(44.,48.171572875,-1.));
#3799=DIRECTION('',(0.,1.,0.));
#3800=VECTOR('',#3799,40.656854249);
#3801=LINE('',#3798,#3800);
#3802=EDGE_CURVE('',#3767,#3791,#3801,.T.);
#3803=ORIENTED_EDGE('',*,*,#3802,.F.);
#3804=ORIENTED_EDGE('',*,*,#3772,.F.);
#3805=ORIENTED_EDGE('',*,*,#3671,.F.);
#3806=EDGE_LOOP('',(#3797,#3803,#3804,#3805));
#3807=FACE_BOUND('',#3806,.T.);
#3808=ADVANCED_FACE('',(#3807),#3789,.F.);
#3809=CARTESIAN_POINT('',(42.414213562,90.414213562,-1.));
#3810=DIRECTION('',(-0.5,-0.5,0.707106781));
#3811=DIRECTION('',(-0.707106781,0.707106781,0.));
#3812=AXIS2_PLACEMENT_3D('',#3809,#3810,#3811);
#3813=PLANE('',#3812);
#3814=ORIENTED_EDGE('',*,*,#3796,.F.);
#3815=ORIENTED_EDGE('',*,*,#3663,.F.);
#3816=CARTESIAN_POINT('',(40.828427125,92.,-1.));
#3817=VERTEX_POINT('',#3816);
#3818=CARTESIAN_POINT('',(40.828427125,92.,-1.));
#3819=DIRECTION('',(-0.281084638,-0.678598345,-0.678598345));
#3820=VECTOR('',#3819,1.473625758);
#3821=LINE('',#3818,#3820);
#3822=EDGE_CURVE('',#3817,#3650,#3821,.T.);
#3823=ORIENTED_EDGE('',*,*,#3822,.F.);
#3824=CARTESIAN_POINT('',(44.,88.828427125,-1.));
#3825=DIRECTION('',(-0.707106781,0.707106781,0.));
#3826=VECTOR('',#3825,4.485281374);
#3827=LINE('',#3824,#3826);
#3828=EDGE_CURVE('',#3791,#3817,#3827,.T.);
#3829=ORIENTED_EDGE('',*,*,#3828,.F.);
#3830=EDGE_LOOP('',(#3814,#3815,#3823,#3829));
#3831=FACE_BOUND('',#3830,.T.);
#3832=ADVANCED_FACE('',(#3831),#3813,.F.);
#3833=CARTESIAN_POINT('',(-0.664213562,92.,-1.));
#3834=DIRECTION('',(0.,-0.707106781,0.707106781));
#3835=DIRECTION('',(-1.,-0.,0.));
#3836=AXIS2_PLACEMENT_3D('',#3833,#3834,#3835);
#3837=PLANE('',#3836);
#3838=ORIENTED_EDGE('',*,*,#3822,.T.);
#3839=ORIENTED_EDGE('',*,*,#3655,.F.);
#3840=CARTESIAN_POINT('',(-1.828427125,92.,-1.));
#3841=VERTEX_POINT('',#3840);
#3842=CARTESIAN_POINT('',(-1.828427125,92.,-1.));
#3843=DIRECTION('',(0.281084638,-0.678598345,-0.678598345));
#3844=VECTOR('',#3843,1.473625758);
#3845=LINE('',#3842,#3844);
#3846=EDGE_CURVE('',#3841,#3642,#3845,.T.);
#3847=ORIENTED_EDGE('',*,*,#3846,.F.);
#3848=CARTESIAN_POINT('',(40.828427125,92.,-1.));
#3849=DIRECTION('',(-1.,-0.,0.));
#3850=VECTOR('',#3849,42.656854249);
#3851=LINE('',#3848,#3850);
#3852=EDGE_CURVE('',#3817,#3841,#3851,.T.);
#3853=ORIENTED_EDGE('',*,*,#3852,.F.);
#3854=EDGE_LOOP('',(#3838,#3839,#3847,#3853));
#3855=FACE_BOUND('',#3854,.T.);
#3856=ADVANCED_FACE('',(#3855),#3837,.F.);
#3857=CARTESIAN_POINT('',(-3.414213562,90.414213562,-1.));
#3858=DIRECTION('',(0.5,-0.5,0.707106781));
#3859=DIRECTION('',(-0.707106781,-0.707106781,0.));
#3860=AXIS2_PLACEMENT_3D('',#3857,#3858,#3859);
#3861=PLANE('',#3860);
#3862=ORIENTED_EDGE('',*,*,#3846,.T.);
#3863=ORIENTED_EDGE('',*,*,#3647,.F.);
#3864=ORIENTED_EDGE('',*,*,#3693,.F.);
#3865=CARTESIAN_POINT('',(-1.828427125,92.,-1.));
#3866=DIRECTION('',(-0.707106781,-0.707106781,0.));
#3867=VECTOR('',#3866,4.485281374);
#3868=LINE('',#3865,#3867);
#3869=EDGE_CURVE('',#3841,#3688,#3868,.T.);
#3870=ORIENTED_EDGE('',*,*,#3869,.F.);
#3871=EDGE_LOOP('',(#3862,#3863,#3864,#3870));
#3872=FACE_BOUND('',#3871,.T.);
#3873=ADVANCED_FACE('',(#3872),#3861,.F.);
#3874=CARTESIAN_POINT('',(-3.414213562,90.414213562,6.));
#3875=DIRECTION('',(0.707106781,-0.707106781,0.));
#3876=DIRECTION('',(0.707106781,0.707106781,0.));
#3877=AXIS2_PLACEMENT_3D('',#3874,#3875,#3876);
#3878=PLANE('',#3877);
#3879=CARTESIAN_POINT('',(-5.,88.828427125,-0.5));
#3880=VERTEX_POINT('',#3879);
#3881=CARTESIAN_POINT('',(-5.,88.828427125,-0.5));
#3882=DIRECTION('',(0.,0.,-1.));
#3883=VECTOR('',#3882,0.5);
#3884=LINE('',#3881,#3883);
#3885=EDGE_CURVE('',#3880,#3688,#3884,.T.);
#3886=ORIENTED_EDGE('',*,*,#3885,.F.);
#3887=CARTESIAN_POINT('',(-1.828427125,92.,-0.5));
#3888=VERTEX_POINT('',#3887);
#3889=CARTESIAN_POINT('',(-5.,88.828427125,-0.5));
#3890=DIRECTION('',(0.707106781,0.707106781,0.));
#3891=VECTOR('',#3890,4.485281374);
#3892=LINE('',#3889,#3891);
#3893=EDGE_CURVE('',#3880,#3888,#3892,.T.);
#3894=ORIENTED_EDGE('',*,*,#3893,.T.);
#3895=CARTESIAN_POINT('',(-1.828427125,92.,-0.5));
#3896=DIRECTION('',(0.,0.,-1.));
#3897=VECTOR('',#3896,0.5);
#3898=LINE('',#3895,#3897);
#3899=EDGE_CURVE('',#3888,#3841,#3898,.T.);
#3900=ORIENTED_EDGE('',*,*,#3899,.T.);
#3901=ORIENTED_EDGE('',*,*,#3869,.T.);
#3902=EDGE_LOOP('',(#3886,#3894,#3900,#3901));
#3903=FACE_BOUND('',#3902,.T.);
#3904=ADVANCED_FACE('',(#3903),#3878,.F.);
#3905=CARTESIAN_POINT('',(-0.664213562,92.,6.));
#3906=DIRECTION('',(0.,-1.,0.));
#3907=DIRECTION('',(1.,0.,0.));
#3908=AXIS2_PLACEMENT_3D('',#3905,#3906,#3907);
#3909=PLANE('',#3908);
#3910=ORIENTED_EDGE('',*,*,#3899,.F.);
#3911=CARTESIAN_POINT('',(40.828427125,92.,-0.5));
#3912=VERTEX_POINT('',#3911);
#3913=CARTESIAN_POINT('',(-1.828427125,92.,-0.5));
#3914=DIRECTION('',(1.,0.,0.));
#3915=VECTOR('',#3914,42.656854249);
#3916=LINE('',#3913,#3915);
#3917=EDGE_CURVE('',#3888,#3912,#3916,.T.);
#3918=ORIENTED_EDGE('',*,*,#3917,.T.);
#3919=CARTESIAN_POINT('',(40.828427125,92.,-0.5));
#3920=DIRECTION('',(0.,0.,-1.));
#3921=VECTOR('',#3920,0.5);
#3922=LINE('',#3919,#3921);
#3923=EDGE_CURVE('',#3912,#3817,#3922,.T.);
#3924=ORIENTED_EDGE('',*,*,#3923,.T.);
#3925=ORIENTED_EDGE('',*,*,#3852,.T.);
#3926=EDGE_LOOP('',(#3910,#3918,#3924,#3925));
#3927=FACE_BOUND('',#3926,.T.);
#3928=ADVANCED_FACE('',(#3927),#3909,.F.);
#3929=CARTESIAN_POINT('',(42.414213562,90.414213562,6.));
#3930=DIRECTION('',(-0.707106781,-0.707106781,0.));
#3931=DIRECTION('',(0.707106781,-0.707106781,0.));
#3932=AXIS2_PLACEMENT_3D('',#3929,#3930,#3931);
#3933=PLANE('',#3932);
#3934=ORIENTED_EDGE('',*,*,#3923,.F.);
#3935=CARTESIAN_POINT('',(44.,88.828427125,-0.5));
#3936=VERTEX_POINT('',#3935);
#3937=CARTESIAN_POINT('',(40.828427125,92.,-0.5));
#3938=DIRECTION('',(0.707106781,-0.707106781,0.));
#3939=VECTOR('',#3938,4.485281374);
#3940=LINE('',#3937,#3939);
#3941=EDGE_CURVE('',#3912,#3936,#3940,.T.);
#3942=ORIENTED_EDGE('',*,*,#3941,.T.);
#3943=CARTESIAN_POINT('',(44.,88.828427125,-0.5));
#3944=DIRECTION('',(0.,0.,-1.));
#3945=VECTOR('',#3944,0.5);
#3946=LINE('',#3943,#3945);
#3947=EDGE_CURVE('',#3936,#3791,#3946,.T.);
#3948=ORIENTED_EDGE('',*,*,#3947,.T.);
#3949=ORIENTED_EDGE('',*,*,#3828,.T.);
#3950=EDGE_LOOP('',(#3934,#3942,#3948,#3949));
#3951=FACE_BOUND('',#3950,.T.);
#3952=ADVANCED_FACE('',(#3951),#3933,.F.);
#3953=CARTESIAN_POINT('',(44.,68.5,6.));
#3954=DIRECTION('',(-1.,0.,0.));
#3955=DIRECTION('',(0.,0.,1.));
#3956=AXIS2_PLACEMENT_3D('',#3953,#3954,#3955);
#3957=PLANE('',#3956);
#3958=ORIENTED_EDGE('',*,*,#3947,.F.);
#3959=CARTESIAN_POINT('',(44.,48.171572875,-0.5));
#3960=VERTEX_POINT('',#3959);
#3961=CARTESIAN_POINT('',(44.,88.828427125,-0.5));
#3962=DIRECTION('',(0.,-1.,0.));
#3963=VECTOR('',#3962,40.656854249);
#3964=LINE('',#3961,#3963);
#3965=EDGE_CURVE('',#3936,#3960,#3964,.T.);
#3966=ORIENTED_EDGE('',*,*,#3965,.T.);
#3967=CARTESIAN_POINT('',(44.,48.171572875,-0.5));
#3968=DIRECTION('',(0.,0.,-1.));
#3969=VECTOR('',#3968,0.5);
#3970=LINE('',#3967,#3969);
#3971=EDGE_CURVE('',#3960,#3767,#3970,.T.);
#3972=ORIENTED_EDGE('',*,*,#3971,.T.);
#3973=ORIENTED_EDGE('',*,*,#3802,.T.);
#3974=EDGE_LOOP('',(#3958,#3966,#3972,#3973));
#3975=FACE_BOUND('',#3974,.T.);
#3976=ADVANCED_FACE('',(#3975),#3957,.F.);
#3977=CARTESIAN_POINT('',(42.414213562,46.585786438,6.));
#3978=DIRECTION('',(-0.707106781,0.707106781,0.));
#3979=DIRECTION('',(-0.707106781,-0.707106781,0.));
#3980=AXIS2_PLACEMENT_3D('',#3977,#3978,#3979);
#3981=PLANE('',#3980);
#3982=ORIENTED_EDGE('',*,*,#3971,.F.);
#3983=CARTESIAN_POINT('',(40.828427125,45.,-0.5));
#3984=VERTEX_POINT('',#3983);
#3985=CARTESIAN_POINT('',(44.,48.171572875,-0.5));
#3986=DIRECTION('',(-0.707106781,-0.707106781,0.));
#3987=VECTOR('',#3986,4.485281374);
#3988=LINE('',#3985,#3987);
#3989=EDGE_CURVE('',#3960,#3984,#3988,.T.);
#3990=ORIENTED_EDGE('',*,*,#3989,.T.);
#3991=CARTESIAN_POINT('',(40.828427125,45.,-0.5));
#3992=DIRECTION('',(0.,0.,-1.));
#3993=VECTOR('',#3992,0.5);
#3994=LINE('',#3991,#3993);
#3995=EDGE_CURVE('',#3984,#3743,#3994,.T.);
#3996=ORIENTED_EDGE('',*,*,#3995,.T.);
#3997=ORIENTED_EDGE('',*,*,#3778,.T.);
#3998=EDGE_LOOP('',(#3982,#3990,#3996,#3997));
#3999=FACE_BOUND('',#3998,.T.);
#4000=ADVANCED_FACE('',(#3999),#3981,.F.);
#4001=CARTESIAN_POINT('',(30.414213562,45.,6.));
#4002=DIRECTION('',(0.,1.,0.));
#4003=DIRECTION('',(0.,0.,1.));
#4004=AXIS2_PLACEMENT_3D('',#4001,#4002,#4003);
#4005=PLANE('',#4004);
#4006=ORIENTED_EDGE('',*,*,#3995,.F.);
#4007=CARTESIAN_POINT('',(-1.828427125,45.,-0.5));
#4008=VERTEX_POINT('',#4007);
#4009=CARTESIAN_POINT('',(40.828427125,45.,-0.5));
#4010=DIRECTION('',(-1.,0.,0.));
#4011=VECTOR('',#4010,42.656854249);
#4012=LINE('',#4009,#4011);
#4013=EDGE_CURVE('',#3984,#4008,#4012,.T.);
#4014=ORIENTED_EDGE('',*,*,#4013,.T.);
#4015=CARTESIAN_POINT('',(-1.828427125,45.,-0.5));
#4016=DIRECTION('',(0.,0.,-1.));
#4017=VECTOR('',#4016,0.5);
#4018=LINE('',#4015,#4017);
#4019=EDGE_CURVE('',#4008,#3721,#4018,.T.);
#4020=ORIENTED_EDGE('',*,*,#4019,.T.);
#4021=ORIENTED_EDGE('',*,*,#3754,.T.);
#4022=EDGE_LOOP('',(#4006,#4014,#4020,#4021));
#4023=FACE_BOUND('',#4022,.T.);
#4024=ADVANCED_FACE('',(#4023),#4005,.F.);
#4025=CARTESIAN_POINT('',(-3.414213562,46.585786438,6.));
#4026=DIRECTION('',(0.707106781,0.707106781,0.));
#4027=DIRECTION('',(-0.707106781,0.707106781,0.));
#4028=AXIS2_PLACEMENT_3D('',#4025,#4026,#4027);
#4029=PLANE('',#4028);
#4030=ORIENTED_EDGE('',*,*,#4019,.F.);
#4031=CARTESIAN_POINT('',(-5.,48.171572875,-0.5));
#4032=VERTEX_POINT('',#4031);
#4033=CARTESIAN_POINT('',(-1.828427125,45.,-0.5));
#4034=DIRECTION('',(-0.707106781,0.707106781,0.));
#4035=VECTOR('',#4034,4.485281374);
#4036=LINE('',#4033,#4035);
#4037=EDGE_CURVE('',#4008,#4032,#4036,.T.);
#4038=ORIENTED_EDGE('',*,*,#4037,.T.);
#4039=CARTESIAN_POINT('',(-5.,48.171572875,-0.5));
#4040=DIRECTION('',(0.,0.,-1.));
#4041=VECTOR('',#4040,0.5);
#4042=LINE('',#4039,#4041);
#4043=EDGE_CURVE('',#4032,#3697,#4042,.T.);
#4044=ORIENTED_EDGE('',*,*,#4043,.T.);
#4045=ORIENTED_EDGE('',*,*,#3732,.T.);
#4046=EDGE_LOOP('',(#4030,#4038,#4044,#4045));
#4047=FACE_BOUND('',#4046,.T.);
#4048=ADVANCED_FACE('',(#4047),#4029,.F.);
#4049=CARTESIAN_POINT('',(-5.,68.5,6.));
#4050=DIRECTION('',(1.,0.,0.));
#4051=DIRECTION('',(0.,0.,-1.));
#4052=AXIS2_PLACEMENT_3D('',#4049,#4050,#4051);
#4053=PLANE('',#4052);
#4054=ORIENTED_EDGE('',*,*,#4043,.F.);
#4055=CARTESIAN_POINT('',(-5.,48.171572875,-0.5));
#4056=DIRECTION('',(0.,1.,0.));
#4057=VECTOR('',#4056,40.656854249);
#4058=LINE('',#4055,#4057);
#4059=EDGE_CURVE('',#4032,#3880,#4058,.T.);
#4060=ORIENTED_EDGE('',*,*,#4059,.T.);
#4061=ORIENTED_EDGE('',*,*,#3885,.T.);
#4062=ORIENTED_EDGE('',*,*,#3708,.T.);
#4063=EDGE_LOOP('',(#4054,#4060,#4061,#4062));
#4064=FACE_BOUND('',#4063,.T.);
#4065=ADVANCED_FACE('',(#4064),#4053,.F.);
#4066=CARTESIAN_POINT('',(2.75180948,53.659913313,-0.1));
#4067=CARTESIAN_POINT('',(2.75180948,53.659913313,0.));
#4068=CARTESIAN_POINT('',(2.840087334,53.580318604,-0.1));
#4069=CARTESIAN_POINT('',(2.840087334,53.580318604,0.));
#4070=CARTESIAN_POINT('',(3.009407059,53.55716377,-0.1));
#4071=CARTESIAN_POINT('',(3.009407059,53.55716377,0.));
#4072=B_SPLINE_SURFACE_WITH_KNOTS('',2,1,((#4066,#4067),(#4068,#4069),(#4070,#4071)),.UNSPECIFIED.,.F.,.F.,.U.,(3,3),(2,2),(0.528387796,1.),(0.,1.),.UNSPECIFIED.);
#4073=ORIENTED_EDGE('',*,*,#3463,.F.);
#4074=CARTESIAN_POINT('',(2.751809375,53.659913408,-0.1));
#4075=VERTEX_POINT('',#4074);
#4076=CARTESIAN_POINT('',(2.751809375,53.659913408,-0.1));
#4077=DIRECTION('',(0.,0.,1.));
#4078=VECTOR('',#4077,0.1);
#4079=LINE('',#4076,#4078);
#4080=EDGE_CURVE('',#4075,#3448,#4079,.T.);
#4081=ORIENTED_EDGE('',*,*,#4080,.F.);
#4082=CARTESIAN_POINT('',(3.009407059,53.55716377,-0.1));
#4083=VERTEX_POINT('',#4082);
#4084=CARTESIAN_POINT('',(2.751809375,53.659913408,-0.1));
#4085=CARTESIAN_POINT('',(2.840087233,53.580318618,-0.1));
#4086=CARTESIAN_POINT('',(3.009407059,53.55716377,-0.1));
#4087=B_SPLINE_CURVE_WITH_KNOTS('',2,(#4084,#4085,#4086),.UNSPECIFIED.,.F.,.F.,(3,3),(0.528387516,1.),.UNSPECIFIED.);
#4088=EDGE_CURVE('',#4075,#4083,#4087,.T.);
#4089=ORIENTED_EDGE('',*,*,#4088,.T.);
#4090=CARTESIAN_POINT('',(3.009407059,53.55716377,-0.1));
#4091=DIRECTION('',(0.,0.,1.));
#4092=VECTOR('',#4091,0.1);
#4093=LINE('',#4090,#4092);
#4094=EDGE_CURVE('',#4083,#3458,#4093,.T.);
#4095=ORIENTED_EDGE('',*,*,#4094,.T.);
#4096=EDGE_LOOP('',(#4073,#4081,#4089,#4095));
#4097=FACE_BOUND('',#4096,.T.);
#4098=ADVANCED_FACE('',(#4097),#4072,.T.);
#4099=CARTESIAN_POINT('',(2.667873051,53.953690542,-0.1));
#4100=CARTESIAN_POINT('',(2.667873051,53.953690542,0.));
#4101=CARTESIAN_POINT('',(2.667873051,53.8248917,-0.1));
#4102=CARTESIAN_POINT('',(2.667873051,53.8248917,0.));
#4103=CARTESIAN_POINT('',(2.685239187,53.764833813,-0.1));
#4104=CARTESIAN_POINT('',(2.685239187,53.764833813,0.));
#4105=CARTESIAN_POINT('',(2.702605323,53.704775926,-0.1));
#4106=CARTESIAN_POINT('',(2.702605323,53.704775926,0.));
#4107=CARTESIAN_POINT('',(2.751809375,53.659913408,-0.1));
#4108=CARTESIAN_POINT('',(2.751809375,53.659913408,0.));
#4109=B_SPLINE_SURFACE_WITH_KNOTS('',2,1,((#4099,#4100),(#4101,#4102),(#4103,#4104),(#4105,#4106),(#4107,#4108)),.UNSPECIFIED.,.F.,.F.,.U.,(3,2,3),(2,2),(0.,0.264193758,0.528387516),(0.,1.),.UNSPECIFIED.);
#4110=ORIENTED_EDGE('',*,*,#3455,.F.);
#4111=CARTESIAN_POINT('',(2.667873051,53.953690542,-0.1));
#4112=VERTEX_POINT('',#4111);
#4113=CARTESIAN_POINT('',(2.667873051,53.953690542,-0.1));
#4114=DIRECTION('',(0.,0.,1.));
#4115=VECTOR('',#4114,0.1);
#4116=LINE('',#4113,#4115);
#4117=EDGE_CURVE('',#4112,#3446,#4116,.T.);
#4118=ORIENTED_EDGE('',*,*,#4117,.F.);
#4119=CARTESIAN_POINT('',(2.667873051,53.953690542,-0.1));
#4120=CARTESIAN_POINT('',(2.667873051,53.8248917,-0.1));
#4121=CARTESIAN_POINT('',(2.685239187,53.764833813,-0.1));
#4122=CARTESIAN_POINT('',(2.702605323,53.704775926,-0.1));
#4123=CARTESIAN_POINT('',(2.751809375,53.659913408,-0.1));
#4124=B_SPLINE_CURVE_WITH_KNOTS('',2,(#4119,#4120,#4121,#4122,#4123),.UNSPECIFIED.,.F.,.F.,(3,2,3),(0.,0.264193758,0.528387516),.UNSPECIFIED.);
#4125=EDGE_CURVE('',#4112,#4075,#4124,.T.);
#4126=ORIENTED_EDGE('',*,*,#4125,.T.);
#4127=ORIENTED_EDGE('',*,*,#4080,.T.);
#4128=EDGE_LOOP('',(#4110,#4118,#4126,#4127));
#4129=FACE_BOUND('',#4128,.T.);
#4130=ADVANCED_FACE('',(#4129),#4109,.T.);
#4131=CARTESIAN_POINT('',(2.667873051,54.531114565,-0.1));
#4132=DIRECTION('',(-1.,0.,0.));
#4133=DIRECTION('',(0.,0.,1.));
#4134=AXIS2_PLACEMENT_3D('',#4131,#4132,#4133);
#4135=PLANE('',#4134);
#4136=ORIENTED_EDGE('',*,*,#3605,.F.);
#4137=CARTESIAN_POINT('',(2.667873051,55.108538589,-0.1));
#4138=VERTEX_POINT('',#4137);
#4139=CARTESIAN_POINT('',(2.667873051,55.108538589,-0.1));
#4140=DIRECTION('',(0.,0.,1.));
#4141=VECTOR('',#4140,0.1);
#4142=LINE('',#4139,#4141);
#4143=EDGE_CURVE('',#4138,#3594,#4142,.T.);
#4144=ORIENTED_EDGE('',*,*,#4143,.F.);
#4145=CARTESIAN_POINT('',(2.667873051,55.108538589,-0.1));
#4146=DIRECTION('',(0.,-1.,0.));
#4147=VECTOR('',#4146,1.154848046);
#4148=LINE('',#4145,#4147);
#4149=EDGE_CURVE('',#4138,#4112,#4148,.T.);
#4150=ORIENTED_EDGE('',*,*,#4149,.T.);
#4151=ORIENTED_EDGE('',*,*,#4117,.T.);
#4152=EDGE_LOOP('',(#4136,#4144,#4150,#4151));
#4153=FACE_BOUND('',#4152,.T.);
#4154=ADVANCED_FACE('',(#4153),#4135,.T.);
#4155=CARTESIAN_POINT('',(2.696816611,55.299566085,-0.1));
#4156=CARTESIAN_POINT('',(2.696816611,55.299566085,0.));
#4157=CARTESIAN_POINT('',(2.667873051,55.240231787,-0.1));
#4158=CARTESIAN_POINT('',(2.667873051,55.240231787,0.));
#4159=CARTESIAN_POINT('',(2.667873051,55.108538589,-0.1));
#4160=CARTESIAN_POINT('',(2.667873051,55.108538589,0.));
#4161=B_SPLINE_SURFACE_WITH_KNOTS('',2,1,((#4155,#4156),(#4157,#4158),(#4159,#4160)),.UNSPECIFIED.,.F.,.F.,.U.,(3,3),(2,2),(0.859125385,1.),(0.,1.),.UNSPECIFIED.);
#4162=ORIENTED_EDGE('',*,*,#3599,.F.);
#4163=CARTESIAN_POINT('',(2.696816611,55.299566085,-0.1));
#4164=VERTEX_POINT('',#4163);
#4165=CARTESIAN_POINT('',(2.696816611,55.299566085,-0.1));
#4166=DIRECTION('',(0.,0.,1.));
#4167=VECTOR('',#4166,0.1);
#4168=LINE('',#4165,#4167);
#4169=EDGE_CURVE('',#4164,#3578,#4168,.T.);
#4170=ORIENTED_EDGE('',*,*,#4169,.F.);
#4171=CARTESIAN_POINT('',(2.696816611,55.299566085,-0.1));
#4172=CARTESIAN_POINT('',(2.667873051,55.240231787,-0.1));
#4173=CARTESIAN_POINT('',(2.667873051,55.108538589,-0.1));
#4174=B_SPLINE_CURVE_WITH_KNOTS('',2,(#4171,#4172,#4173),.UNSPECIFIED.,.F.,.F.,(3,3),(0.859125385,1.),.UNSPECIFIED.);
#4175=EDGE_CURVE('',#4164,#4138,#4174,.T.);
#4176=ORIENTED_EDGE('',*,*,#4175,.T.);
#4177=ORIENTED_EDGE('',*,*,#4143,.T.);
#4178=EDGE_LOOP('',(#4162,#4170,#4176,#4177));
#4179=FACE_BOUND('',#4178,.T.);
#4180=ADVANCED_FACE('',(#4179),#4161,.T.);
#4181=CARTESIAN_POINT('',(3.437771748,54.949349008,-0.1));
#4182=CARTESIAN_POINT('',(3.437771748,54.949349008,0.));
#4183=CARTESIAN_POINT('',(3.394356408,55.098408343,-0.1));
#4184=CARTESIAN_POINT('',(3.394356408,55.098408343,0.));
#4185=CARTESIAN_POINT('',(3.319826741,55.206946693,-0.1));
#4186=CARTESIAN_POINT('',(3.319826741,55.206946693,0.));
#4187=CARTESIAN_POINT('',(3.245297074,55.315485043,-0.1));
#4188=CARTESIAN_POINT('',(3.245297074,55.315485043,0.));
#4189=CARTESIAN_POINT('',(3.146165381,55.374095752,-0.1));
#4190=CARTESIAN_POINT('',(3.146165381,55.374095752,0.));
#4191=CARTESIAN_POINT('',(3.047033687,55.432706461,-0.1));
#4192=CARTESIAN_POINT('',(3.047033687,55.432706461,0.));
#4193=CARTESIAN_POINT('',(2.938495337,55.432706461,-0.1));
#4194=CARTESIAN_POINT('',(2.938495337,55.432706461,0.));
#4195=CARTESIAN_POINT('',(2.853111835,55.432706461,-0.1));
#4196=CARTESIAN_POINT('',(2.853111835,55.432706461,0.));
#4197=CARTESIAN_POINT('',(2.790159592,55.3972506,-0.1));
#4198=CARTESIAN_POINT('',(2.790159592,55.3972506,0.));
#4199=CARTESIAN_POINT('',(2.727207349,55.361794739,-0.1));
#4200=CARTESIAN_POINT('',(2.727207349,55.361794739,0.));
#4201=CARTESIAN_POINT('',(2.696816611,55.299566085,-0.1));
#4202=CARTESIAN_POINT('',(2.696816611,55.299566085,0.));
#4203=B_SPLINE_SURFACE_WITH_KNOTS('',2,1,((#4181,#4182),(#4183,#4184),(#4185,#4186),(#4187,#4188),(#4189,#4190),(#4191,#4192),(#4193,#4194),(#4195,#4196),(#4197,#4198),(#4199,#4200),(#4201,#4202)),.UNSPECIFIED.,.F.,.F.,.U.,(3,2,2,2,2,3),(2,2),(0.,0.187855405,0.37571081,0.563566215,0.7113458,0.859125385),(0.,1.),.UNSPECIFIED.);
#4204=ORIENTED_EDGE('',*,*,#3591,.F.);
#4205=CARTESIAN_POINT('',(3.437771748,54.949349008,-0.1));
#4206=VERTEX_POINT('',#4205);
#4207=CARTESIAN_POINT('',(3.437771748,54.949349008,-0.1));
#4208=DIRECTION('',(0.,0.,1.));
#4209=VECTOR('',#4208,0.1);
#4210=LINE('',#4207,#4209);
#4211=EDGE_CURVE('',#4206,#3570,#4210,.T.);
#4212=ORIENTED_EDGE('',*,*,#4211,.F.);
#4213=CARTESIAN_POINT('',(3.437771748,54.949349008,-0.1));
#4214=CARTESIAN_POINT('',(3.394356408,55.098408343,-0.1));
#4215=CARTESIAN_POINT('',(3.319826741,55.206946693,-0.1));
#4216=CARTESIAN_POINT('',(3.245297074,55.315485043,-0.1));
#4217=CARTESIAN_POINT('',(3.146165381,55.374095752,-0.1));
#4218=CARTESIAN_POINT('',(3.047033687,55.432706461,-0.1));
#4219=CARTESIAN_POINT('',(2.938495337,55.432706461,-0.1));
#4220=CARTESIAN_POINT('',(2.853111835,55.432706461,-0.1));
#4221=CARTESIAN_POINT('',(2.790159592,55.3972506,-0.1));
#4222=CARTESIAN_POINT('',(2.727207349,55.361794739,-0.1));
#4223=CARTESIAN_POINT('',(2.696816611,55.299566085,-0.1));
#4224=B_SPLINE_CURVE_WITH_KNOTS('',2,(#4213,#4214,#4215,#4216,#4217,#4218,#4219,#4220,#4221,#4222,#4223),.UNSPECIFIED.,.F.,.F.,(3,2,2,2,2,3),(0.,0.187855405,0.37571081,0.563566215,0.7113458,0.859125385),.UNSPECIFIED.);
#4225=EDGE_CURVE('',#4206,#4164,#4224,.T.);
#4226=ORIENTED_EDGE('',*,*,#4225,.T.);
#4227=ORIENTED_EDGE('',*,*,#4169,.T.);
#4228=EDGE_LOOP('',(#4204,#4212,#4226,#4227));
#4229=FACE_BOUND('',#4228,.T.);
#4230=ADVANCED_FACE('',(#4229),#4203,.T.);
#4231=CARTESIAN_POINT('',(3.460926596,54.949349008,-0.1));
#4232=DIRECTION('',(0.,1.,0.));
#4233=DIRECTION('',(0.,0.,1.));
#4234=AXIS2_PLACEMENT_3D('',#4231,#4232,#4233);
#4235=PLANE('',#4234);
#4236=ORIENTED_EDGE('',*,*,#3575,.F.);
#4237=CARTESIAN_POINT('',(3.484081444,54.949349008,-0.1));
#4238=VERTEX_POINT('',#4237);
#4239=CARTESIAN_POINT('',(3.484081444,54.949349008,-0.1));
#4240=DIRECTION('',(0.,0.,1.));
#4241=VECTOR('',#4240,0.1);
#4242=LINE('',#4239,#4241);
#4243=EDGE_CURVE('',#4238,#3562,#4242,.T.);
#4244=ORIENTED_EDGE('',*,*,#4243,.F.);
#4245=CARTESIAN_POINT('',(3.484081444,54.949349008,-0.1));
#4246=DIRECTION('',(-1.,0.,0.));
#4247=VECTOR('',#4246,0.046309696);
#4248=LINE('',#4245,#4247);
#4249=EDGE_CURVE('',#4238,#4206,#4248,.T.);
#4250=ORIENTED_EDGE('',*,*,#4249,.T.);
#4251=ORIENTED_EDGE('',*,*,#4211,.T.);
#4252=EDGE_LOOP('',(#4236,#4244,#4250,#4251));
#4253=FACE_BOUND('',#4252,.T.);
#4254=ADVANCED_FACE('',(#4253),#4235,.T.);
#4255=CARTESIAN_POINT('',(3.461650185,55.218524117,-0.1));
#4256=DIRECTION('',(-0.996545758,-0.08304548,0.));
#4257=DIRECTION('',(0.08304548,-0.996545758,0.));
#4258=AXIS2_PLACEMENT_3D('',#4255,#4256,#4257);
#4259=PLANE('',#4258);
#4260=ORIENTED_EDGE('',*,*,#3567,.F.);
#4261=CARTESIAN_POINT('',(3.439218926,55.487699225,-0.1));
#4262=VERTEX_POINT('',#4261);
#4263=CARTESIAN_POINT('',(3.439218926,55.487699225,-0.1));
#4264=DIRECTION('',(0.,0.,1.));
#4265=VECTOR('',#4264,0.1);
#4266=LINE('',#4263,#4265);
#4267=EDGE_CURVE('',#4262,#3554,#4266,.T.);
#4268=ORIENTED_EDGE('',*,*,#4267,.F.);
#4269=CARTESIAN_POINT('',(3.439218926,55.487699225,-0.1));
#4270=DIRECTION('',(0.08304548,-0.996545758,0.));
#4271=VECTOR('',#4270,0.540216255);
#4272=LINE('',#4269,#4271);
#4273=EDGE_CURVE('',#4262,#4238,#4272,.T.);
#4274=ORIENTED_EDGE('',*,*,#4273,.T.);
#4275=ORIENTED_EDGE('',*,*,#4243,.T.);
#4276=EDGE_LOOP('',(#4260,#4268,#4274,#4275));
#4277=FACE_BOUND('',#4276,.T.);
#4278=ADVANCED_FACE('',(#4277),#4259,.T.);
#4279=CARTESIAN_POINT('',(2.500000402,55.487699225,-0.1));
#4280=DIRECTION('',(0.,-1.,0.));
#4281=DIRECTION('',(0.,0.,-1.));
#4282=AXIS2_PLACEMENT_3D('',#4279,#4280,#4281);
#4283=PLANE('',#4282);
#4284=ORIENTED_EDGE('',*,*,#3559,.F.);
#4285=CARTESIAN_POINT('',(1.560781878,55.487699225,-0.1));
#4286=VERTEX_POINT('',#4285);
#4287=CARTESIAN_POINT('',(1.560781878,55.487699225,-0.1));
#4288=DIRECTION('',(0.,0.,1.));
#4289=VECTOR('',#4288,0.1);
#4290=LINE('',#4287,#4289);
#4291=EDGE_CURVE('',#4286,#3546,#4290,.T.);
#4292=ORIENTED_EDGE('',*,*,#4291,.F.);
#4293=CARTESIAN_POINT('',(1.560781878,55.487699225,-0.1));
#4294=DIRECTION('',(1.,0.,-0.));
#4295=VECTOR('',#4294,1.878437048);
#4296=LINE('',#4293,#4295);
#4297=EDGE_CURVE('',#4286,#4262,#4296,.T.);
#4298=ORIENTED_EDGE('',*,*,#4297,.T.);
#4299=ORIENTED_EDGE('',*,*,#4267,.T.);
#4300=EDGE_LOOP('',(#4284,#4292,#4298,#4299));
#4301=FACE_BOUND('',#4300,.T.);
#4302=ADVANCED_FACE('',(#4301),#4283,.T.);
#4303=CARTESIAN_POINT('',(1.538350619,55.218524117,-0.1));
#4304=DIRECTION('',(0.996545758,-0.08304548,0.));
#4305=DIRECTION('',(0.08304548,0.996545758,0.));
#4306=AXIS2_PLACEMENT_3D('',#4303,#4304,#4305);
#4307=PLANE('',#4306);
#4308=ORIENTED_EDGE('',*,*,#3551,.F.);
#4309=CARTESIAN_POINT('',(1.51591936,54.949349008,-0.1));
#4310=VERTEX_POINT('',#4309);
#4311=CARTESIAN_POINT('',(1.51591936,54.949349008,-0.1));
#4312=DIRECTION('',(0.,0.,1.));
#4313=VECTOR('',#4312,0.1);
#4314=LINE('',#4311,#4313);
#4315=EDGE_CURVE('',#4310,#3538,#4314,.T.);
#4316=ORIENTED_EDGE('',*,*,#4315,.F.);
#4317=CARTESIAN_POINT('',(1.51591936,54.949349008,-0.1));
#4318=DIRECTION('',(0.08304548,0.996545758,0.));
#4319=VECTOR('',#4318,0.540216255);
#4320=LINE('',#4317,#4319);
#4321=EDGE_CURVE('',#4310,#4286,#4320,.T.);
#4322=ORIENTED_EDGE('',*,*,#4321,.T.);
#4323=ORIENTED_EDGE('',*,*,#4291,.T.);
#4324=EDGE_LOOP('',(#4308,#4316,#4322,#4323));
#4325=FACE_BOUND('',#4324,.T.);
#4326=ADVANCED_FACE('',(#4325),#4307,.T.);
#4327=CARTESIAN_POINT('',(1.538350619,54.949349008,-0.1));
#4328=DIRECTION('',(0.,1.,0.));
#4329=DIRECTION('',(0.,0.,1.));
#4330=AXIS2_PLACEMENT_3D('',#4327,#4328,#4329);
#4331=PLANE('',#4330);
#4332=ORIENTED_EDGE('',*,*,#3543,.F.);
#4333=CARTESIAN_POINT('',(1.560781878,54.949349008,-0.1));
#4334=VERTEX_POINT('',#4333);
#4335=CARTESIAN_POINT('',(1.560781878,54.949349008,-0.1));
#4336=DIRECTION('',(0.,0.,1.));
#4337=VECTOR('',#4336,0.1);
#4338=LINE('',#4335,#4337);
#4339=EDGE_CURVE('',#4334,#3524,#4338,.T.);
#4340=ORIENTED_EDGE('',*,*,#4339,.F.);
#4341=CARTESIAN_POINT('',(1.560781878,54.949349008,-0.1));
#4342=DIRECTION('',(-1.,0.,0.));
#4343=VECTOR('',#4342,0.044862518);
#4344=LINE('',#4341,#4343);
#4345=EDGE_CURVE('',#4334,#4310,#4344,.T.);
#4346=ORIENTED_EDGE('',*,*,#4345,.T.);
#4347=ORIENTED_EDGE('',*,*,#4315,.T.);
#4348=EDGE_LOOP('',(#4332,#4340,#4346,#4347));
#4349=FACE_BOUND('',#4348,.T.);
#4350=ADVANCED_FACE('',(#4349),#4331,.T.);
#4351=CARTESIAN_POINT('',(2.293053948,55.316932221,-0.1));
#4352=CARTESIAN_POINT('',(2.293053948,55.316932221,0.));
#4353=CARTESIAN_POINT('',(2.26266321,55.370477807,-0.1));
#4354=CARTESIAN_POINT('',(2.26266321,55.370477807,0.));
#4355=CARTESIAN_POINT('',(2.201881734,55.401592134,-0.1));
#4356=CARTESIAN_POINT('',(2.201881734,55.401592134,0.));
#4357=CARTESIAN_POINT('',(2.141100258,55.432706461,-0.1));
#4358=CARTESIAN_POINT('',(2.141100258,55.432706461,0.));
#4359=CARTESIAN_POINT('',(2.061505467,55.432706461,-0.1));
#4360=CARTESIAN_POINT('',(2.061505467,55.432706461,0.));
#4361=CARTESIAN_POINT('',(1.897974353,55.432706461,-0.1));
#4362=CARTESIAN_POINT('',(1.897974353,55.432706461,0.));
#4363=CARTESIAN_POINT('',(1.76266321,55.30318403,-0.1));
#4364=CARTESIAN_POINT('',(1.76266321,55.30318403,0.));
#4365=CARTESIAN_POINT('',(1.627352067,55.173661599,-0.1));
#4366=CARTESIAN_POINT('',(1.627352067,55.173661599,0.));
#4367=CARTESIAN_POINT('',(1.560781878,54.949349008,-0.1));
#4368=CARTESIAN_POINT('',(1.560781878,54.949349008,0.));
#4369=B_SPLINE_SURFACE_WITH_KNOTS('',2,1,((#4351,#4352),(#4353,#4354),(#4355,#4356),(#4357,#4358),(#4359,#4360),(#4361,#4362),(#4363,#4364),(#4365,#4366),(#4367,#4368)),.UNSPECIFIED.,.F.,.F.,.U.,(3,2,2,2,3),(2,2),(0.167993607,0.30418513,0.440376653,0.720188326,1.),(0.,1.),.UNSPECIFIED.);
#4370=ORIENTED_EDGE('',*,*,#3535,.F.);
#4371=CARTESIAN_POINT('',(2.293053948,55.316932221,-0.1));
#4372=VERTEX_POINT('',#4371);
#4373=CARTESIAN_POINT('',(2.293053948,55.316932221,-0.1));
#4374=DIRECTION('',(0.,0.,1.));
#4375=VECTOR('',#4374,0.1);
#4376=LINE('',#4373,#4375);
#4377=EDGE_CURVE('',#4372,#3516,#4376,.T.);
#4378=ORIENTED_EDGE('',*,*,#4377,.F.);
#4379=CARTESIAN_POINT('',(2.293053948,55.316932221,-0.1));
#4380=CARTESIAN_POINT('',(2.26266321,55.370477807,-0.1));
#4381=CARTESIAN_POINT('',(2.201881734,55.401592134,-0.1));
#4382=CARTESIAN_POINT('',(2.141100258,55.432706461,-0.1));
#4383=CARTESIAN_POINT('',(2.061505467,55.432706461,-0.1));
#4384=CARTESIAN_POINT('',(1.897974353,55.432706461,-0.1));
#4385=CARTESIAN_POINT('',(1.76266321,55.30318403,-0.1));
#4386=CARTESIAN_POINT('',(1.627352067,55.173661599,-0.1));
#4387=CARTESIAN_POINT('',(1.560781878,54.949349008,-0.1));
#4388=B_SPLINE_CURVE_WITH_KNOTS('',2,(#4379,#4380,#4381,#4382,#4383,#4384,#4385,#4386,#4387),.UNSPECIFIED.,.F.,.F.,(3,2,2,2,3),(0.167993607,0.30418513,0.440376653,0.720188326,1.),.UNSPECIFIED.);
#4389=EDGE_CURVE('',#4372,#4334,#4388,.T.);
#4390=ORIENTED_EDGE('',*,*,#4389,.T.);
#4391=ORIENTED_EDGE('',*,*,#4339,.T.);
#4392=EDGE_LOOP('',(#4370,#4378,#4390,#4391));
#4393=FACE_BOUND('',#4392,.T.);
#4394=ADVANCED_FACE('',(#4393),#4369,.T.);
#4395=CARTESIAN_POINT('',(2.332127754,55.108538589,-0.1));
#4396=CARTESIAN_POINT('',(2.332127754,55.108538589,0.));
#4397=CARTESIAN_POINT('',(2.332127754,55.251809211,-0.1));
#4398=CARTESIAN_POINT('',(2.332127754,55.251809211,0.));
#4399=CARTESIAN_POINT('',(2.293053948,55.316932221,-0.1));
#4400=CARTESIAN_POINT('',(2.293053948,55.316932221,0.));
#4401=B_SPLINE_SURFACE_WITH_KNOTS('',2,1,((#4395,#4396),(#4397,#4398),(#4399,#4400)),.UNSPECIFIED.,.F.,.F.,.U.,(3,3),(2,2),(0.,0.167993607),(0.,1.),.UNSPECIFIED.);
#4402=ORIENTED_EDGE('',*,*,#3521,.F.);
#4403=CARTESIAN_POINT('',(2.332127754,55.108538589,-0.1));
#4404=VERTEX_POINT('',#4403);
#4405=CARTESIAN_POINT('',(2.332127754,55.108538589,-0.1));
#4406=DIRECTION('',(0.,0.,1.));
#4407=VECTOR('',#4406,0.1);
#4408=LINE('',#4405,#4407);
#4409=EDGE_CURVE('',#4404,#3508,#4408,.T.);
#4410=ORIENTED_EDGE('',*,*,#4409,.F.);
#4411=CARTESIAN_POINT('',(2.332127754,55.108538589,-0.1));
#4412=CARTESIAN_POINT('',(2.332127754,55.251809211,-0.1));
#4413=CARTESIAN_POINT('',(2.293053948,55.316932221,-0.1));
#4414=B_SPLINE_CURVE_WITH_KNOTS('',2,(#4411,#4412,#4413),.UNSPECIFIED.,.F.,.F.,(3,3),(0.,0.167993607),.UNSPECIFIED.);
#4415=EDGE_CURVE('',#4404,#4372,#4414,.T.);
#4416=ORIENTED_EDGE('',*,*,#4415,.T.);
#4417=ORIENTED_EDGE('',*,*,#4377,.T.);
#4418=EDGE_LOOP('',(#4402,#4410,#4416,#4417));
#4419=FACE_BOUND('',#4418,.T.);
#4420=ADVANCED_FACE('',(#4419),#4401,.T.);
#4421=CARTESIAN_POINT('',(2.332127754,54.531114565,-0.1));
#4422=DIRECTION('',(1.,0.,0.));
#4423=DIRECTION('',(0.,0.,-1.));
#4424=AXIS2_PLACEMENT_3D('',#4421,#4422,#4423);
#4425=PLANE('',#4424);
#4426=ORIENTED_EDGE('',*,*,#3513,.F.);
#4427=CARTESIAN_POINT('',(2.332127754,53.953690542,-0.1));
#4428=VERTEX_POINT('',#4427);
#4429=CARTESIAN_POINT('',(2.332127754,53.953690542,-0.1));
#4430=DIRECTION('',(0.,0.,1.));
#4431=VECTOR('',#4430,0.1);
#4432=LINE('',#4429,#4431);
#4433=EDGE_CURVE('',#4428,#3498,#4432,.T.);
#4434=ORIENTED_EDGE('',*,*,#4433,.F.);
#4435=CARTESIAN_POINT('',(2.332127754,53.953690542,-0.1));
#4436=DIRECTION('',(0.,1.,0.));
#4437=VECTOR('',#4436,1.154848046);
#4438=LINE('',#4435,#4437);
#4439=EDGE_CURVE('',#4428,#4404,#4438,.T.);
#4440=ORIENTED_EDGE('',*,*,#4439,.T.);
#4441=ORIENTED_EDGE('',*,*,#4409,.T.);
#4442=EDGE_LOOP('',(#4426,#4434,#4440,#4441));
#4443=FACE_BOUND('',#4442,.T.);
#4444=ADVANCED_FACE('',(#4443),#4425,.T.);
#4445=CARTESIAN_POINT('',(2.264110388,53.675832366,-0.1));
#4446=CARTESIAN_POINT('',(2.264110388,53.675832366,0.));
#4447=CARTESIAN_POINT('',(2.303184194,53.717800528,-0.1));
#4448=CARTESIAN_POINT('',(2.303184194,53.717800528,0.));
#4449=CARTESIAN_POINT('',(2.317655974,53.778582004,-0.1));
#4450=CARTESIAN_POINT('',(2.317655974,53.778582004,0.));
#4451=CARTESIAN_POINT('',(2.332127754,53.83936348,-0.1));
#4452=CARTESIAN_POINT('',(2.332127754,53.83936348,0.));
#4453=CARTESIAN_POINT('',(2.332127754,53.953690542,-0.1));
#4454=CARTESIAN_POINT('',(2.332127754,53.953690542,0.));
#4455=B_SPLINE_SURFACE_WITH_KNOTS('',2,1,((#4445,#4446),(#4447,#4448),(#4449,#4450),(#4451,#4452),(#4453,#4454)),.UNSPECIFIED.,.F.,.F.,.U.,(3,2,3),(2,2),(0.525394473,0.762697236,1.),(0.,1.),.UNSPECIFIED.);
#4456=ORIENTED_EDGE('',*,*,#3505,.F.);
#4457=CARTESIAN_POINT('',(2.264110388,53.675832366,-0.1));
#4458=VERTEX_POINT('',#4457);
#4459=CARTESIAN_POINT('',(2.264110388,53.675832366,-0.1));
#4460=DIRECTION('',(0.,0.,1.));
#4461=VECTOR('',#4460,0.1);
#4462=LINE('',#4459,#4461);
#4463=EDGE_CURVE('',#4458,#3490,#4462,.T.);
#4464=ORIENTED_EDGE('',*,*,#4463,.F.);
#4465=CARTESIAN_POINT('',(2.264110388,53.675832366,-0.1));
#4466=CARTESIAN_POINT('',(2.303184194,53.717800528,-0.1));
#4467=CARTESIAN_POINT('',(2.317655974,53.778582004,-0.1));
#4468=CARTESIAN_POINT('',(2.332127754,53.83936348,-0.1));
#4469=CARTESIAN_POINT('',(2.332127754,53.953690542,-0.1));
#4470=B_SPLINE_CURVE_WITH_KNOTS('',2,(#4465,#4466,#4467,#4468,#4469),.UNSPECIFIED.,.F.,.F.,(3,2,3),(0.525394473,0.762697236,1.),.UNSPECIFIED.);
#4471=EDGE_CURVE('',#4458,#4428,#4470,.T.);
#4472=ORIENTED_EDGE('',*,*,#4471,.T.);
#4473=ORIENTED_EDGE('',*,*,#4433,.T.);
#4474=EDGE_LOOP('',(#4456,#4464,#4472,#4473));
#4475=FACE_BOUND('',#4474,.T.);
#4476=ADVANCED_FACE('',(#4475),#4455,.T.);
#4477=CARTESIAN_POINT('',(1.989146567,53.55716377,-0.1));
#4478=CARTESIAN_POINT('',(1.989146567,53.55716377,0.));
#4479=CARTESIAN_POINT('',(2.17727961,53.58321296,-0.1));
#4480=CARTESIAN_POINT('',(2.17727961,53.58321296,0.));
#4481=CARTESIAN_POINT('',(2.264110298,53.67583227,-0.1));
#4482=CARTESIAN_POINT('',(2.264110298,53.67583227,0.));
#4483=B_SPLINE_SURFACE_WITH_KNOTS('',2,1,((#4477,#4478),(#4479,#4480),(#4481,#4482)),.UNSPECIFIED.,.F.,.F.,.U.,(3,3),(2,2),(0.,0.525394201),(0.,1.),.UNSPECIFIED.);
#4484=ORIENTED_EDGE('',*,*,#3495,.F.);
#4485=CARTESIAN_POINT('',(1.989146567,53.55716377,-0.1));
#4486=VERTEX_POINT('',#4485);
#4487=CARTESIAN_POINT('',(1.989146567,53.55716377,-0.1));
#4488=DIRECTION('',(0.,0.,1.));
#4489=VECTOR('',#4488,0.1);
#4490=LINE('',#4487,#4489);
#4491=EDGE_CURVE('',#4486,#3482,#4490,.T.);
#4492=ORIENTED_EDGE('',*,*,#4491,.F.);
#4493=CARTESIAN_POINT('',(1.989146567,53.55716377,-0.1));
#4494=CARTESIAN_POINT('',(2.177279708,53.583212974,-0.1));
#4495=CARTESIAN_POINT('',(2.264110388,53.675832366,-0.1));
#4496=B_SPLINE_CURVE_WITH_KNOTS('',2,(#4493,#4494,#4495),.UNSPECIFIED.,.F.,.F.,(3,3),(0.,0.525394473),.UNSPECIFIED.);
#4497=EDGE_CURVE('',#4486,#4458,#4496,.T.);
#4498=ORIENTED_EDGE('',*,*,#4497,.T.);
#4499=ORIENTED_EDGE('',*,*,#4463,.T.);
#4500=EDGE_LOOP('',(#4484,#4492,#4498,#4499));
#4501=FACE_BOUND('',#4500,.T.);
#4502=ADVANCED_FACE('',(#4501),#4483,.T.);
#4503=CARTESIAN_POINT('',(1.989146567,53.53473251,-0.1));
#4504=DIRECTION('',(1.,0.,0.));
#4505=DIRECTION('',(0.,0.,-1.));
#4506=AXIS2_PLACEMENT_3D('',#4503,#4504,#4505);
#4507=PLANE('',#4506);
#4508=ORIENTED_EDGE('',*,*,#3487,.F.);
#4509=CARTESIAN_POINT('',(1.989146567,53.512301251,-0.1));
#4510=VERTEX_POINT('',#4509);
#4511=CARTESIAN_POINT('',(1.989146567,53.512301251,-0.1));
#4512=DIRECTION('',(0.,0.,1.));
#4513=VECTOR('',#4512,0.1);
#4514=LINE('',#4511,#4513);
#4515=EDGE_CURVE('',#4510,#3474,#4514,.T.);
#4516=ORIENTED_EDGE('',*,*,#4515,.F.);
#4517=CARTESIAN_POINT('',(1.989146567,53.512301251,-0.1));
#4518=DIRECTION('',(0.,1.,0.));
#4519=VECTOR('',#4518,0.044862518);
#4520=LINE('',#4517,#4519);
#4521=EDGE_CURVE('',#4510,#4486,#4520,.T.);
#4522=ORIENTED_EDGE('',*,*,#4521,.T.);
#4523=ORIENTED_EDGE('',*,*,#4491,.T.);
#4524=EDGE_LOOP('',(#4508,#4516,#4522,#4523));
#4525=FACE_BOUND('',#4524,.T.);
#4526=ADVANCED_FACE('',(#4525),#4507,.T.);
#4527=CARTESIAN_POINT('',(2.499276813,53.512301251,-0.1));
#4528=DIRECTION('',(0.,1.,0.));
#4529=DIRECTION('',(0.,0.,1.));
#4530=AXIS2_PLACEMENT_3D('',#4527,#4528,#4529);
#4531=PLANE('',#4530);
#4532=ORIENTED_EDGE('',*,*,#3479,.F.);
#4533=CARTESIAN_POINT('',(3.009407059,53.512301251,-0.1));
#4534=VERTEX_POINT('',#4533);
#4535=CARTESIAN_POINT('',(3.009407059,53.512301251,-0.1));
#4536=DIRECTION('',(0.,0.,1.));
#4537=VECTOR('',#4536,0.1);
#4538=LINE('',#4535,#4537);
#4539=EDGE_CURVE('',#4534,#3466,#4538,.T.);
#4540=ORIENTED_EDGE('',*,*,#4539,.F.);
#4541=CARTESIAN_POINT('',(3.009407059,53.512301251,-0.1));
#4542=DIRECTION('',(-1.,0.,0.));
#4543=VECTOR('',#4542,1.020260492);
#4544=LINE('',#4541,#4543);
#4545=EDGE_CURVE('',#4534,#4510,#4544,.T.);
#4546=ORIENTED_EDGE('',*,*,#4545,.T.);
#4547=ORIENTED_EDGE('',*,*,#4515,.T.);
#4548=EDGE_LOOP('',(#4532,#4540,#4546,#4547));
#4549=FACE_BOUND('',#4548,.T.);
#4550=ADVANCED_FACE('',(#4549),#4531,.T.);
#4551=CARTESIAN_POINT('',(1.588278261,55.221418473,-0.1));
#4552=CARTESIAN_POINT('',(1.588278261,55.221418473,0.));
#4553=CARTESIAN_POINT('',(1.650506915,55.312590687,-0.1));
#4554=CARTESIAN_POINT('',(1.650506915,55.312590687,0.));
#4555=CARTESIAN_POINT('',(1.693922255,55.354558849,-0.1));
#4556=CARTESIAN_POINT('',(1.693922255,55.354558849,0.));
#4557=CARTESIAN_POINT('',(1.737337595,55.396527011,-0.1));
#4558=CARTESIAN_POINT('',(1.737337595,55.396527011,0.));
#4559=CARTESIAN_POINT('',(1.806802139,55.434153639,-0.1));
#4560=CARTESIAN_POINT('',(1.806802139,55.434153639,0.));
#4561=B_SPLINE_SURFACE_WITH_KNOTS('',2,1,((#4551,#4552),(#4553,#4554),(#4555,#4556),(#4557,#4558),(#4559,#4560)),.UNSPECIFIED.,.F.,.F.,.U.,(3,2,3),(2,2),(0.,0.5,1.),(0.,1.),.UNSPECIFIED.);
#4562=CARTESIAN_POINT('',(1.588278261,55.221418473,0.));
#4563=VERTEX_POINT('',#4562);
#4564=CARTESIAN_POINT('',(1.806802139,55.434153639,0.));
#4565=VERTEX_POINT('',#4564);
#4566=CARTESIAN_POINT('',(1.588278261,55.221418473,0.));
#4567=CARTESIAN_POINT('',(1.650506915,55.312590687,0.));
#4568=CARTESIAN_POINT('',(1.693922255,55.354558849,0.));
#4569=CARTESIAN_POINT('',(1.737337595,55.396527011,0.));
#4570=CARTESIAN_POINT('',(1.806802139,55.434153639,0.));
#4571=B_SPLINE_CURVE_WITH_KNOTS('',2,(#4566,#4567,#4568,#4569,#4570),.UNSPECIFIED.,.F.,.F.,(3,2,3),(0.,0.5,1.),.UNSPECIFIED.);
#4572=EDGE_CURVE('',#4563,#4565,#4571,.T.);
#4573=ORIENTED_EDGE('',*,*,#4572,.F.);
#4574=CARTESIAN_POINT('',(1.588278261,55.221418473,-0.1));
#4575=VERTEX_POINT('',#4574);
#4576=CARTESIAN_POINT('',(1.588278261,55.221418473,-0.1));
#4577=DIRECTION('',(0.,0.,1.));
#4578=VECTOR('',#4577,0.1);
#4579=LINE('',#4576,#4578);
#4580=EDGE_CURVE('',#4575,#4563,#4579,.T.);
#4581=ORIENTED_EDGE('',*,*,#4580,.F.);
#4582=CARTESIAN_POINT('',(1.806802139,55.434153639,-0.1));
#4583=VERTEX_POINT('',#4582);
#4584=CARTESIAN_POINT('',(1.588278261,55.221418473,-0.1));
#4585=CARTESIAN_POINT('',(1.650506915,55.312590687,-0.1));
#4586=CARTESIAN_POINT('',(1.693922255,55.354558849,-0.1));
#4587=CARTESIAN_POINT('',(1.737337595,55.396527011,-0.1));
#4588=CARTESIAN_POINT('',(1.806802139,55.434153639,-0.1));
#4589=B_SPLINE_CURVE_WITH_KNOTS('',2,(#4584,#4585,#4586,#4587,#4588),.UNSPECIFIED.,.F.,.F.,(3,2,3),(0.,0.5,1.),.UNSPECIFIED.);
#4590=EDGE_CURVE('',#4575,#4583,#4589,.T.);
#4591=ORIENTED_EDGE('',*,*,#4590,.T.);
#4592=CARTESIAN_POINT('',(1.806802139,55.434153639,-0.1));
#4593=DIRECTION('',(0.,0.,1.));
#4594=VECTOR('',#4593,0.1);
#4595=LINE('',#4592,#4594);
#4596=EDGE_CURVE('',#4583,#4565,#4595,.T.);
#4597=ORIENTED_EDGE('',*,*,#4596,.T.);
#4598=EDGE_LOOP('',(#4573,#4581,#4591,#4597));
#4599=FACE_BOUND('',#4598,.T.);
#4600=ADVANCED_FACE('',(#4599),#4561,.T.);
#4601=CARTESIAN_POINT('',(1.598408507,55.327786056,-0.1));
#4602=DIRECTION('',(-0.995495473,0.094809093,0.));
#4603=DIRECTION('',(-0.094809093,-0.995495473,0.));
#4604=AXIS2_PLACEMENT_3D('',#4601,#4602,#4603);
#4605=PLANE('',#4604);
#4606=CARTESIAN_POINT('',(1.608538753,55.434153639,0.));
#4607=VERTEX_POINT('',#4606);
#4608=CARTESIAN_POINT('',(1.608538753,55.434153639,0.));
#4609=DIRECTION('',(-0.094809093,-0.995495473,0.));
#4610=VECTOR('',#4609,0.213697774);
#4611=LINE('',#4608,#4610);
#4612=EDGE_CURVE('',#4607,#4563,#4611,.T.);
#4613=ORIENTED_EDGE('',*,*,#4612,.F.);
#4614=CARTESIAN_POINT('',(1.608538753,55.434153639,-0.1));
#4615=VERTEX_POINT('',#4614);
#4616=CARTESIAN_POINT('',(1.608538753,55.434153639,-0.1));
#4617=DIRECTION('',(0.,0.,1.));
#4618=VECTOR('',#4617,0.1);
#4619=LINE('',#4616,#4618);
#4620=EDGE_CURVE('',#4615,#4607,#4619,.T.);
#4621=ORIENTED_EDGE('',*,*,#4620,.F.);
#4622=CARTESIAN_POINT('',(1.608538753,55.434153639,-0.1));
#4623=DIRECTION('',(-0.094809093,-0.995495473,0.));
#4624=VECTOR('',#4623,0.213697774);
#4625=LINE('',#4622,#4624);
#4626=EDGE_CURVE('',#4615,#4575,#4625,.T.);
#4627=ORIENTED_EDGE('',*,*,#4626,.T.);
#4628=ORIENTED_EDGE('',*,*,#4580,.T.);
#4629=EDGE_LOOP('',(#4613,#4621,#4627,#4628));
#4630=FACE_BOUND('',#4629,.T.);
#4631=ADVANCED_FACE('',(#4630),#4605,.T.);
#4632=CARTESIAN_POINT('',(2.659913572,55.402315723,-0.1));
#4633=DIRECTION('',(0.593199038,-0.805055837,0.));
#4634=DIRECTION('',(0.805055837,0.593199038,0.));
#4635=AXIS2_PLACEMENT_3D('',#4632,#4633,#4634);
#4636=PLANE('',#4635);
#4637=CARTESIAN_POINT('',(2.618668999,55.371924985,0.));
#4638=VERTEX_POINT('',#4637);
#4639=CARTESIAN_POINT('',(2.701158145,55.432706461,0.));
#4640=VERTEX_POINT('',#4639);
#4641=CARTESIAN_POINT('',(2.618668999,55.371924985,0.));
#4642=DIRECTION('',(0.805055837,0.593199038,0.));
#4643=VECTOR('',#4642,0.102463882);
#4644=LINE('',#4641,#4643);
#4645=EDGE_CURVE('',#4638,#4640,#4644,.T.);
#4646=ORIENTED_EDGE('',*,*,#4645,.F.);
#4647=CARTESIAN_POINT('',(2.618668999,55.371924985,-0.1));
#4648=VERTEX_POINT('',#4647);
#4649=CARTESIAN_POINT('',(2.618668999,55.371924985,-0.1));
#4650=DIRECTION('',(0.,0.,1.));
#4651=VECTOR('',#4650,0.1);
#4652=LINE('',#4649,#4651);
#4653=EDGE_CURVE('',#4648,#4638,#4652,.T.);
#4654=ORIENTED_EDGE('',*,*,#4653,.F.);
#4655=CARTESIAN_POINT('',(2.701158145,55.432706461,-0.1));
#4656=VERTEX_POINT('',#4655);
#4657=CARTESIAN_POINT('',(2.618668999,55.371924985,-0.1));
#4658=DIRECTION('',(0.805055837,0.593199038,0.));
#4659=VECTOR('',#4658,0.102463882);
#4660=LINE('',#4657,#4659);
#4661=EDGE_CURVE('',#4648,#4656,#4660,.T.);
#4662=ORIENTED_EDGE('',*,*,#4661,.T.);
#4663=CARTESIAN_POINT('',(2.701158145,55.432706461,-0.1));
#4664=DIRECTION('',(0.,0.,1.));
#4665=VECTOR('',#4664,0.1);
#4666=LINE('',#4663,#4665);
#4667=EDGE_CURVE('',#4656,#4640,#4666,.T.);
#4668=ORIENTED_EDGE('',*,*,#4667,.T.);
#4669=EDGE_LOOP('',(#4646,#4654,#4662,#4668));
#4670=FACE_BOUND('',#4669,.T.);
#4671=ADVANCED_FACE('',(#4670),#4636,.T.);
#4672=CARTESIAN_POINT('',(2.540521386,55.248914855,-0.1));
#4673=CARTESIAN_POINT('',(2.540521386,55.248914855,0.));
#4674=CARTESIAN_POINT('',(2.540521386,55.292330195,-0.1));
#4675=CARTESIAN_POINT('',(2.540521386,55.292330195,0.));
#4676=CARTESIAN_POINT('',(2.556440344,55.316208632,-0.1));
#4677=CARTESIAN_POINT('',(2.556440344,55.316208632,0.));
#4678=CARTESIAN_POINT('',(2.572359302,55.340087069,-0.1));
#4679=CARTESIAN_POINT('',(2.572359302,55.340087069,0.));
#4680=CARTESIAN_POINT('',(2.618668999,55.371924985,-0.1));
#4681=CARTESIAN_POINT('',(2.618668999,55.371924985,0.));
#4682=B_SPLINE_SURFACE_WITH_KNOTS('',2,1,((#4672,#4673),(#4674,#4675),(#4676,#4677),(#4678,#4679),(#4680,#4681)),.UNSPECIFIED.,.F.,.F.,.U.,(3,2,3),(2,2),(0.,0.5,1.),(0.,1.),.UNSPECIFIED.);
#4683=CARTESIAN_POINT('',(2.540521386,55.248914855,0.));
#4684=VERTEX_POINT('',#4683);
#4685=CARTESIAN_POINT('',(2.540521386,55.248914855,0.));
#4686=CARTESIAN_POINT('',(2.540521386,55.292330195,0.));
#4687=CARTESIAN_POINT('',(2.556440344,55.316208632,0.));
#4688=CARTESIAN_POINT('',(2.572359302,55.340087069,0.));
#4689=CARTESIAN_POINT('',(2.618668999,55.371924985,0.));
#4690=B_SPLINE_CURVE_WITH_KNOTS('',2,(#4685,#4686,#4687,#4688,#4689),.UNSPECIFIED.,.F.,.F.,(3,2,3),(0.,0.5,1.),.UNSPECIFIED.);
#4691=EDGE_CURVE('',#4684,#4638,#4690,.T.);
#4692=ORIENTED_EDGE('',*,*,#4691,.F.);
#4693=CARTESIAN_POINT('',(2.540521386,55.248914855,-0.1));
#4694=VERTEX_POINT('',#4693);
#4695=CARTESIAN_POINT('',(2.540521386,55.248914855,-0.1));
#4696=DIRECTION('',(0.,0.,1.));
#4697=VECTOR('',#4696,0.1);
#4698=LINE('',#4695,#4697);
#4699=EDGE_CURVE('',#4694,#4684,#4698,.T.);
#4700=ORIENTED_EDGE('',*,*,#4699,.F.);
#4701=CARTESIAN_POINT('',(2.540521386,55.248914855,-0.1));
#4702=CARTESIAN_POINT('',(2.540521386,55.292330195,-0.1));
#4703=CARTESIAN_POINT('',(2.556440344,55.316208632,-0.1));
#4704=CARTESIAN_POINT('',(2.572359302,55.340087069,-0.1));
#4705=CARTESIAN_POINT('',(2.618668999,55.371924985,-0.1));
#4706=B_SPLINE_CURVE_WITH_KNOTS('',2,(#4701,#4702,#4703,#4704,#4705),.UNSPECIFIED.,.F.,.F.,(3,2,3),(0.,0.5,1.),.UNSPECIFIED.);
#4707=EDGE_CURVE('',#4694,#4648,#4706,.T.);
#4708=ORIENTED_EDGE('',*,*,#4707,.T.);
#4709=ORIENTED_EDGE('',*,*,#4653,.T.);
#4710=EDGE_LOOP('',(#4692,#4700,#4708,#4709));
#4711=FACE_BOUND('',#4710,.T.);
#4712=ADVANCED_FACE('',(#4711),#4682,.T.);
#4713=CARTESIAN_POINT('',(2.540521386,55.225036418,-0.1));
#4714=DIRECTION('',(1.,0.,0.));
#4715=DIRECTION('',(0.,0.,-1.));
#4716=AXIS2_PLACEMENT_3D('',#4713,#4714,#4715);
#4717=PLANE('',#4716);
#4718=CARTESIAN_POINT('',(2.540521386,55.201157981,0.));
#4719=VERTEX_POINT('',#4718);
#4720=CARTESIAN_POINT('',(2.540521386,55.201157981,0.));
#4721=DIRECTION('',(0.,1.,0.));
#4722=VECTOR('',#4721,0.047756874);
#4723=LINE('',#4720,#4722);
#4724=EDGE_CURVE('',#4719,#4684,#4723,.T.);
#4725=ORIENTED_EDGE('',*,*,#4724,.F.);
#4726=CARTESIAN_POINT('',(2.540521386,55.201157981,-0.1));
#4727=VERTEX_POINT('',#4726);
#4728=CARTESIAN_POINT('',(2.540521386,55.201157981,-0.1));
#4729=DIRECTION('',(0.,0.,1.));
#4730=VECTOR('',#4729,0.1);
#4731=LINE('',#4728,#4730);
#4732=EDGE_CURVE('',#4727,#4719,#4731,.T.);
#4733=ORIENTED_EDGE('',*,*,#4732,.F.);
#4734=CARTESIAN_POINT('',(2.540521386,55.201157981,-0.1));
#4735=DIRECTION('',(0.,1.,0.));
#4736=VECTOR('',#4735,0.047756874);
#4737=LINE('',#4734,#4736);
#4738=EDGE_CURVE('',#4727,#4694,#4737,.T.);
#4739=ORIENTED_EDGE('',*,*,#4738,.T.);
#4740=ORIENTED_EDGE('',*,*,#4699,.T.);
#4741=EDGE_LOOP('',(#4725,#4733,#4739,#4740));
#4742=FACE_BOUND('',#4741,.T.);
#4743=ADVANCED_FACE('',(#4742),#4717,.T.);
#4744=CARTESIAN_POINT('',(2.539074208,55.176555955,-0.1));
#4745=CARTESIAN_POINT('',(2.539074208,55.176555955,0.));
#4746=CARTESIAN_POINT('',(2.539074208,55.180897489,-0.1));
#4747=CARTESIAN_POINT('',(2.539074208,55.180897489,0.));
#4748=CARTESIAN_POINT('',(2.539797797,55.185239023,-0.1));
#4749=CARTESIAN_POINT('',(2.539797797,55.185239023,0.));
#4750=CARTESIAN_POINT('',(2.540521386,55.189580557,-0.1));
#4751=CARTESIAN_POINT('',(2.540521386,55.189580557,0.));
#4752=CARTESIAN_POINT('',(2.540521386,55.201157981,-0.1));
#4753=CARTESIAN_POINT('',(2.540521386,55.201157981,0.));
#4754=B_SPLINE_SURFACE_WITH_KNOTS('',2,1,((#4744,#4745),(#4746,#4747),(#4748,#4749),(#4750,#4751),(#4752,#4753)),.UNSPECIFIED.,.F.,.F.,.U.,(3,2,3),(2,2),(0.000000007,0.5,1.),(0.,1.),.UNSPECIFIED.);
#4755=CARTESIAN_POINT('',(2.539074208,55.176555955,0.));
#4756=VERTEX_POINT('',#4755);
#4757=CARTESIAN_POINT('',(2.539074208,55.176555955,0.));
#4758=CARTESIAN_POINT('',(2.539074208,55.180897489,0.));
#4759=CARTESIAN_POINT('',(2.539797797,55.185239023,0.));
#4760=CARTESIAN_POINT('',(2.540521386,55.189580557,0.));
#4761=CARTESIAN_POINT('',(2.540521386,55.201157981,0.));
#4762=B_SPLINE_CURVE_WITH_KNOTS('',2,(#4757,#4758,#4759,#4760,#4761),.UNSPECIFIED.,.F.,.F.,(3,2,3),(0.,0.5,1.),.UNSPECIFIED.);
#4763=EDGE_CURVE('',#4756,#4719,#4762,.T.);
#4764=ORIENTED_EDGE('',*,*,#4763,.F.);
#4765=CARTESIAN_POINT('',(2.539074208,55.176555955,-0.1));
#4766=VERTEX_POINT('',#4765);
#4767=CARTESIAN_POINT('',(2.539074208,55.176555955,-0.1));
#4768=DIRECTION('',(0.,0.,1.));
#4769=VECTOR('',#4768,0.1);
#4770=LINE('',#4767,#4769);
#4771=EDGE_CURVE('',#4766,#4756,#4770,.T.);
#4772=ORIENTED_EDGE('',*,*,#4771,.F.);
#4773=CARTESIAN_POINT('',(2.539074208,55.176555955,-0.1));
#4774=CARTESIAN_POINT('',(2.539074208,55.180897489,-0.1));
#4775=CARTESIAN_POINT('',(2.539797797,55.185239023,-0.1));
#4776=CARTESIAN_POINT('',(2.540521386,55.189580557,-0.1));
#4777=CARTESIAN_POINT('',(2.540521386,55.201157981,-0.1));
#4778=B_SPLINE_CURVE_WITH_KNOTS('',2,(#4773,#4774,#4775,#4776,#4777),.UNSPECIFIED.,.F.,.F.,(3,2,3),(0.,0.5,1.),.UNSPECIFIED.);
#4779=EDGE_CURVE('',#4766,#4727,#4778,.T.);
#4780=ORIENTED_EDGE('',*,*,#4779,.T.);
#4781=ORIENTED_EDGE('',*,*,#4732,.T.);
#4782=EDGE_LOOP('',(#4764,#4772,#4780,#4781));
#4783=FACE_BOUND('',#4782,.T.);
#4784=ADVANCED_FACE('',(#4783),#4754,.T.);
#4785=CARTESIAN_POINT('',(2.539074208,54.500000238,-0.1));
#4786=DIRECTION('',(1.,0.,0.));
#4787=DIRECTION('',(0.,0.,-1.));
#4788=AXIS2_PLACEMENT_3D('',#4785,#4786,#4787);
#4789=PLANE('',#4788);
#4790=CARTESIAN_POINT('',(2.539074208,53.823444522,0.));
#4791=VERTEX_POINT('',#4790);
#4792=CARTESIAN_POINT('',(2.539074208,53.823444522,0.));
#4793=DIRECTION('',(0.,1.,0.));
#4794=VECTOR('',#4793,1.353111433);
#4795=LINE('',#4792,#4794);
#4796=EDGE_CURVE('',#4791,#4756,#4795,.T.);
#4797=ORIENTED_EDGE('',*,*,#4796,.F.);
#4798=CARTESIAN_POINT('',(2.539074208,53.823444522,-0.1));
#4799=VERTEX_POINT('',#4798);
#4800=CARTESIAN_POINT('',(2.539074208,53.823444522,-0.1));
#4801=DIRECTION('',(0.,0.,1.));
#4802=VECTOR('',#4801,0.1);
#4803=LINE('',#4800,#4802);
#4804=EDGE_CURVE('',#4799,#4791,#4803,.T.);
#4805=ORIENTED_EDGE('',*,*,#4804,.F.);
#4806=CARTESIAN_POINT('',(2.539074208,53.823444522,-0.1));
#4807=DIRECTION('',(0.,1.,0.));
#4808=VECTOR('',#4807,1.353111433);
#4809=LINE('',#4806,#4808);
#4810=EDGE_CURVE('',#4799,#4766,#4809,.T.);
#4811=ORIENTED_EDGE('',*,*,#4810,.T.);
#4812=ORIENTED_EDGE('',*,*,#4771,.T.);
#4813=EDGE_LOOP('',(#4797,#4805,#4811,#4812));
#4814=FACE_BOUND('',#4813,.T.);
#4815=ADVANCED_FACE('',(#4814),#4789,.T.);
#4816=CARTESIAN_POINT('',(2.540521386,53.798842496,-0.1));
#4817=CARTESIAN_POINT('',(2.540521386,53.798842496,0.));
#4818=CARTESIAN_POINT('',(2.540521386,53.81041992,-0.1));
#4819=CARTESIAN_POINT('',(2.540521386,53.81041992,0.));
#4820=CARTESIAN_POINT('',(2.539797797,53.814761454,-0.1));
#4821=CARTESIAN_POINT('',(2.539797797,53.814761454,0.));
#4822=CARTESIAN_POINT('',(2.539074208,53.819102988,-0.1));
#4823=CARTESIAN_POINT('',(2.539074208,53.819102988,0.));
#4824=CARTESIAN_POINT('',(2.539074208,53.823444522,-0.1));
#4825=CARTESIAN_POINT('',(2.539074208,53.823444522,0.));
#4826=B_SPLINE_SURFACE_WITH_KNOTS('',2,1,((#4816,#4817),(#4818,#4819),(#4820,#4821),(#4822,#4823),(#4824,#4825)),.UNSPECIFIED.,.F.,.F.,.U.,(3,2,3),(2,2),(0.,0.5,0.999999993),(0.,1.),.UNSPECIFIED.);
#4827=CARTESIAN_POINT('',(2.540521386,53.798842496,0.));
#4828=VERTEX_POINT('',#4827);
#4829=CARTESIAN_POINT('',(2.540521386,53.798842496,0.));
#4830=CARTESIAN_POINT('',(2.540521386,53.81041992,0.));
#4831=CARTESIAN_POINT('',(2.539797797,53.814761454,0.));
#4832=CARTESIAN_POINT('',(2.539074208,53.819102988,0.));
#4833=CARTESIAN_POINT('',(2.539074208,53.823444522,0.));
#4834=B_SPLINE_CURVE_WITH_KNOTS('',2,(#4829,#4830,#4831,#4832,#4833),.UNSPECIFIED.,.F.,.F.,(3,2,3),(0.,0.5,1.),.UNSPECIFIED.);
#4835=EDGE_CURVE('',#4828,#4791,#4834,.T.);
#4836=ORIENTED_EDGE('',*,*,#4835,.F.);
#4837=CARTESIAN_POINT('',(2.540521386,53.798842496,-0.1));
#4838=VERTEX_POINT('',#4837);
#4839=CARTESIAN_POINT('',(2.540521386,53.798842496,-0.1));
#4840=DIRECTION('',(0.,0.,1.));
#4841=VECTOR('',#4840,0.1);
#4842=LINE('',#4839,#4841);
#4843=EDGE_CURVE('',#4838,#4828,#4842,.T.);
#4844=ORIENTED_EDGE('',*,*,#4843,.F.);
#4845=CARTESIAN_POINT('',(2.540521386,53.798842496,-0.1));
#4846=CARTESIAN_POINT('',(2.540521386,53.81041992,-0.1));
#4847=CARTESIAN_POINT('',(2.539797797,53.814761454,-0.1));
#4848=CARTESIAN_POINT('',(2.539074208,53.819102988,-0.1));
#4849=CARTESIAN_POINT('',(2.539074208,53.823444522,-0.1));
#4850=B_SPLINE_CURVE_WITH_KNOTS('',2,(#4845,#4846,#4847,#4848,#4849),.UNSPECIFIED.,.F.,.F.,(3,2,3),(0.,0.5,1.),.UNSPECIFIED.);
#4851=EDGE_CURVE('',#4838,#4799,#4850,.T.);
#4852=ORIENTED_EDGE('',*,*,#4851,.T.);
#4853=ORIENTED_EDGE('',*,*,#4804,.T.);
#4854=EDGE_LOOP('',(#4836,#4844,#4852,#4853));
#4855=FACE_BOUND('',#4854,.T.);
#4856=ADVANCED_FACE('',(#4855),#4826,.T.);
#4857=CARTESIAN_POINT('',(2.540521386,53.774964059,-0.1));
#4858=DIRECTION('',(1.,0.,0.));
#4859=DIRECTION('',(0.,0.,-1.));
#4860=AXIS2_PLACEMENT_3D('',#4857,#4858,#4859);
#4861=PLANE('',#4860);
#4862=CARTESIAN_POINT('',(2.540521386,53.751085622,0.));
#4863=VERTEX_POINT('',#4862);
#4864=CARTESIAN_POINT('',(2.540521386,53.751085622,0.));
#4865=DIRECTION('',(0.,1.,0.));
#4866=VECTOR('',#4865,0.047756874);
#4867=LINE('',#4864,#4866);
#4868=EDGE_CURVE('',#4863,#4828,#4867,.T.);
#4869=ORIENTED_EDGE('',*,*,#4868,.F.);
#4870=CARTESIAN_POINT('',(2.540521386,53.751085622,-0.1));
#4871=VERTEX_POINT('',#4870);
#4872=CARTESIAN_POINT('',(2.540521386,53.751085622,-0.1));
#4873=DIRECTION('',(0.,0.,1.));
#4874=VECTOR('',#4873,0.1);
#4875=LINE('',#4872,#4874);
#4876=EDGE_CURVE('',#4871,#4863,#4875,.T.);
#4877=ORIENTED_EDGE('',*,*,#4876,.F.);
#4878=CARTESIAN_POINT('',(2.540521386,53.751085622,-0.1));
#4879=DIRECTION('',(0.,1.,0.));
#4880=VECTOR('',#4879,0.047756874);
#4881=LINE('',#4878,#4880);
#4882=EDGE_CURVE('',#4871,#4838,#4881,.T.);
#4883=ORIENTED_EDGE('',*,*,#4882,.T.);
#4884=ORIENTED_EDGE('',*,*,#4843,.T.);
#4885=EDGE_LOOP('',(#4869,#4877,#4883,#4884));
#4886=FACE_BOUND('',#4885,.T.);
#4887=ADVANCED_FACE('',(#4886),#4861,.T.);
#4888=CARTESIAN_POINT('',(2.618668999,53.628075492,-0.1));
#4889=CARTESIAN_POINT('',(2.618668999,53.628075492,0.));
#4890=CARTESIAN_POINT('',(2.56657059,53.667149298,-0.1));
#4891=CARTESIAN_POINT('',(2.56657059,53.667149298,0.));
#4892=CARTESIAN_POINT('',(2.553545988,53.68740979,-0.1));
#4893=CARTESIAN_POINT('',(2.553545988,53.68740979,0.));
#4894=CARTESIAN_POINT('',(2.540521386,53.707670282,-0.1));
#4895=CARTESIAN_POINT('',(2.540521386,53.707670282,0.));
#4896=CARTESIAN_POINT('',(2.540521386,53.751085622,-0.1));
#4897=CARTESIAN_POINT('',(2.540521386,53.751085622,0.));
#4898=B_SPLINE_SURFACE_WITH_KNOTS('',2,1,((#4888,#4889),(#4890,#4891),(#4892,#4893),(#4894,#4895),(#4896,#4897)),.UNSPECIFIED.,.F.,.F.,.U.,(3,2,3),(2,2),(0.,0.5,1.),(0.,1.),.UNSPECIFIED.);
#4899=CARTESIAN_POINT('',(2.618668999,53.628075492,0.));
#4900=VERTEX_POINT('',#4899);
#4901=CARTESIAN_POINT('',(2.618668999,53.628075492,0.));
#4902=CARTESIAN_POINT('',(2.56657059,53.667149298,0.));
#4903=CARTESIAN_POINT('',(2.553545988,53.68740979,0.));
#4904=CARTESIAN_POINT('',(2.540521386,53.707670282,0.));
#4905=CARTESIAN_POINT('',(2.540521386,53.751085622,0.));
#4906=B_SPLINE_CURVE_WITH_KNOTS('',2,(#4901,#4902,#4903,#4904,#4905),.UNSPECIFIED.,.F.,.F.,(3,2,3),(0.,0.5,1.),.UNSPECIFIED.);
#4907=EDGE_CURVE('',#4900,#4863,#4906,.T.);
#4908=ORIENTED_EDGE('',*,*,#4907,.F.);
#4909=CARTESIAN_POINT('',(2.618668999,53.628075492,-0.1));
#4910=VERTEX_POINT('',#4909);
#4911=CARTESIAN_POINT('',(2.618668999,53.628075492,-0.1));
#4912=DIRECTION('',(0.,0.,1.));
#4913=VECTOR('',#4912,0.1);
#4914=LINE('',#4911,#4913);
#4915=EDGE_CURVE('',#4910,#4900,#4914,.T.);
#4916=ORIENTED_EDGE('',*,*,#4915,.F.);
#4917=CARTESIAN_POINT('',(2.618668999,53.628075492,-0.1));
#4918=CARTESIAN_POINT('',(2.56657059,53.667149298,-0.1));
#4919=CARTESIAN_POINT('',(2.553545988,53.68740979,-0.1));
#4920=CARTESIAN_POINT('',(2.540521386,53.707670282,-0.1));
#4921=CARTESIAN_POINT('',(2.540521386,53.751085622,-0.1));
#4922=B_SPLINE_CURVE_WITH_KNOTS('',2,(#4917,#4918,#4919,#4920,#4921),.UNSPECIFIED.,.F.,.F.,(3,2,3),(0.,0.5,1.),.UNSPECIFIED.);
#4923=EDGE_CURVE('',#4910,#4871,#4922,.T.);
#4924=ORIENTED_EDGE('',*,*,#4923,.T.);
#4925=ORIENTED_EDGE('',*,*,#4876,.T.);
#4926=EDGE_LOOP('',(#4908,#4916,#4924,#4925));
#4927=FACE_BOUND('',#4926,.T.);
#4928=ADVANCED_FACE('',(#4927),#4898,.T.);
#4929=CARTESIAN_POINT('',(2.64688897,53.607091411,-0.1));
#4930=DIRECTION('',(0.596702766,0.802462341,0.));
#4931=DIRECTION('',(-0.802462341,0.596702766,0.));
#4932=AXIS2_PLACEMENT_3D('',#4929,#4930,#4931);
#4933=PLANE('',#4932);
#4934=CARTESIAN_POINT('',(2.675108941,53.58610733,0.));
#4935=VERTEX_POINT('',#4934);
#4936=CARTESIAN_POINT('',(2.675108941,53.58610733,0.));
#4937=DIRECTION('',(-0.802462341,0.596702766,0.));
#4938=VECTOR('',#4937,0.070333446);
#4939=LINE('',#4936,#4938);
#4940=EDGE_CURVE('',#4935,#4900,#4939,.T.);
#4941=ORIENTED_EDGE('',*,*,#4940,.F.);
#4942=CARTESIAN_POINT('',(2.675108941,53.58610733,-0.1));
#4943=VERTEX_POINT('',#4942);
#4944=CARTESIAN_POINT('',(2.675108941,53.58610733,-0.1));
#4945=DIRECTION('',(0.,0.,1.));
#4946=VECTOR('',#4945,0.1);
#4947=LINE('',#4944,#4946);
#4948=EDGE_CURVE('',#4943,#4935,#4947,.T.);
#4949=ORIENTED_EDGE('',*,*,#4948,.F.);
#4950=CARTESIAN_POINT('',(2.675108941,53.58610733,-0.1));
#4951=DIRECTION('',(-0.802462341,0.596702766,0.));
#4952=VECTOR('',#4951,0.070333446);
#4953=LINE('',#4950,#4952);
#4954=EDGE_CURVE('',#4943,#4910,#4953,.T.);
#4955=ORIENTED_EDGE('',*,*,#4954,.T.);
#4956=ORIENTED_EDGE('',*,*,#4915,.T.);
#4957=EDGE_LOOP('',(#4941,#4949,#4955,#4956));
#4958=FACE_BOUND('',#4957,.T.);
#4959=ADVANCED_FACE('',(#4958),#4933,.T.);
#4960=CARTESIAN_POINT('',(2.463097363,53.58610733,-0.1));
#4961=DIRECTION('',(0.,-1.,0.));
#4962=DIRECTION('',(0.,0.,-1.));
#4963=AXIS2_PLACEMENT_3D('',#4960,#4961,#4962);
#4964=PLANE('',#4963);
#4965=CARTESIAN_POINT('',(2.251085786,53.58610733,0.));
#4966=VERTEX_POINT('',#4965);
#4967=CARTESIAN_POINT('',(2.251085786,53.58610733,0.));
#4968=DIRECTION('',(1.,0.,-0.));
#4969=VECTOR('',#4968,0.424023155);
#4970=LINE('',#4967,#4969);
#4971=EDGE_CURVE('',#4966,#4935,#4970,.T.);
#4972=ORIENTED_EDGE('',*,*,#4971,.F.);
#4973=CARTESIAN_POINT('',(2.251085786,53.58610733,-0.1));
#4974=VERTEX_POINT('',#4973);
#4975=CARTESIAN_POINT('',(2.251085786,53.58610733,-0.1));
#4976=DIRECTION('',(0.,0.,1.));
#4977=VECTOR('',#4976,0.1);
#4978=LINE('',#4975,#4977);
#4979=EDGE_CURVE('',#4974,#4966,#4978,.T.);
#4980=ORIENTED_EDGE('',*,*,#4979,.F.);
#4981=CARTESIAN_POINT('',(2.251085786,53.58610733,-0.1));
#4982=DIRECTION('',(1.,0.,-0.));
#4983=VECTOR('',#4982,0.424023155);
#4984=LINE('',#4981,#4983);
#4985=EDGE_CURVE('',#4974,#4943,#4984,.T.);
#4986=ORIENTED_EDGE('',*,*,#4985,.T.);
#4987=ORIENTED_EDGE('',*,*,#4948,.T.);
#4988=EDGE_LOOP('',(#4972,#4980,#4986,#4987));
#4989=FACE_BOUND('',#4988,.T.);
#4990=ADVANCED_FACE('',(#4989),#4964,.T.);
#4991=CARTESIAN_POINT('',(2.280029346,53.607091411,-0.1));
#4992=DIRECTION('',(-0.586967571,0.809610443,0.));
#4993=DIRECTION('',(-0.809610443,-0.586967571,0.));
#4994=AXIS2_PLACEMENT_3D('',#4991,#4992,#4993);
#4995=PLANE('',#4994);
#4996=CARTESIAN_POINT('',(2.308972906,53.628075492,0.));
#4997=VERTEX_POINT('',#4996);
#4998=CARTESIAN_POINT('',(2.308972906,53.628075492,0.));
#4999=DIRECTION('',(-0.809610443,-0.586967571,0.));
#5000=VECTOR('',#4999,0.071499967);
#5001=LINE('',#4998,#5000);
#5002=EDGE_CURVE('',#4997,#4966,#5001,.T.);
#5003=ORIENTED_EDGE('',*,*,#5002,.F.);
#5004=CARTESIAN_POINT('',(2.308972906,53.628075492,-0.1));
#5005=VERTEX_POINT('',#5004);
#5006=CARTESIAN_POINT('',(2.308972906,53.628075492,-0.1));
#5007=DIRECTION('',(0.,0.,1.));
#5008=VECTOR('',#5007,0.1);
#5009=LINE('',#5006,#5008);
#5010=EDGE_CURVE('',#5005,#4997,#5009,.T.);
#5011=ORIENTED_EDGE('',*,*,#5010,.F.);
#5012=CARTESIAN_POINT('',(2.308972906,53.628075492,-0.1));
#5013=DIRECTION('',(-0.809610443,-0.586967571,0.));
#5014=VECTOR('',#5013,0.071499967);
#5015=LINE('',#5012,#5014);
#5016=EDGE_CURVE('',#5005,#4974,#5015,.T.);
#5017=ORIENTED_EDGE('',*,*,#5016,.T.);
#5018=ORIENTED_EDGE('',*,*,#4979,.T.);
#5019=EDGE_LOOP('',(#5003,#5011,#5017,#5018));
#5020=FACE_BOUND('',#5019,.T.);
#5021=ADVANCED_FACE('',(#5020),#4995,.T.);
#5022=CARTESIAN_POINT('',(2.38567334,53.751085622,-0.1));
#5023=CARTESIAN_POINT('',(2.38567334,53.751085622,0.));
#5024=CARTESIAN_POINT('',(2.38567334,53.707670282,-0.1));
#5025=CARTESIAN_POINT('',(2.38567334,53.707670282,0.));
#5026=CARTESIAN_POINT('',(2.371925149,53.685962612,-0.1));
#5027=CARTESIAN_POINT('',(2.371925149,53.685962612,0.));
#5028=CARTESIAN_POINT('',(2.358176958,53.664254942,-0.1));
#5029=CARTESIAN_POINT('',(2.358176958,53.664254942,0.));
#5030=CARTESIAN_POINT('',(2.308972906,53.628075492,-0.1));
#5031=CARTESIAN_POINT('',(2.308972906,53.628075492,0.));
#5032=B_SPLINE_SURFACE_WITH_KNOTS('',2,1,((#5022,#5023),(#5024,#5025),(#5026,#5027),(#5028,#5029),(#5030,#5031)),.UNSPECIFIED.,.F.,.F.,.U.,(3,2,3),(2,2),(0.,0.5,1.),(0.,1.),.UNSPECIFIED.);
#5033=CARTESIAN_POINT('',(2.38567334,53.751085622,0.));
#5034=VERTEX_POINT('',#5033);
#5035=CARTESIAN_POINT('',(2.38567334,53.751085622,0.));
#5036=CARTESIAN_POINT('',(2.38567334,53.707670282,0.));
#5037=CARTESIAN_POINT('',(2.371925149,53.685962612,0.));
#5038=CARTESIAN_POINT('',(2.358176958,53.664254942,0.));
#5039=CARTESIAN_POINT('',(2.308972906,53.628075492,0.));
#5040=B_SPLINE_CURVE_WITH_KNOTS('',2,(#5035,#5036,#5037,#5038,#5039),.UNSPECIFIED.,.F.,.F.,(3,2,3),(0.,0.5,1.),.UNSPECIFIED.);
#5041=EDGE_CURVE('',#5034,#4997,#5040,.T.);
#5042=ORIENTED_EDGE('',*,*,#5041,.F.);
#5043=CARTESIAN_POINT('',(2.38567334,53.751085622,-0.1));
#5044=VERTEX_POINT('',#5043);
#5045=CARTESIAN_POINT('',(2.38567334,53.751085622,-0.1));
#5046=DIRECTION('',(0.,0.,1.));
#5047=VECTOR('',#5046,0.1);
#5048=LINE('',#5045,#5047);
#5049=EDGE_CURVE('',#5044,#5034,#5048,.T.);
#5050=ORIENTED_EDGE('',*,*,#5049,.F.);
#5051=CARTESIAN_POINT('',(2.38567334,53.751085622,-0.1));
#5052=CARTESIAN_POINT('',(2.38567334,53.707670282,-0.1));
#5053=CARTESIAN_POINT('',(2.371925149,53.685962612,-0.1));
#5054=CARTESIAN_POINT('',(2.358176958,53.664254942,-0.1));
#5055=CARTESIAN_POINT('',(2.308972906,53.628075492,-0.1));
#5056=B_SPLINE_CURVE_WITH_KNOTS('',2,(#5051,#5052,#5053,#5054,#5055),.UNSPECIFIED.,.F.,.F.,(3,2,3),(0.,0.5,1.),.UNSPECIFIED.);
#5057=EDGE_CURVE('',#5044,#5005,#5056,.T.);
#5058=ORIENTED_EDGE('',*,*,#5057,.T.);
#5059=ORIENTED_EDGE('',*,*,#5010,.T.);
#5060=EDGE_LOOP('',(#5042,#5050,#5058,#5059));
#5061=FACE_BOUND('',#5060,.T.);
#5062=ADVANCED_FACE('',(#5061),#5032,.T.);
#5063=CARTESIAN_POINT('',(2.38567334,53.774964059,-0.1));
#5064=DIRECTION('',(-1.,0.,0.));
#5065=DIRECTION('',(0.,0.,1.));
#5066=AXIS2_PLACEMENT_3D('',#5063,#5064,#5065);
#5067=PLANE('',#5066);
#5068=CARTESIAN_POINT('',(2.38567334,53.798842496,0.));
#5069=VERTEX_POINT('',#5068);
#5070=CARTESIAN_POINT('',(2.38567334,53.798842496,0.));
#5071=DIRECTION('',(0.,-1.,0.));
#5072=VECTOR('',#5071,0.047756874);
#5073=LINE('',#5070,#5072);
#5074=EDGE_CURVE('',#5069,#5034,#5073,.T.);
#5075=ORIENTED_EDGE('',*,*,#5074,.F.);
#5076=CARTESIAN_POINT('',(2.38567334,53.798842496,-0.1));
#5077=VERTEX_POINT('',#5076);
#5078=CARTESIAN_POINT('',(2.38567334,53.798842496,-0.1));
#5079=DIRECTION('',(0.,0.,1.));
#5080=VECTOR('',#5079,0.1);
#5081=LINE('',#5078,#5080);
#5082=EDGE_CURVE('',#5077,#5069,#5081,.T.);
#5083=ORIENTED_EDGE('',*,*,#5082,.F.);
#5084=CARTESIAN_POINT('',(2.38567334,53.798842496,-0.1));
#5085=DIRECTION('',(0.,-1.,0.));
#5086=VECTOR('',#5085,0.047756874);
#5087=LINE('',#5084,#5086);
#5088=EDGE_CURVE('',#5077,#5044,#5087,.T.);
#5089=ORIENTED_EDGE('',*,*,#5088,.T.);
#5090=ORIENTED_EDGE('',*,*,#5049,.T.);
#5091=EDGE_LOOP('',(#5075,#5083,#5089,#5090));
#5092=FACE_BOUND('',#5091,.T.);
#5093=ADVANCED_FACE('',(#5092),#5067,.T.);
#5094=CARTESIAN_POINT('',(2.387120518,53.823444377,-0.1));
#5095=CARTESIAN_POINT('',(2.387120518,53.823444377,0.));
#5096=CARTESIAN_POINT('',(2.387120509,53.811867017,-0.1));
#5097=CARTESIAN_POINT('',(2.387120509,53.811867017,0.));
#5098=CARTESIAN_POINT('',(2.38567334,53.798842496,-0.1));
#5099=CARTESIAN_POINT('',(2.38567334,53.798842496,0.));
#5100=B_SPLINE_SURFACE_WITH_KNOTS('',2,1,((#5094,#5095),(#5096,#5097),(#5098,#5099)),.UNSPECIFIED.,.F.,.F.,.U.,(3,3),(2,2),(0.00000625,1.),(0.,1.),.UNSPECIFIED.);
#5101=CARTESIAN_POINT('',(2.387120518,53.823444522,0.));
#5102=VERTEX_POINT('',#5101);
#5103=CARTESIAN_POINT('',(2.387120518,53.823444522,0.));
#5104=CARTESIAN_POINT('',(2.387120518,53.811867098,0.));
#5105=CARTESIAN_POINT('',(2.38567334,53.798842496,0.));
#5106=B_SPLINE_CURVE_WITH_KNOTS('',2,(#5103,#5104,#5105),.UNSPECIFIED.,.F.,.F.,(3,3),(0.,1.),.UNSPECIFIED.);
#5107=EDGE_CURVE('',#5102,#5069,#5106,.T.);
#5108=ORIENTED_EDGE('',*,*,#5107,.F.);
#5109=CARTESIAN_POINT('',(2.387120518,53.823444522,-0.1));
#5110=VERTEX_POINT('',#5109);
#5111=CARTESIAN_POINT('',(2.387120518,53.823444522,-0.1));
#5112=DIRECTION('',(0.,0.,1.));
#5113=VECTOR('',#5112,0.1);
#5114=LINE('',#5111,#5113);
#5115=EDGE_CURVE('',#5110,#5102,#5114,.T.);
#5116=ORIENTED_EDGE('',*,*,#5115,.F.);
#5117=CARTESIAN_POINT('',(2.387120518,53.823444522,-0.1));
#5118=CARTESIAN_POINT('',(2.387120518,53.811867098,-0.1));
#5119=CARTESIAN_POINT('',(2.38567334,53.798842496,-0.1));
#5120=B_SPLINE_CURVE_WITH_KNOTS('',2,(#5117,#5118,#5119),.UNSPECIFIED.,.F.,.F.,(3,3),(0.,1.),.UNSPECIFIED.);
#5121=EDGE_CURVE('',#5110,#5077,#5120,.T.);
#5122=ORIENTED_EDGE('',*,*,#5121,.T.);
#5123=ORIENTED_EDGE('',*,*,#5082,.T.);
#5124=EDGE_LOOP('',(#5108,#5116,#5122,#5123));
#5125=FACE_BOUND('',#5124,.T.);
#5126=ADVANCED_FACE('',(#5125),#5100,.T.);
#5127=CARTESIAN_POINT('',(2.387120518,54.500000238,-0.1));
#5128=DIRECTION('',(-1.,0.,0.));
#5129=DIRECTION('',(0.,0.,1.));
#5130=AXIS2_PLACEMENT_3D('',#5127,#5128,#5129);
#5131=PLANE('',#5130);
#5132=CARTESIAN_POINT('',(2.387120518,55.176555955,0.));
#5133=VERTEX_POINT('',#5132);
#5134=CARTESIAN_POINT('',(2.387120518,55.176555955,0.));
#5135=DIRECTION('',(0.,-1.,0.));
#5136=VECTOR('',#5135,1.353111433);
#5137=LINE('',#5134,#5136);
#5138=EDGE_CURVE('',#5133,#5102,#5137,.T.);
#5139=ORIENTED_EDGE('',*,*,#5138,.F.);
#5140=CARTESIAN_POINT('',(2.387120518,55.176555955,-0.1));
#5141=VERTEX_POINT('',#5140);
#5142=CARTESIAN_POINT('',(2.387120518,55.176555955,-0.1));
#5143=DIRECTION('',(0.,0.,1.));
#5144=VECTOR('',#5143,0.1);
#5145=LINE('',#5142,#5144);
#5146=EDGE_CURVE('',#5141,#5133,#5145,.T.);
#5147=ORIENTED_EDGE('',*,*,#5146,.F.);
#5148=CARTESIAN_POINT('',(2.387120518,55.176555955,-0.1));
#5149=DIRECTION('',(0.,-1.,0.));
#5150=VECTOR('',#5149,1.353111433);
#5151=LINE('',#5148,#5150);
#5152=EDGE_CURVE('',#5141,#5110,#5151,.T.);
#5153=ORIENTED_EDGE('',*,*,#5152,.T.);
#5154=ORIENTED_EDGE('',*,*,#5115,.T.);
#5155=EDGE_LOOP('',(#5139,#5147,#5153,#5154));
#5156=FACE_BOUND('',#5155,.T.);
#5157=ADVANCED_FACE('',(#5156),#5131,.T.);
#5158=CARTESIAN_POINT('',(2.38567334,55.201157981,-0.1));
#5159=CARTESIAN_POINT('',(2.38567334,55.201157981,0.));
#5160=CARTESIAN_POINT('',(2.387120509,55.18813346,-0.1));
#5161=CARTESIAN_POINT('',(2.387120509,55.18813346,0.));
#5162=CARTESIAN_POINT('',(2.387120518,55.176556099,-0.1));
#5163=CARTESIAN_POINT('',(2.387120518,55.176556099,0.));
#5164=B_SPLINE_SURFACE_WITH_KNOTS('',2,1,((#5158,#5159),(#5160,#5161),(#5162,#5163)),.UNSPECIFIED.,.F.,.F.,.U.,(3,3),(2,2),(0.,0.99999375),(0.,1.),.UNSPECIFIED.);
#5165=CARTESIAN_POINT('',(2.38567334,55.201157981,0.));
#5166=VERTEX_POINT('',#5165);
#5167=CARTESIAN_POINT('',(2.38567334,55.201157981,0.));
#5168=CARTESIAN_POINT('',(2.387120518,55.188133379,0.));
#5169=CARTESIAN_POINT('',(2.387120518,55.176555955,0.));
#5170=B_SPLINE_CURVE_WITH_KNOTS('',2,(#5167,#5168,#5169),.UNSPECIFIED.,.F.,.F.,(3,3),(0.,1.),.UNSPECIFIED.);
#5171=EDGE_CURVE('',#5166,#5133,#5170,.T.);
#5172=ORIENTED_EDGE('',*,*,#5171,.F.);
#5173=CARTESIAN_POINT('',(2.38567334,55.201157981,-0.1));
#5174=VERTEX_POINT('',#5173);
#5175=CARTESIAN_POINT('',(2.38567334,55.201157981,-0.1));
#5176=DIRECTION('',(0.,0.,1.));
#5177=VECTOR('',#5176,0.1);
#5178=LINE('',#5175,#5177);
#5179=EDGE_CURVE('',#5174,#5166,#5178,.T.);
#5180=ORIENTED_EDGE('',*,*,#5179,.F.);
#5181=CARTESIAN_POINT('',(2.38567334,55.201157981,-0.1));
#5182=CARTESIAN_POINT('',(2.387120518,55.188133379,-0.1));
#5183=CARTESIAN_POINT('',(2.387120518,55.176555955,-0.1));
#5184=B_SPLINE_CURVE_WITH_KNOTS('',2,(#5181,#5182,#5183),.UNSPECIFIED.,.F.,.F.,(3,3),(0.,1.),.UNSPECIFIED.);
#5185=EDGE_CURVE('',#5174,#5141,#5184,.T.);
#5186=ORIENTED_EDGE('',*,*,#5185,.T.);
#5187=ORIENTED_EDGE('',*,*,#5146,.T.);
#5188=EDGE_LOOP('',(#5172,#5180,#5186,#5187));
#5189=FACE_BOUND('',#5188,.T.);
#5190=ADVANCED_FACE('',(#5189),#5164,.T.);
#5191=CARTESIAN_POINT('',(2.38567334,55.225036418,-0.1));
#5192=DIRECTION('',(-1.,0.,0.));
#5193=DIRECTION('',(0.,0.,1.));
#5194=AXIS2_PLACEMENT_3D('',#5191,#5192,#5193);
#5195=PLANE('',#5194);
#5196=CARTESIAN_POINT('',(2.38567334,55.248914855,0.));
#5197=VERTEX_POINT('',#5196);
#5198=CARTESIAN_POINT('',(2.38567334,55.248914855,0.));
#5199=DIRECTION('',(0.,-1.,0.));
#5200=VECTOR('',#5199,0.047756874);
#5201=LINE('',#5198,#5200);
#5202=EDGE_CURVE('',#5197,#5166,#5201,.T.);
#5203=ORIENTED_EDGE('',*,*,#5202,.F.);
#5204=CARTESIAN_POINT('',(2.38567334,55.248914855,-0.1));
#5205=VERTEX_POINT('',#5204);
#5206=CARTESIAN_POINT('',(2.38567334,55.248914855,-0.1));
#5207=DIRECTION('',(0.,0.,1.));
#5208=VECTOR('',#5207,0.1);
#5209=LINE('',#5206,#5208);
#5210=EDGE_CURVE('',#5205,#5197,#5209,.T.);
#5211=ORIENTED_EDGE('',*,*,#5210,.F.);
#5212=CARTESIAN_POINT('',(2.38567334,55.248914855,-0.1));
#5213=DIRECTION('',(0.,-1.,0.));
#5214=VECTOR('',#5213,0.047756874);
#5215=LINE('',#5212,#5214);
#5216=EDGE_CURVE('',#5205,#5174,#5215,.T.);
#5217=ORIENTED_EDGE('',*,*,#5216,.T.);
#5218=ORIENTED_EDGE('',*,*,#5179,.T.);
#5219=EDGE_LOOP('',(#5203,#5211,#5217,#5218));
#5220=FACE_BOUND('',#5219,.T.);
#5221=ADVANCED_FACE('',(#5220),#5195,.T.);
#5222=CARTESIAN_POINT('',(2.323444686,55.371924985,-0.1));
#5223=CARTESIAN_POINT('',(2.323444686,55.371924985,0.));
#5224=CARTESIAN_POINT('',(2.359624136,55.340087069,-0.1));
#5225=CARTESIAN_POINT('',(2.359624136,55.340087069,0.));
#5226=CARTESIAN_POINT('',(2.372648738,55.313314276,-0.1));
#5227=CARTESIAN_POINT('',(2.372648738,55.313314276,0.));
#5228=CARTESIAN_POINT('',(2.38567334,55.286541483,-0.1));
#5229=CARTESIAN_POINT('',(2.38567334,55.286541483,0.));
#5230=CARTESIAN_POINT('',(2.38567334,55.248914855,-0.1));
#5231=CARTESIAN_POINT('',(2.38567334,55.248914855,0.));
#5232=B_SPLINE_SURFACE_WITH_KNOTS('',2,1,((#5222,#5223),(#5224,#5225),(#5226,#5227),(#5228,#5229),(#5230,#5231)),.UNSPECIFIED.,.F.,.F.,.U.,(3,2,3),(2,2),(0.,0.5,1.),(0.,1.),.UNSPECIFIED.);
#5233=CARTESIAN_POINT('',(2.323444686,55.371924985,0.));
#5234=VERTEX_POINT('',#5233);
#5235=CARTESIAN_POINT('',(2.323444686,55.371924985,0.));
#5236=CARTESIAN_POINT('',(2.359624136,55.340087069,0.));
#5237=CARTESIAN_POINT('',(2.372648738,55.313314276,0.));
#5238=CARTESIAN_POINT('',(2.38567334,55.286541483,0.));
#5239=CARTESIAN_POINT('',(2.38567334,55.248914855,0.));
#5240=B_SPLINE_CURVE_WITH_KNOTS('',2,(#5235,#5236,#5237,#5238,#5239),.UNSPECIFIED.,.F.,.F.,(3,2,3),(0.,0.5,1.),.UNSPECIFIED.);
#5241=EDGE_CURVE('',#5234,#5197,#5240,.T.);
#5242=ORIENTED_EDGE('',*,*,#5241,.F.);
#5243=CARTESIAN_POINT('',(2.323444686,55.371924985,-0.1));
#5244=VERTEX_POINT('',#5243);
#5245=CARTESIAN_POINT('',(2.323444686,55.371924985,-0.1));
#5246=DIRECTION('',(0.,0.,1.));
#5247=VECTOR('',#5246,0.1);
#5248=LINE('',#5245,#5247);
#5249=EDGE_CURVE('',#5244,#5234,#5248,.T.);
#5250=ORIENTED_EDGE('',*,*,#5249,.F.);
#5251=CARTESIAN_POINT('',(2.323444686,55.371924985,-0.1));
#5252=CARTESIAN_POINT('',(2.359624136,55.340087069,-0.1));
#5253=CARTESIAN_POINT('',(2.372648738,55.313314276,-0.1));
#5254=CARTESIAN_POINT('',(2.38567334,55.286541483,-0.1));
#5255=CARTESIAN_POINT('',(2.38567334,55.248914855,-0.1));
#5256=B_SPLINE_CURVE_WITH_KNOTS('',2,(#5251,#5252,#5253,#5254,#5255),.UNSPECIFIED.,.F.,.F.,(3,2,3),(0.,0.5,1.),.UNSPECIFIED.);
#5257=EDGE_CURVE('',#5244,#5205,#5256,.T.);
#5258=ORIENTED_EDGE('',*,*,#5257,.T.);
#5259=ORIENTED_EDGE('',*,*,#5210,.T.);
#5260=EDGE_LOOP('',(#5242,#5250,#5258,#5259));
#5261=FACE_BOUND('',#5260,.T.);
#5262=ADVANCED_FACE('',(#5261),#5232,.T.);
#5263=CARTESIAN_POINT('',(2.289436003,55.402315723,-0.1));
#5264=DIRECTION('',(-0.666330984,-0.745656101,0.));
#5265=DIRECTION('',(0.745656101,-0.666330984,0.));
#5266=AXIS2_PLACEMENT_3D('',#5263,#5264,#5265);
#5267=PLANE('',#5266);
#5268=CARTESIAN_POINT('',(2.25542732,55.432706461,0.));
#5269=VERTEX_POINT('',#5268);
#5270=CARTESIAN_POINT('',(2.25542732,55.432706461,0.));
#5271=DIRECTION('',(0.745656101,-0.666330984,0.));
#5272=VECTOR('',#5271,0.091218145);
#5273=LINE('',#5270,#5272);
#5274=EDGE_CURVE('',#5269,#5234,#5273,.T.);
#5275=ORIENTED_EDGE('',*,*,#5274,.F.);
#5276=CARTESIAN_POINT('',(2.25542732,55.432706461,-0.1));
#5277=VERTEX_POINT('',#5276);
#5278=CARTESIAN_POINT('',(2.25542732,55.432706461,-0.1));
#5279=DIRECTION('',(0.,0.,1.));
#5280=VECTOR('',#5279,0.1);
#5281=LINE('',#5278,#5280);
#5282=EDGE_CURVE('',#5277,#5269,#5281,.T.);
#5283=ORIENTED_EDGE('',*,*,#5282,.F.);
#5284=CARTESIAN_POINT('',(2.25542732,55.432706461,-0.1));
#5285=DIRECTION('',(0.745656101,-0.666330984,0.));
#5286=VECTOR('',#5285,0.091218145);
#5287=LINE('',#5284,#5286);
#5288=EDGE_CURVE('',#5277,#5244,#5287,.T.);
#5289=ORIENTED_EDGE('',*,*,#5288,.T.);
#5290=ORIENTED_EDGE('',*,*,#5249,.T.);
#5291=EDGE_LOOP('',(#5275,#5283,#5289,#5290));
#5292=FACE_BOUND('',#5291,.T.);
#5293=ADVANCED_FACE('',(#5292),#5267,.T.);
#5294=CARTESIAN_POINT('',(3.119392588,55.434153639,-0.1));
#5295=CARTESIAN_POINT('',(3.119392588,55.434153639,0.));
#5296=CARTESIAN_POINT('',(3.196093022,55.402315723,-0.1));
#5297=CARTESIAN_POINT('',(3.196093022,55.402315723,0.));
#5298=CARTESIAN_POINT('',(3.24819143,55.36107115,-0.1));
#5299=CARTESIAN_POINT('',(3.24819143,55.36107115,0.));
#5300=CARTESIAN_POINT('',(3.300289838,55.319826577,-0.1));
#5301=CARTESIAN_POINT('',(3.300289838,55.319826577,0.));
#5302=CARTESIAN_POINT('',(3.35672978,55.241678965,-0.1));
#5303=CARTESIAN_POINT('',(3.35672978,55.241678965,0.));
#5304=B_SPLINE_SURFACE_WITH_KNOTS('',2,1,((#5294,#5295),(#5296,#5297),(#5298,#5299),(#5300,#5301),(#5302,#5303)),.UNSPECIFIED.,.F.,.F.,.U.,(3,2,3),(2,2),(0.,0.5,1.),(0.,1.),.UNSPECIFIED.);
#5305=CARTESIAN_POINT('',(3.119392588,55.434153639,0.));
#5306=VERTEX_POINT('',#5305);
#5307=CARTESIAN_POINT('',(3.35672978,55.241678965,0.));
#5308=VERTEX_POINT('',#5307);
#5309=CARTESIAN_POINT('',(3.119392588,55.434153639,0.));
#5310=CARTESIAN_POINT('',(3.196093022,55.402315723,0.));
#5311=CARTESIAN_POINT('',(3.24819143,55.36107115,0.));
#5312=CARTESIAN_POINT('',(3.300289838,55.319826577,0.));
#5313=CARTESIAN_POINT('',(3.35672978,55.241678965,0.));
#5314=B_SPLINE_CURVE_WITH_KNOTS('',2,(#5309,#5310,#5311,#5312,#5313),.UNSPECIFIED.,.F.,.F.,(3,2,3),(0.,0.5,1.),.UNSPECIFIED.);
#5315=EDGE_CURVE('',#5306,#5308,#5314,.T.);
#5316=ORIENTED_EDGE('',*,*,#5315,.F.);
#5317=CARTESIAN_POINT('',(3.119392588,55.434153639,-0.1));
#5318=VERTEX_POINT('',#5317);
#5319=CARTESIAN_POINT('',(3.119392588,55.434153639,-0.1));
#5320=DIRECTION('',(0.,0.,1.));
#5321=VECTOR('',#5320,0.1);
#5322=LINE('',#5319,#5321);
#5323=EDGE_CURVE('',#5318,#5306,#5322,.T.);
#5324=ORIENTED_EDGE('',*,*,#5323,.F.);
#5325=CARTESIAN_POINT('',(3.35672978,55.241678965,-0.1));
#5326=VERTEX_POINT('',#5325);
#5327=CARTESIAN_POINT('',(3.119392588,55.434153639,-0.1));
#5328=CARTESIAN_POINT('',(3.196093022,55.402315723,-0.1));
#5329=CARTESIAN_POINT('',(3.24819143,55.36107115,-0.1));
#5330=CARTESIAN_POINT('',(3.300289838,55.319826577,-0.1));
#5331=CARTESIAN_POINT('',(3.35672978,55.241678965,-0.1));
#5332=B_SPLINE_CURVE_WITH_KNOTS('',2,(#5327,#5328,#5329,#5330,#5331),.UNSPECIFIED.,.F.,.F.,(3,2,3),(0.,0.5,1.),.UNSPECIFIED.);
#5333=EDGE_CURVE('',#5318,#5326,#5332,.T.);
#5334=ORIENTED_EDGE('',*,*,#5333,.T.);
#5335=CARTESIAN_POINT('',(3.35672978,55.241678965,-0.1));
#5336=DIRECTION('',(0.,0.,1.));
#5337=VECTOR('',#5336,0.1);
#5338=LINE('',#5335,#5337);
#5339=EDGE_CURVE('',#5326,#5308,#5338,.T.);
#5340=ORIENTED_EDGE('',*,*,#5339,.T.);
#5341=EDGE_LOOP('',(#5316,#5324,#5334,#5340));
#5342=FACE_BOUND('',#5341,.T.);
#5343=ADVANCED_FACE('',(#5342),#5304,.T.);
#5344=CARTESIAN_POINT('',(3.224312993,55.434153639,-0.1));
#5345=DIRECTION('',(0.,1.,0.));
#5346=DIRECTION('',(0.,0.,1.));
#5347=AXIS2_PLACEMENT_3D('',#5344,#5345,#5346);
#5348=PLANE('',#5347);
#5349=CARTESIAN_POINT('',(3.329233398,55.434153639,0.));
#5350=VERTEX_POINT('',#5349);
#5351=CARTESIAN_POINT('',(3.329233398,55.434153639,0.));
#5352=DIRECTION('',(-1.,0.,0.));
#5353=VECTOR('',#5352,0.20984081);
#5354=LINE('',#5351,#5353);
#5355=EDGE_CURVE('',#5350,#5306,#5354,.T.);
#5356=ORIENTED_EDGE('',*,*,#5355,.F.);
#5357=CARTESIAN_POINT('',(3.329233398,55.434153639,-0.1));
#5358=VERTEX_POINT('',#5357);
#5359=CARTESIAN_POINT('',(3.329233398,55.434153639,-0.1));
#5360=DIRECTION('',(0.,0.,1.));
#5361=VECTOR('',#5360,0.1);
#5362=LINE('',#5359,#5361);
#5363=EDGE_CURVE('',#5358,#5350,#5362,.T.);
#5364=ORIENTED_EDGE('',*,*,#5363,.F.);
#5365=CARTESIAN_POINT('',(3.329233398,55.434153639,-0.1));
#5366=DIRECTION('',(-1.,0.,0.));
#5367=VECTOR('',#5366,0.20984081);
#5368=LINE('',#5365,#5367);
#5369=EDGE_CURVE('',#5358,#5318,#5368,.T.);
#5370=ORIENTED_EDGE('',*,*,#5369,.T.);
#5371=ORIENTED_EDGE('',*,*,#5323,.T.);
#5372=EDGE_LOOP('',(#5356,#5364,#5370,#5371));
#5373=FACE_BOUND('',#5372,.T.);
#5374=ADVANCED_FACE('',(#5373),#5348,.T.);
#5375=CARTESIAN_POINT('',(1.707670446,55.434153639,-0.1));
#5376=DIRECTION('',(0.,1.,0.));
#5377=DIRECTION('',(0.,0.,1.));
#5378=AXIS2_PLACEMENT_3D('',#5375,#5376,#5377);
#5379=PLANE('',#5378);
#5380=CARTESIAN_POINT('',(1.806802139,55.434153639,0.));
#5381=DIRECTION('',(-1.,0.,0.));
#5382=VECTOR('',#5381,0.198263386);
#5383=LINE('',#5380,#5382);
#5384=EDGE_CURVE('',#4565,#4607,#5383,.T.);
#5385=ORIENTED_EDGE('',*,*,#5384,.F.);
#5386=ORIENTED_EDGE('',*,*,#4596,.F.);
#5387=CARTESIAN_POINT('',(1.806802139,55.434153639,-0.1));
#5388=DIRECTION('',(-1.,0.,0.));
#5389=VECTOR('',#5388,0.198263386);
#5390=LINE('',#5387,#5389);
#5391=EDGE_CURVE('',#4583,#4615,#5390,.T.);
#5392=ORIENTED_EDGE('',*,*,#5391,.T.);
#5393=ORIENTED_EDGE('',*,*,#4620,.T.);
#5394=EDGE_LOOP('',(#5385,#5386,#5392,#5393));
#5395=FACE_BOUND('',#5394,.T.);
#5396=ADVANCED_FACE('',(#5395),#5379,.T.);
#5397=CARTESIAN_POINT('',(2.478292732,55.432706461,-0.1));
#5398=DIRECTION('',(0.,1.,0.));
#5399=DIRECTION('',(0.,0.,1.));
#5400=AXIS2_PLACEMENT_3D('',#5397,#5398,#5399);
#5401=PLANE('',#5400);
#5402=CARTESIAN_POINT('',(2.701158145,55.432706461,0.));
#5403=DIRECTION('',(-1.,0.,0.));
#5404=VECTOR('',#5403,0.445730825);
#5405=LINE('',#5402,#5404);
#5406=EDGE_CURVE('',#4640,#5269,#5405,.T.);
#5407=ORIENTED_EDGE('',*,*,#5406,.F.);
#5408=ORIENTED_EDGE('',*,*,#4667,.F.);
#5409=CARTESIAN_POINT('',(2.701158145,55.432706461,-0.1));
#5410=DIRECTION('',(-1.,0.,0.));
#5411=VECTOR('',#5410,0.445730825);
#5412=LINE('',#5409,#5411);
#5413=EDGE_CURVE('',#4656,#5277,#5412,.T.);
#5414=ORIENTED_EDGE('',*,*,#5413,.T.);
#5415=ORIENTED_EDGE('',*,*,#5282,.T.);
#5416=EDGE_LOOP('',(#5407,#5408,#5414,#5415));
#5417=FACE_BOUND('',#5416,.T.);
#5418=ADVANCED_FACE('',(#5417),#5401,.T.);
#5419=CARTESIAN_POINT('',(3.342981589,55.337916302,-0.1));
#5420=DIRECTION('',(0.989949494,0.141421356,0.));
#5421=DIRECTION('',(-0.141421356,0.989949494,0.));
#5422=AXIS2_PLACEMENT_3D('',#5419,#5420,#5421);
#5423=PLANE('',#5422);
#5424=CARTESIAN_POINT('',(3.35672978,55.241678965,0.));
#5425=DIRECTION('',(-0.141421356,0.989949494,0.));
#5426=VECTOR('',#5425,0.194428782);
#5427=LINE('',#5424,#5426);
#5428=EDGE_CURVE('',#5308,#5350,#5427,.T.);
#5429=ORIENTED_EDGE('',*,*,#5428,.F.);
#5430=ORIENTED_EDGE('',*,*,#5339,.F.);
#5431=CARTESIAN_POINT('',(3.35672978,55.241678965,-0.1));
#5432=DIRECTION('',(-0.141421356,0.989949494,0.));
#5433=VECTOR('',#5432,0.194428782);
#5434=LINE('',#5431,#5433);
#5435=EDGE_CURVE('',#5326,#5358,#5434,.T.);
#5436=ORIENTED_EDGE('',*,*,#5435,.T.);
#5437=ORIENTED_EDGE('',*,*,#5363,.T.);
#5438=EDGE_LOOP('',(#5429,#5430,#5436,#5437));
#5439=FACE_BOUND('',#5438,.T.);
#5440=ADVANCED_FACE('',(#5439),#5423,.T.);
#5441=CARTESIAN_POINT('',(3.009407059,53.53473251,-0.1));
#5442=DIRECTION('',(-1.,0.,0.));
#5443=DIRECTION('',(0.,0.,1.));
#5444=AXIS2_PLACEMENT_3D('',#5441,#5442,#5443);
#5445=PLANE('',#5444);
#5446=ORIENTED_EDGE('',*,*,#3471,.F.);
#5447=ORIENTED_EDGE('',*,*,#4094,.F.);
#5448=CARTESIAN_POINT('',(3.009407059,53.55716377,-0.1));
#5449=DIRECTION('',(0.,-1.,0.));
#5450=VECTOR('',#5449,0.044862518);
#5451=LINE('',#5448,#5450);
#5452=EDGE_CURVE('',#4083,#4534,#5451,.T.);
#5453=ORIENTED_EDGE('',*,*,#5452,.T.);
#5454=ORIENTED_EDGE('',*,*,#4539,.T.);
#5455=EDGE_LOOP('',(#5446,#5447,#5453,#5454));
#5456=FACE_BOUND('',#5455,.T.);
#5457=ADVANCED_FACE('',(#5456),#5445,.T.);
#5458=CARTESIAN_POINT('',(2.500000402,54.500000238,-0.1));
#5459=DIRECTION('',(0.,0.,1.));
#5460=DIRECTION('',(1.,0.,0.));
#5461=AXIS2_PLACEMENT_3D('',#5458,#5459,#5460);
#5462=PLANE('',#5461);
#5463=ORIENTED_EDGE('',*,*,#5333,.F.);
#5464=ORIENTED_EDGE('',*,*,#5369,.F.);
#5465=ORIENTED_EDGE('',*,*,#5435,.F.);
#5466=EDGE_LOOP('',(#5463,#5464,#5465));
#5467=FACE_BOUND('',#5466,.T.);
#5468=ORIENTED_EDGE('',*,*,#4661,.F.);
#5469=ORIENTED_EDGE('',*,*,#4707,.F.);
#5470=ORIENTED_EDGE('',*,*,#4738,.F.);
#5471=ORIENTED_EDGE('',*,*,#4779,.F.);
#5472=ORIENTED_EDGE('',*,*,#4810,.F.);
#5473=ORIENTED_EDGE('',*,*,#4851,.F.);
#5474=ORIENTED_EDGE('',*,*,#4882,.F.);
#5475=ORIENTED_EDGE('',*,*,#4923,.F.);
#5476=ORIENTED_EDGE('',*,*,#4954,.F.);
#5477=ORIENTED_EDGE('',*,*,#4985,.F.);
#5478=ORIENTED_EDGE('',*,*,#5016,.F.);
#5479=ORIENTED_EDGE('',*,*,#5057,.F.);
#5480=ORIENTED_EDGE('',*,*,#5088,.F.);
#5481=ORIENTED_EDGE('',*,*,#5121,.F.);
#5482=ORIENTED_EDGE('',*,*,#5152,.F.);
#5483=ORIENTED_EDGE('',*,*,#5185,.F.);
#5484=ORIENTED_EDGE('',*,*,#5216,.F.);
#5485=ORIENTED_EDGE('',*,*,#5257,.F.);
#5486=ORIENTED_EDGE('',*,*,#5288,.F.);
#5487=ORIENTED_EDGE('',*,*,#5413,.F.);
#5488=EDGE_LOOP('',(#5468,#5469,#5470,#5471,#5472,#5473,#5474,#5475,#5476,#5477,#5478,#5479,#5480,#5481,#5482,#5483,#5484,#5485,#5486,#5487));
#5489=FACE_BOUND('',#5488,.T.);
#5490=ORIENTED_EDGE('',*,*,#4590,.F.);
#5491=ORIENTED_EDGE('',*,*,#4626,.F.);
#5492=ORIENTED_EDGE('',*,*,#5391,.F.);
#5493=EDGE_LOOP('',(#5490,#5491,#5492));
#5494=FACE_BOUND('',#5493,.T.);
#5495=ORIENTED_EDGE('',*,*,#4088,.F.);
#5496=ORIENTED_EDGE('',*,*,#4125,.F.);
#5497=ORIENTED_EDGE('',*,*,#4149,.F.);
#5498=ORIENTED_EDGE('',*,*,#4175,.F.);
#5499=ORIENTED_EDGE('',*,*,#4225,.F.);
#5500=ORIENTED_EDGE('',*,*,#4249,.F.);
#5501=ORIENTED_EDGE('',*,*,#4273,.F.);
#5502=ORIENTED_EDGE('',*,*,#4297,.F.);
#5503=ORIENTED_EDGE('',*,*,#4321,.F.);
#5504=ORIENTED_EDGE('',*,*,#4345,.F.);
#5505=ORIENTED_EDGE('',*,*,#4389,.F.);
#5506=ORIENTED_EDGE('',*,*,#4415,.F.);
#5507=ORIENTED_EDGE('',*,*,#4439,.F.);
#5508=ORIENTED_EDGE('',*,*,#4471,.F.);
#5509=ORIENTED_EDGE('',*,*,#4497,.F.);
#5510=ORIENTED_EDGE('',*,*,#4521,.F.);
#5511=ORIENTED_EDGE('',*,*,#4545,.F.);
#5512=ORIENTED_EDGE('',*,*,#5452,.F.);
#5513=EDGE_LOOP('',(#5495,#5496,#5497,#5498,#5499,#5500,#5501,#5502,#5503,#5504,#5505,#5506,#5507,#5508,#5509,#5510,#5511,#5512));
#5514=FACE_BOUND('',#5513,.T.);
#5515=ADVANCED_FACE('',(#5467,#5489,#5494,#5514),#5462,.T.);
#5516=CARTESIAN_POINT('',(0.,50.,0.));
#5517=DIRECTION('',(0.,0.,1.));
#5518=DIRECTION('',(1.,0.,0.));
#5519=AXIS2_PLACEMENT_3D('',#5516,#5517,#5518);
#5520=PLANE('',#5519);
#5521=ORIENTED_EDGE('',*,*,#5355,.T.);
#5522=ORIENTED_EDGE('',*,*,#5315,.T.);
#5523=ORIENTED_EDGE('',*,*,#5428,.T.);
#5524=EDGE_LOOP('',(#5521,#5522,#5523));
#5525=FACE_BOUND('',#5524,.T.);
#5526=ADVANCED_FACE('',(#5525),#5520,.T.);
#5527=CARTESIAN_POINT('',(0.,50.,0.));
#5528=DIRECTION('',(0.,0.,1.));
#5529=DIRECTION('',(1.,0.,0.));
#5530=AXIS2_PLACEMENT_3D('',#5527,#5528,#5529);
#5531=PLANE('',#5530);
#5532=ORIENTED_EDGE('',*,*,#4691,.T.);
#5533=ORIENTED_EDGE('',*,*,#4645,.T.);
#5534=ORIENTED_EDGE('',*,*,#5406,.T.);
#5535=ORIENTED_EDGE('',*,*,#5274,.T.);
#5536=ORIENTED_EDGE('',*,*,#5241,.T.);
#5537=ORIENTED_EDGE('',*,*,#5202,.T.);
#5538=ORIENTED_EDGE('',*,*,#5171,.T.);
#5539=ORIENTED_EDGE('',*,*,#5138,.T.);
#5540=ORIENTED_EDGE('',*,*,#5107,.T.);
#5541=ORIENTED_EDGE('',*,*,#5074,.T.);
#5542=ORIENTED_EDGE('',*,*,#5041,.T.);
#5543=ORIENTED_EDGE('',*,*,#5002,.T.);
#5544=ORIENTED_EDGE('',*,*,#4971,.T.);
#5545=ORIENTED_EDGE('',*,*,#4940,.T.);
#5546=ORIENTED_EDGE('',*,*,#4907,.T.);
#5547=ORIENTED_EDGE('',*,*,#4868,.T.);
#5548=ORIENTED_EDGE('',*,*,#4835,.T.);
#5549=ORIENTED_EDGE('',*,*,#4796,.T.);
#5550=ORIENTED_EDGE('',*,*,#4763,.T.);
#5551=ORIENTED_EDGE('',*,*,#4724,.T.);
#5552=EDGE_LOOP('',(#5532,#5533,#5534,#5535,#5536,#5537,#5538,#5539,#5540,#5541,#5542,#5543,#5544,#5545,#5546,#5547,#5548,#5549,#5550,#5551));
#5553=FACE_BOUND('',#5552,.T.);
#5554=ADVANCED_FACE('',(#5553),#5531,.T.);
#5555=CARTESIAN_POINT('',(0.,50.,0.));
#5556=DIRECTION('',(0.,0.,1.));
#5557=DIRECTION('',(1.,0.,0.));
#5558=AXIS2_PLACEMENT_3D('',#5555,#5556,#5557);
#5559=PLANE('',#5558);
#5560=ORIENTED_EDGE('',*,*,#4612,.T.);
#5561=ORIENTED_EDGE('',*,*,#4572,.T.);
#5562=ORIENTED_EDGE('',*,*,#5384,.T.);
#5563=EDGE_LOOP('',(#5560,#5561,#5562));
#5564=FACE_BOUND('',#5563,.T.);
#5565=ADVANCED_FACE('',(#5564),#5559,.T.);
#5566=CARTESIAN_POINT('',(43.,50.,0.));
#5567=DIRECTION('',(0.707106781,0.,0.707106781));
#5568=DIRECTION('',(0.,1.,0.));
#5569=AXIS2_PLACEMENT_3D('',#5566,#5567,#5568);
#5570=PLANE('',#5569);
#5571=ORIENTED_EDGE('',*,*,#3386,.F.);
#5572=ORIENTED_EDGE('',*,*,#3264,.F.);
#5573=CARTESIAN_POINT('',(43.,48.585786438,0.));
#5574=DIRECTION('',(-0.678598345,0.281084638,0.678598345));
#5575=VECTOR('',#5574,1.473625758);
#5576=LINE('',#5573,#5575);
#5577=EDGE_CURVE('',#153,#3058,#5576,.T.);
#5578=ORIENTED_EDGE('',*,*,#5577,.F.);
#5579=ORIENTED_EDGE('',*,*,#158,.F.);
#5580=EDGE_LOOP('',(#5571,#5572,#5578,#5579));
#5581=FACE_BOUND('',#5580,.T.);
#5582=ADVANCED_FACE('',(#5581),#5570,.T.);
#5583=CARTESIAN_POINT('',(22.207106781,27.792893219,0.));
#5584=DIRECTION('',(-0.5,0.5,-0.707106781));
#5585=DIRECTION('',(-0.707106781,-0.707106781,0.));
#5586=AXIS2_PLACEMENT_3D('',#5583,#5584,#5585);
#5587=PLANE('',#5586);
#5588=ORIENTED_EDGE('',*,*,#5577,.T.);
#5589=ORIENTED_EDGE('',*,*,#3063,.F.);
#5590=CARTESIAN_POINT('',(40.414213562,46.,0.));
#5591=DIRECTION('',(-0.281084638,0.678598345,0.678598345));
#5592=VECTOR('',#5591,1.473625758);
#5593=LINE('',#5590,#5592);
#5594=EDGE_CURVE('',#161,#3050,#5593,.T.);
#5595=ORIENTED_EDGE('',*,*,#5594,.F.);
#5596=ORIENTED_EDGE('',*,*,#166,.F.);
#5597=EDGE_LOOP('',(#5588,#5589,#5595,#5596));
#5598=FACE_BOUND('',#5597,.T.);
#5599=ADVANCED_FACE('',(#5598),#5587,.F.);
#5600=CARTESIAN_POINT('',(0.,46.,0.));
#5601=DIRECTION('',(0.,-0.707106781,0.707106781));
#5602=DIRECTION('',(1.,0.,0.));
#5603=AXIS2_PLACEMENT_3D('',#5600,#5601,#5602);
#5604=PLANE('',#5603);
#5605=ORIENTED_EDGE('',*,*,#5594,.T.);
#5606=ORIENTED_EDGE('',*,*,#3085,.F.);
#5607=CARTESIAN_POINT('',(-1.414213562,46.,-0.));
#5608=DIRECTION('',(0.281084638,0.678598345,0.678598345));
#5609=VECTOR('',#5608,1.473625758);
#5610=LINE('',#5607,#5609);
#5611=EDGE_CURVE('',#169,#3002,#5610,.T.);
#5612=ORIENTED_EDGE('',*,*,#5611,.F.);
#5613=ORIENTED_EDGE('',*,*,#174,.F.);
#5614=EDGE_LOOP('',(#5605,#5606,#5612,#5613));
#5615=FACE_BOUND('',#5614,.T.);
#5616=ADVANCED_FACE('',(#5615),#5604,.T.);
#5617=CARTESIAN_POINT('',(-2.707106781,47.292893219,0.));
#5618=DIRECTION('',(0.5,0.5,-0.707106781));
#5619=DIRECTION('',(-0.707106781,0.707106781,0.));
#5620=AXIS2_PLACEMENT_3D('',#5617,#5618,#5619);
#5621=PLANE('',#5620);
#5622=ORIENTED_EDGE('',*,*,#5611,.T.);
#5623=ORIENTED_EDGE('',*,*,#3007,.F.);
#5624=CARTESIAN_POINT('',(-4.,48.585786438,0.));
#5625=DIRECTION('',(0.678598345,0.281084638,0.678598345));
#5626=VECTOR('',#5625,1.473625758);
#5627=LINE('',#5624,#5626);
#5628=EDGE_CURVE('',#177,#2994,#5627,.T.);
#5629=ORIENTED_EDGE('',*,*,#5628,.F.);
#5630=ORIENTED_EDGE('',*,*,#182,.F.);
#5631=EDGE_LOOP('',(#5622,#5623,#5629,#5630));
#5632=FACE_BOUND('',#5631,.T.);
#5633=ADVANCED_FACE('',(#5632),#5621,.F.);
#5634=CARTESIAN_POINT('',(-4.,50.,0.));
#5635=DIRECTION('',(-0.707106781,0.,0.707106781));
#5636=DIRECTION('',(0.,-1.,0.));
#5637=AXIS2_PLACEMENT_3D('',#5634,#5635,#5636);
#5638=PLANE('',#5637);
#5639=ORIENTED_EDGE('',*,*,#5628,.T.);
#5640=ORIENTED_EDGE('',*,*,#3029,.F.);
#5641=CARTESIAN_POINT('',(-4.,88.414213562,0.));
#5642=DIRECTION('',(0.678598345,-0.281084638,0.678598345));
#5643=VECTOR('',#5642,1.473625758);
#5644=LINE('',#5641,#5643);
#5645=EDGE_CURVE('',#185,#2971,#5644,.T.);
#5646=ORIENTED_EDGE('',*,*,#5645,.F.);
#5647=ORIENTED_EDGE('',*,*,#190,.F.);
#5648=EDGE_LOOP('',(#5639,#5640,#5646,#5647));
#5649=FACE_BOUND('',#5648,.T.);
#5650=ADVANCED_FACE('',(#5649),#5638,.T.);
#5651=CARTESIAN_POINT('',(-21.207106781,71.207106781,0.));
#5652=DIRECTION('',(0.5,-0.5,-0.707106781));
#5653=DIRECTION('',(0.707106781,0.707106781,0.));
#5654=AXIS2_PLACEMENT_3D('',#5651,#5652,#5653);
#5655=PLANE('',#5654);
#5656=ORIENTED_EDGE('',*,*,#5645,.T.);
#5657=ORIENTED_EDGE('',*,*,#2976,.F.);
#5658=CARTESIAN_POINT('',(-1.414213562,91.,-0.));
#5659=DIRECTION('',(0.281084638,-0.678598345,0.678598345));
#5660=VECTOR('',#5659,1.473625758);
#5661=LINE('',#5658,#5660);
#5662=EDGE_CURVE('',#193,#2963,#5661,.T.);
#5663=ORIENTED_EDGE('',*,*,#5662,.F.);
#5664=ORIENTED_EDGE('',*,*,#198,.F.);
#5665=EDGE_LOOP('',(#5656,#5657,#5663,#5664));
#5666=FACE_BOUND('',#5665,.T.);
#5667=ADVANCED_FACE('',(#5666),#5655,.F.);
#5668=CARTESIAN_POINT('',(-0.,91.,0.));
#5669=DIRECTION('',(-0.,0.707106781,0.707106781));
#5670=DIRECTION('',(-1.,-0.,0.));
#5671=AXIS2_PLACEMENT_3D('',#5668,#5669,#5670);
#5672=PLANE('',#5671);
#5673=ORIENTED_EDGE('',*,*,#5662,.T.);
#5674=ORIENTED_EDGE('',*,*,#3114,.F.);
#5675=CARTESIAN_POINT('',(40.414213562,91.,0.));
#5676=DIRECTION('',(-0.281084638,-0.678598345,0.678598345));
#5677=VECTOR('',#5676,1.473625758);
#5678=LINE('',#5675,#5677);
#5679=EDGE_CURVE('',#201,#2940,#5678,.T.);
#5680=ORIENTED_EDGE('',*,*,#5679,.F.);
#5681=ORIENTED_EDGE('',*,*,#206,.F.);
#5682=EDGE_LOOP('',(#5673,#5674,#5680,#5681));
#5683=FACE_BOUND('',#5682,.T.);
#5684=ADVANCED_FACE('',(#5683),#5672,.T.);
#5685=CARTESIAN_POINT('',(40.707106781,90.707106781,0.));
#5686=DIRECTION('',(-0.5,-0.5,-0.707106781));
#5687=DIRECTION('',(0.707106781,-0.707106781,0.));
#5688=AXIS2_PLACEMENT_3D('',#5685,#5686,#5687);
#5689=PLANE('',#5688);
#5690=ORIENTED_EDGE('',*,*,#5679,.T.);
#5691=ORIENTED_EDGE('',*,*,#2945,.F.);
#5692=CARTESIAN_POINT('',(43.,88.414213562,-0.));
#5693=DIRECTION('',(-0.678598345,-0.281084638,0.678598345));
#5694=VECTOR('',#5693,1.473625758);
#5695=LINE('',#5692,#5694);
#5696=EDGE_CURVE('',#209,#2932,#5695,.T.);
#5697=ORIENTED_EDGE('',*,*,#5696,.F.);
#5698=ORIENTED_EDGE('',*,*,#214,.F.);
#5699=EDGE_LOOP('',(#5690,#5691,#5697,#5698));
#5700=FACE_BOUND('',#5699,.T.);
#5701=ADVANCED_FACE('',(#5700),#5689,.F.);
#5702=CARTESIAN_POINT('',(43.,50.,0.));
#5703=DIRECTION('',(0.707106781,0.,0.707106781));
#5704=DIRECTION('',(0.,1.,0.));
#5705=AXIS2_PLACEMENT_3D('',#5702,#5703,#5704);
#5706=PLANE('',#5705);
#5707=ORIENTED_EDGE('',*,*,#5696,.T.);
#5708=ORIENTED_EDGE('',*,*,#3302,.F.);
#5709=ORIENTED_EDGE('',*,*,#3425,.F.);
#5710=ORIENTED_EDGE('',*,*,#220,.F.);
#5711=EDGE_LOOP('',(#5707,#5708,#5709,#5710));
#5712=FACE_BOUND('',#5711,.T.);
#5713=ADVANCED_FACE('',(#5712),#5706,.T.);
#5714=CARTESIAN_POINT('',(-4.5,50.,0.));
#5715=DIRECTION('',(-0.707106781,0.,0.707106781));
#5716=DIRECTION('',(0.,1.,0.));
#5717=AXIS2_PLACEMENT_3D('',#5714,#5715,#5716);
#5718=PLANE('',#5717);
#5719=CARTESIAN_POINT('',(-5.,88.828427125,-0.5));
#5720=DIRECTION('',(0.678598345,-0.281084638,0.678598345));
#5721=VECTOR('',#5720,0.736812879);
#5722=LINE('',#5719,#5721);
#5723=EDGE_CURVE('',#3880,#95,#5722,.T.);
#5724=ORIENTED_EDGE('',*,*,#5723,.F.);
#5725=ORIENTED_EDGE('',*,*,#4059,.F.);
#5726=CARTESIAN_POINT('',(-4.5,48.378679656,0.));
#5727=DIRECTION('',(-0.678598345,-0.281084638,-0.678598345));
#5728=VECTOR('',#5727,0.736812879);
#5729=LINE('',#5726,#5728);
#5730=EDGE_CURVE('',#103,#4032,#5729,.T.);
#5731=ORIENTED_EDGE('',*,*,#5730,.F.);
#5732=ORIENTED_EDGE('',*,*,#108,.F.);
#5733=EDGE_LOOP('',(#5724,#5725,#5731,#5732));
#5734=FACE_BOUND('',#5733,.T.);
#5735=ADVANCED_FACE('',(#5734),#5718,.T.);
#5736=CARTESIAN_POINT('',(-3.060660172,46.939339828,0.));
#5737=DIRECTION('',(-0.5,-0.5,0.707106781));
#5738=DIRECTION('',(-0.707106781,0.707106781,-0.));
#5739=AXIS2_PLACEMENT_3D('',#5736,#5737,#5738);
#5740=PLANE('',#5739);
#5741=ORIENTED_EDGE('',*,*,#5730,.T.);
#5742=ORIENTED_EDGE('',*,*,#4037,.F.);
#5743=CARTESIAN_POINT('',(-1.621320344,45.5,0.));
#5744=DIRECTION('',(-0.281084638,-0.678598345,-0.678598345));
#5745=VECTOR('',#5744,0.736812879);
#5746=LINE('',#5743,#5745);
#5747=EDGE_CURVE('',#111,#4008,#5746,.T.);
#5748=ORIENTED_EDGE('',*,*,#5747,.F.);
#5749=ORIENTED_EDGE('',*,*,#116,.F.);
#5750=EDGE_LOOP('',(#5741,#5742,#5748,#5749));
#5751=FACE_BOUND('',#5750,.T.);
#5752=ADVANCED_FACE('',(#5751),#5740,.T.);
#5753=CARTESIAN_POINT('',(-21.560660172,71.560660172,0.));
#5754=DIRECTION('',(-0.5,0.5,0.707106781));
#5755=DIRECTION('',(0.707106781,0.707106781,0.));
#5756=AXIS2_PLACEMENT_3D('',#5753,#5754,#5755);
#5757=PLANE('',#5756);
#5758=ORIENTED_EDGE('',*,*,#5723,.T.);
#5759=ORIENTED_EDGE('',*,*,#100,.F.);
#5760=CARTESIAN_POINT('',(-1.828427125,92.,-0.5));
#5761=DIRECTION('',(0.281084638,-0.678598345,0.678598345));
#5762=VECTOR('',#5761,0.736812879);
#5763=LINE('',#5760,#5762);
#5764=EDGE_CURVE('',#3888,#87,#5763,.T.);
#5765=ORIENTED_EDGE('',*,*,#5764,.F.);
#5766=ORIENTED_EDGE('',*,*,#3893,.F.);
#5767=EDGE_LOOP('',(#5758,#5759,#5765,#5766));
#5768=FACE_BOUND('',#5767,.T.);
#5769=ADVANCED_FACE('',(#5768),#5757,.T.);
#5770=CARTESIAN_POINT('',(0.,45.5,0.));
#5771=DIRECTION('',(0.,-0.707106781,0.707106781));
#5772=DIRECTION('',(-1.,0.,0.));
#5773=AXIS2_PLACEMENT_3D('',#5770,#5771,#5772);
#5774=PLANE('',#5773);
#5775=ORIENTED_EDGE('',*,*,#5747,.T.);
#5776=ORIENTED_EDGE('',*,*,#4013,.F.);
#5777=CARTESIAN_POINT('',(40.621320344,45.5,-0.));
#5778=DIRECTION('',(0.281084638,-0.678598345,-0.678598345));
#5779=VECTOR('',#5778,0.736812879);
#5780=LINE('',#5777,#5779);
#5781=EDGE_CURVE('',#61,#3984,#5780,.T.);
#5782=ORIENTED_EDGE('',*,*,#5781,.F.);
#5783=ORIENTED_EDGE('',*,*,#122,.F.);
#5784=EDGE_LOOP('',(#5775,#5776,#5782,#5783));
#5785=FACE_BOUND('',#5784,.T.);
#5786=ADVANCED_FACE('',(#5785),#5774,.T.);
#5787=CARTESIAN_POINT('',(-0.,91.5,0.));
#5788=DIRECTION('',(-0.,0.707106781,0.707106781));
#5789=DIRECTION('',(1.,0.,0.));
#5790=AXIS2_PLACEMENT_3D('',#5787,#5788,#5789);
#5791=PLANE('',#5790);
#5792=ORIENTED_EDGE('',*,*,#5764,.T.);
#5793=ORIENTED_EDGE('',*,*,#92,.F.);
#5794=CARTESIAN_POINT('',(40.828427125,92.,-0.5));
#5795=DIRECTION('',(-0.281084638,-0.678598345,0.678598345));
#5796=VECTOR('',#5795,0.736812879);
#5797=LINE('',#5794,#5796);
#5798=EDGE_CURVE('',#3912,#79,#5797,.T.);
#5799=ORIENTED_EDGE('',*,*,#5798,.F.);
#5800=ORIENTED_EDGE('',*,*,#3917,.F.);
#5801=EDGE_LOOP('',(#5792,#5793,#5799,#5800));
#5802=FACE_BOUND('',#5801,.T.);
#5803=ADVANCED_FACE('',(#5802),#5791,.T.);
#5804=CARTESIAN_POINT('',(22.560660172,27.439339828,0.));
#5805=DIRECTION('',(0.5,-0.5,0.707106781));
#5806=DIRECTION('',(-0.707106781,-0.707106781,0.));
#5807=AXIS2_PLACEMENT_3D('',#5804,#5805,#5806);
#5808=PLANE('',#5807);
#5809=ORIENTED_EDGE('',*,*,#5781,.T.);
#5810=ORIENTED_EDGE('',*,*,#3989,.F.);
#5811=CARTESIAN_POINT('',(43.5,48.378679656,-0.));
#5812=DIRECTION('',(0.678598345,-0.281084638,-0.678598345));
#5813=VECTOR('',#5812,0.736812879);
#5814=LINE('',#5811,#5813);
#5815=EDGE_CURVE('',#63,#3960,#5814,.T.);
#5816=ORIENTED_EDGE('',*,*,#5815,.F.);
#5817=ORIENTED_EDGE('',*,*,#68,.F.);
#5818=EDGE_LOOP('',(#5809,#5810,#5816,#5817));
#5819=FACE_BOUND('',#5818,.T.);
#5820=ADVANCED_FACE('',(#5819),#5808,.T.);
#5821=CARTESIAN_POINT('',(41.060660172,91.060660172,0.));
#5822=DIRECTION('',(0.5,0.5,0.707106781));
#5823=DIRECTION('',(0.707106781,-0.707106781,0.));
#5824=AXIS2_PLACEMENT_3D('',#5821,#5822,#5823);
#5825=PLANE('',#5824);
#5826=ORIENTED_EDGE('',*,*,#5798,.T.);
#5827=ORIENTED_EDGE('',*,*,#84,.F.);
#5828=CARTESIAN_POINT('',(44.,88.828427125,-0.5));
#5829=DIRECTION('',(-0.678598345,-0.281084638,0.678598345));
#5830=VECTOR('',#5829,0.736812879);
#5831=LINE('',#5828,#5830);
#5832=EDGE_CURVE('',#3936,#71,#5831,.T.);
#5833=ORIENTED_EDGE('',*,*,#5832,.F.);
#5834=ORIENTED_EDGE('',*,*,#3941,.F.);
#5835=EDGE_LOOP('',(#5826,#5827,#5833,#5834));
#5836=FACE_BOUND('',#5835,.T.);
#5837=ADVANCED_FACE('',(#5836),#5825,.T.);
#5838=CARTESIAN_POINT('',(43.5,50.,0.));
#5839=DIRECTION('',(0.707106781,0.,0.707106781));
#5840=DIRECTION('',(0.,-1.,0.));
#5841=AXIS2_PLACEMENT_3D('',#5838,#5839,#5840);
#5842=PLANE('',#5841);
#5843=ORIENTED_EDGE('',*,*,#5815,.T.);
#5844=ORIENTED_EDGE('',*,*,#3965,.F.);
#5845=ORIENTED_EDGE('',*,*,#5832,.T.);
#5846=ORIENTED_EDGE('',*,*,#76,.F.);
#5847=EDGE_LOOP('',(#5843,#5844,#5845,#5846));
#5848=FACE_BOUND('',#5847,.T.);
#5849=ADVANCED_FACE('',(#5848),#5842,.T.);
#5850=CARTESIAN_POINT('',(41.998326778,69.78773348,4.));
#5851=DIRECTION('',(1.,0.,0.));
#5852=DIRECTION('',(0.,0.,-1.));
#5853=AXIS2_PLACEMENT_3D('',#5850,#5851,#5852);
#5854=PLANE('',#5853);
#5855=ORIENTED_EDGE('',*,*,#3418,.F.);
#5856=CARTESIAN_POINT('',(41.998326778,86.424533039,3.));
#5857=DIRECTION('',(0.,-1.,0.));
#5858=VECTOR('',#5857,33.273599117);
#5859=LINE('',#5856,#5858);
#5860=EDGE_CURVE('',#3407,#3358,#5859,.T.);
#5861=ORIENTED_EDGE('',*,*,#5860,.T.);
#5862=ORIENTED_EDGE('',*,*,#3363,.T.);
#5863=ORIENTED_EDGE('',*,*,#142,.F.);
#5864=EDGE_LOOP('',(#5855,#5861,#5862,#5863));
#5865=FACE_BOUND('',#5864,.T.);
#5866=ADVANCED_FACE('',(#5865),#5854,.T.);
#5867=CARTESIAN_POINT('',(2.500000402,4.500000238,4.));
#5868=DIRECTION('',(0.,0.,1.));
#5869=DIRECTION('',(1.,0.,0.));
#5870=AXIS2_PLACEMENT_3D('',#5867,#5868,#5869);
#5871=PLANE('',#5870);
#5872=ORIENTED_EDGE('',*,*,#3377,.T.);
#5873=CARTESIAN_POINT('',(40.998326778,53.150933922,4.));
#5874=DIRECTION('',(0.,1.,0.));
#5875=VECTOR('',#5874,33.273599117);
#5876=LINE('',#5873,#5875);
#5877=EDGE_CURVE('',#3366,#3399,#5876,.T.);
#5878=ORIENTED_EDGE('',*,*,#5877,.T.);
#5879=ORIENTED_EDGE('',*,*,#3404,.F.);
#5880=ORIENTED_EDGE('',*,*,#3333,.T.);
#5881=EDGE_LOOP('',(#5872,#5878,#5879,#5880));
#5882=FACE_BOUND('',#5881,.T.);
#5883=ADVANCED_FACE('',(#5882),#5871,.T.);
#5884=CARTESIAN_POINT('',(41.998326778,69.78773348,3.));
#5885=DIRECTION('',(-0.707106781,0.,-0.707106781));
#5886=DIRECTION('',(0.,-1.,0.));
#5887=AXIS2_PLACEMENT_3D('',#5884,#5885,#5886);
#5888=PLANE('',#5887);
#5889=ORIENTED_EDGE('',*,*,#3412,.F.);
#5890=ORIENTED_EDGE('',*,*,#5877,.F.);
#5891=ORIENTED_EDGE('',*,*,#3371,.F.);
#5892=ORIENTED_EDGE('',*,*,#5860,.F.);
#5893=EDGE_LOOP('',(#5889,#5890,#5891,#5892));
#5894=FACE_BOUND('',#5893,.T.);
#5895=ADVANCED_FACE('',(#5894),#5888,.F.);
#5896=CLOSED_SHELL('',(#224,#266,#305,#346,#386,#417,#448,#488,#519,#550,#590,#630,#670,#701,#732,#772,#803,#834,#874,#905,#936,#967,#998,#1038,#1069,#1093,
#1124,#1164,#1196,#1221,#1247,#1280,#1320,#1360,#1398,#1429,#1470,#1487,#1511,#1535,#1552,#1592,#1632,#1656,#1678,#1695,#1726,#1756,#1788,#1812,#1860,
#1877,#1901,#1925,#1942,#1997,#2021,#2053,#2085,#2107,#2124,#2146,#2170,#2194,#2216,#2233,#2264,#2295,#2312,#2334,#2358,#2375,#2392,#2409,#2426,#2465,
#2499,#2522,#2548,#2573,#2596,#2629,#2651,#2697,#2721,#2745,#2790,#2814,#2838,#2870,#2894,#2925,#2956,#2987,#3018,#3043,#3074,#3103,#3132,#3179,#3211,
#3251,#3284,#3313,#3351,#3391,#3433,#3609,#3681,#3712,#3736,#3760,#3784,#3808,#3832,#3856,#3873,#3904,#3928,#3952,#3976,#4000,#4024,#4048,#4065,#4098,
#4130,#4154,#4180,#4230,#4254,#4278,#4302,#4326,#4350,#4394,#4420,#4444,#4476,#4502,#4526,#4550,#4600,#4631,#4671,#4712,#4743,#4784,#4815,#4856,#4887,
#4928,#4959,#4990,#5021,#5062,#5093,#5126,#5157,#5190,#5221,#5262,#5293,#5343,#5374,#5396,#5418,#5440,#5457,#5515,#5526,#5554,#5565,#5582,#5599,#5616,
#5633,#5650,#5667,#5684,#5701,#5713,#5735,#5752,#5769,#5786,#5803,#5820,#5837,#5849,#5866,#5883,#5895));
#5897=MANIFOLD_SOLID_BREP('Body 30 (1)',#5896);
#5898=COLOUR_RGB('',0.494117647,0.494117647,0.525490224);
#5899=FILL_AREA_STYLE_COLOUR('',#5898);
#5900=FILL_AREA_STYLE('',(#5899));
#5901=SURFACE_STYLE_FILL_AREA(#5900);
#5902=SURFACE_SIDE_STYLE('',(#5901));
#5903=SURFACE_STYLE_USAGE(.BOTH.,#5902);
#5904=PRESENTATION_STYLE_ASSIGNMENT((#5903));
#54=STYLED_ITEM('',(#5904),#5897);
#5906=CARTESIAN_POINT('',(32.5,80.5,-5.));
#5907=DIRECTION('',(0.,0.,-1.));
#5908=DIRECTION('',(-1.,0.,0.));
#5909=AXIS2_PLACEMENT_3D('',#5906,#5907,#5908);
#5910=CONICAL_SURFACE('',#5909,9.6,1.909152433);
#5911=CARTESIAN_POINT('',(22.9,80.5,-5.));
#5912=VERTEX_POINT('',#5911);
#5913=CARTESIAN_POINT('',(22.919316355,80.5,-4.420509354));
#5914=VERTEX_POINT('',#5913);
#5915=CARTESIAN_POINT('',(22.9,80.5,-5.));
#5916=DIRECTION('',(0.03331483,-0.,0.999444907));
#5917=VECTOR('',#5916,0.579812496);
#5918=LINE('',#5915,#5917);
#5919=EDGE_CURVE('',#5912,#5914,#5918,.T.);
#5920=ORIENTED_EDGE('',*,*,#5919,.T.);
#5921=CARTESIAN_POINT('',(42.080683645,80.5,-4.420509354));
#5922=VERTEX_POINT('',#5921);
#5923=CARTESIAN_POINT('',(32.5,80.5,-4.420509354));
#5924=DIRECTION('',(0.,0.,1.));
#5925=DIRECTION('',(1.,0.,-0.));
#5926=AXIS2_PLACEMENT_3D('',#5923,#5924,#5925);
#5927=CIRCLE('',#5926,9.580683645);
#5928=EDGE_CURVE('',#5922,#5914,#5927,.T.);
#5929=ORIENTED_EDGE('',*,*,#5928,.F.);
#5930=CARTESIAN_POINT('',(32.5,80.5,-4.420509354));
#5931=DIRECTION('',(0.,0.,1.));
#5932=DIRECTION('',(1.,0.,-0.));
#5933=AXIS2_PLACEMENT_3D('',#5930,#5931,#5932);
#5934=CIRCLE('',#5933,9.580683645);
#5935=EDGE_CURVE('',#5914,#5922,#5934,.T.);
#5936=ORIENTED_EDGE('',*,*,#5935,.F.);
#5937=ORIENTED_EDGE('',*,*,#5919,.F.);
#5938=CARTESIAN_POINT('',(32.5,80.5,-5.));
#5939=DIRECTION('',(0.,0.,-1.));
#5940=DIRECTION('',(-1.,0.,0.));
#5941=AXIS2_PLACEMENT_3D('',#5938,#5939,#5940);
#5942=CIRCLE('',#5941,9.6);
#5943=EDGE_CURVE('',#5912,#5912,#5942,.T.);
#5944=ORIENTED_EDGE('',*,*,#5943,.F.);
#5945=EDGE_LOOP('',(#5920,#5929,#5936,#5937,#5944));
#5946=FACE_BOUND('',#5945,.T.);
#5947=ADVANCED_FACE(' DE      591',(#5946),#5910,.T.);
#5948=CARTESIAN_POINT('',(32.5,80.5,-4.610743089));
#5949=DIRECTION('',(0.,0.,1.));
#5950=DIRECTION('',(1.,0.,-0.));
#5951=AXIS2_PLACEMENT_3D('',#5948,#5949,#5950);
#5952=CONICAL_SURFACE('',#5951,9.538832223,12.407418527);
#5953=CARTESIAN_POINT('',(42.151195703,80.5,-4.1));
#5954=VERTEX_POINT('',#5953);
#5955=CARTESIAN_POINT('',(42.151195703,80.5,-4.1));
#5956=DIRECTION('',(-0.214861783,-0.,-0.976644467));
#5957=VECTOR('',#5956,0.328174033);
#5958=LINE('',#5955,#5957);
#5959=EDGE_CURVE('',#5954,#5922,#5958,.T.);
#5960=ORIENTED_EDGE('',*,*,#5959,.T.);
#5961=ORIENTED_EDGE('',*,*,#5928,.T.);
#5962=ORIENTED_EDGE('',*,*,#5935,.T.);
#5963=ORIENTED_EDGE('',*,*,#5959,.F.);
#5964=CARTESIAN_POINT('',(32.5,80.5,-4.1));
#5965=DIRECTION('',(-0.,-0.,-1.));
#5966=DIRECTION('',(1.,0.,-0.));
#5967=AXIS2_PLACEMENT_3D('',#5964,#5965,#5966);
#5968=CIRCLE('',#5967,9.651195703);
#5969=EDGE_CURVE('',#5954,#5954,#5968,.T.);
#5970=ORIENTED_EDGE('',*,*,#5969,.T.);
#5971=EDGE_LOOP('',(#5960,#5961,#5962,#5963,#5970));
#5972=FACE_BOUND('',#5971,.T.);
#5973=ADVANCED_FACE(' DE      603',(#5972),#5952,.T.);
#5974=CARTESIAN_POINT('',(32.5,70.955,-4.1));
#5975=DIRECTION('',(0.,0.,1.));
#5976=DIRECTION('',(1.,0.,0.));
#5977=AXIS2_PLACEMENT_3D('',#5974,#5975,#5976);
#5978=PLANE('',#5977);
#5979=ORIENTED_EDGE('',*,*,#5969,.F.);
#5980=EDGE_LOOP('',(#5979));
#5981=FACE_BOUND('',#5980,.T.);
#5982=CARTESIAN_POINT('',(22.93,80.5,-4.1));
#5983=VERTEX_POINT('',#5982);
#5984=CARTESIAN_POINT('',(32.5,80.5,-4.1));
#5985=DIRECTION('',(0.,0.,-1.));
#5986=DIRECTION('',(-1.,0.,0.));
#5987=AXIS2_PLACEMENT_3D('',#5984,#5985,#5986);
#5988=CIRCLE('',#5987,9.57);
#5989=EDGE_CURVE('',#5983,#5983,#5988,.T.);
#5990=ORIENTED_EDGE('',*,*,#5989,.T.);
#5991=EDGE_LOOP('',(#5990));
#5992=FACE_BOUND('',#5991,.T.);
#5993=ADVANCED_FACE(' DE      617',(#5981,#5992),#5978,.T.);
#5994=CARTESIAN_POINT('',(32.5,80.5,-5.));
#5995=DIRECTION('',(0.,0.,-1.));
#5996=DIRECTION('',(-1.,0.,0.));
#5997=AXIS2_PLACEMENT_3D('',#5994,#5995,#5996);
#5998=CONICAL_SURFACE('',#5997,9.6,1.909152433);
#5999=CARTESIAN_POINT('',(22.933790039,80.5,-3.986298827));
#6000=VERTEX_POINT('',#5999);
#6001=CARTESIAN_POINT('',(22.93,80.5,-4.1));
#6002=DIRECTION('',(0.03331483,-0.,0.999444907));
#6003=VECTOR('',#6002,0.113764322);
#6004=LINE('',#6001,#6003);
#6005=EDGE_CURVE('',#5983,#6000,#6004,.T.);
#6006=ORIENTED_EDGE('',*,*,#6005,.T.);
#6007=CARTESIAN_POINT('',(42.066209961,80.5,-3.986298827));
#6008=VERTEX_POINT('',#6007);
#6009=CARTESIAN_POINT('',(32.5,80.5,-3.986298827));
#6010=DIRECTION('',(0.,0.,1.));
#6011=DIRECTION('',(1.,0.,-0.));
#6012=AXIS2_PLACEMENT_3D('',#6009,#6010,#6011);
#6013=CIRCLE('',#6012,9.566209961);
#6014=EDGE_CURVE('',#6008,#6000,#6013,.T.);
#6015=ORIENTED_EDGE('',*,*,#6014,.F.);
#6016=CARTESIAN_POINT('',(32.5,80.5,-3.986298827));
#6017=DIRECTION('',(0.,0.,1.));
#6018=DIRECTION('',(1.,0.,-0.));
#6019=AXIS2_PLACEMENT_3D('',#6016,#6017,#6018);
#6020=CIRCLE('',#6019,9.566209961);
#6021=EDGE_CURVE('',#6000,#6008,#6020,.T.);
#6022=ORIENTED_EDGE('',*,*,#6021,.F.);
#6023=ORIENTED_EDGE('',*,*,#6005,.F.);
#6024=ORIENTED_EDGE('',*,*,#5989,.F.);
#6025=EDGE_LOOP('',(#6006,#6015,#6022,#6023,#6024));
#6026=FACE_BOUND('',#6025,.T.);
#6027=ADVANCED_FACE(' DE      629',(#6026),#5998,.T.);
#6028=CARTESIAN_POINT('',(32.5,80.5,-4.110743089));
#6029=DIRECTION('',(0.,0.,1.));
#6030=DIRECTION('',(1.,0.,-0.));
#6031=AXIS2_PLACEMENT_3D('',#6028,#6029,#6030);
#6032=CONICAL_SURFACE('',#6031,9.538832223,12.407418527);
#6033=CARTESIAN_POINT('',(42.151195703,80.5,-3.6));
#6034=VERTEX_POINT('',#6033);
#6035=CARTESIAN_POINT('',(42.151195703,80.5,-3.6));
#6036=DIRECTION('',(-0.214861783,-0.,-0.976644467));
#6037=VECTOR('',#6036,0.3955368);
#6038=LINE('',#6035,#6037);
#6039=EDGE_CURVE('',#6034,#6008,#6038,.T.);
#6040=ORIENTED_EDGE('',*,*,#6039,.T.);
#6041=ORIENTED_EDGE('',*,*,#6014,.T.);
#6042=ORIENTED_EDGE('',*,*,#6021,.T.);
#6043=ORIENTED_EDGE('',*,*,#6039,.F.);
#6044=CARTESIAN_POINT('',(32.5,80.5,-3.6));
#6045=DIRECTION('',(-0.,-0.,-1.));
#6046=DIRECTION('',(1.,0.,-0.));
#6047=AXIS2_PLACEMENT_3D('',#6044,#6045,#6046);
#6048=CIRCLE('',#6047,9.651195703);
#6049=EDGE_CURVE('',#6034,#6034,#6048,.T.);
#6050=ORIENTED_EDGE('',*,*,#6049,.T.);
#6051=EDGE_LOOP('',(#6040,#6041,#6042,#6043,#6050));
#6052=FACE_BOUND('',#6051,.T.);
#6053=ADVANCED_FACE(' DE      641',(#6052),#6032,.T.);
#6054=CARTESIAN_POINT('',(32.5,70.955,-3.6));
#6055=DIRECTION('',(0.,0.,1.));
#6056=DIRECTION('',(1.,0.,0.));
#6057=AXIS2_PLACEMENT_3D('',#6054,#6055,#6056);
#6058=PLANE('',#6057);
#6059=ORIENTED_EDGE('',*,*,#6049,.F.);
#6060=EDGE_LOOP('',(#6059));
#6061=FACE_BOUND('',#6060,.T.);
#6062=CARTESIAN_POINT('',(22.946666667,80.5,-3.6));
#6063=VERTEX_POINT('',#6062);
#6064=CARTESIAN_POINT('',(32.5,80.5,-3.6));
#6065=DIRECTION('',(0.,0.,-1.));
#6066=DIRECTION('',(-1.,0.,0.));
#6067=AXIS2_PLACEMENT_3D('',#6064,#6065,#6066);
#6068=CIRCLE('',#6067,9.553333333);
#6069=EDGE_CURVE('',#6063,#6063,#6068,.T.);
#6070=ORIENTED_EDGE('',*,*,#6069,.T.);
#6071=EDGE_LOOP('',(#6070));
#6072=FACE_BOUND('',#6071,.T.);
#6073=ADVANCED_FACE(' DE      655',(#6061,#6072),#6058,.T.);
#6074=CARTESIAN_POINT('',(32.5,80.5,-5.));
#6075=DIRECTION('',(0.,0.,-1.));
#6076=DIRECTION('',(-1.,0.,0.));
#6077=AXIS2_PLACEMENT_3D('',#6074,#6075,#6076);
#6078=CONICAL_SURFACE('',#6077,9.6,1.909152433);
#6079=CARTESIAN_POINT('',(22.972368421,80.5,-2.828947368));
#6080=VERTEX_POINT('',#6079);
#6081=CARTESIAN_POINT('',(22.946666667,80.5,-3.6));
#6082=DIRECTION('',(0.03331483,-0.,0.999444907));
#6083=VECTOR('',#6082,0.771480875);
#6084=LINE('',#6081,#6083);
#6085=EDGE_CURVE('',#6063,#6080,#6084,.T.);
#6086=ORIENTED_EDGE('',*,*,#6085,.T.);
#6087=CARTESIAN_POINT('',(42.027631579,80.5,-2.828947368));
#6088=VERTEX_POINT('',#6087);
#6089=CARTESIAN_POINT('',(32.5,80.5,-2.828947368));
#6090=DIRECTION('',(0.,0.,1.));
#6091=DIRECTION('',(1.,0.,-0.));
#6092=AXIS2_PLACEMENT_3D('',#6089,#6090,#6091);
#6093=CIRCLE('',#6092,9.527631579);
#6094=EDGE_CURVE('',#6088,#6080,#6093,.T.);
#6095=ORIENTED_EDGE('',*,*,#6094,.F.);
#6096=CARTESIAN_POINT('',(32.5,80.5,-2.828947368));
#6097=DIRECTION('',(0.,0.,1.));
#6098=DIRECTION('',(1.,0.,-0.));
#6099=AXIS2_PLACEMENT_3D('',#6096,#6097,#6098);
#6100=CIRCLE('',#6099,9.527631579);
#6101=EDGE_CURVE('',#6080,#6088,#6100,.T.);
#6102=ORIENTED_EDGE('',*,*,#6101,.F.);
#6103=ORIENTED_EDGE('',*,*,#6085,.F.);
#6104=ORIENTED_EDGE('',*,*,#6069,.F.);
#6105=EDGE_LOOP('',(#6086,#6095,#6102,#6103,#6104));
#6106=FACE_BOUND('',#6105,.T.);
#6107=ADVANCED_FACE(' DE      667',(#6106),#6078,.T.);
#6108=CARTESIAN_POINT('',(32.5,80.5,-1.290211915));
#6109=DIRECTION('',(0.,0.,-1.));
#6110=DIRECTION('',(-1.,0.,0.));
#6111=AXIS2_PLACEMENT_3D('',#6108,#6109,#6110);
#6112=CYLINDRICAL_SURFACE('',#6111,9.6);
#6113=CARTESIAN_POINT('',(22.9,80.5,-2.5));
#6114=VERTEX_POINT('',#6113);
#6115=CARTESIAN_POINT('',(22.9,80.5,-2.));
#6116=VERTEX_POINT('',#6115);
#6117=CARTESIAN_POINT('',(22.9,80.5,-2.5));
#6118=DIRECTION('',(-0.,-0.,1.));
#6119=VECTOR('',#6118,0.5);
#6120=LINE('',#6117,#6119);
#6121=EDGE_CURVE('',#6114,#6116,#6120,.T.);
#6122=ORIENTED_EDGE('',*,*,#6121,.T.);
#6123=CARTESIAN_POINT('',(32.5,80.5,-2.));
#6124=DIRECTION('',(0.,0.,-1.));
#6125=DIRECTION('',(-1.,0.,0.));
#6126=AXIS2_PLACEMENT_3D('',#6123,#6124,#6125);
#6127=CIRCLE('',#6126,9.6);
#6128=EDGE_CURVE('',#6116,#6116,#6127,.T.);
#6129=ORIENTED_EDGE('',*,*,#6128,.T.);
#6130=ORIENTED_EDGE('',*,*,#6121,.F.);
#6131=CARTESIAN_POINT('',(42.1,80.5,-2.5));
#6132=VERTEX_POINT('',#6131);
#6133=CARTESIAN_POINT('',(32.5,80.5,-2.5));
#6134=DIRECTION('',(-0.,-0.,-1.));
#6135=DIRECTION('',(1.,0.,-0.));
#6136=AXIS2_PLACEMENT_3D('',#6133,#6134,#6135);
#6137=CIRCLE('',#6136,9.6);
#6138=EDGE_CURVE('',#6132,#6114,#6137,.T.);
#6139=ORIENTED_EDGE('',*,*,#6138,.F.);
#6140=CARTESIAN_POINT('',(32.5,80.5,-2.5));
#6141=DIRECTION('',(-0.,-0.,-1.));
#6142=DIRECTION('',(1.,0.,-0.));
#6143=AXIS2_PLACEMENT_3D('',#6140,#6141,#6142);
#6144=CIRCLE('',#6143,9.6);
#6145=EDGE_CURVE('',#6114,#6132,#6144,.T.);
#6146=ORIENTED_EDGE('',*,*,#6145,.F.);
#6147=EDGE_LOOP('',(#6122,#6129,#6130,#6139,#6146));
#6148=FACE_BOUND('',#6147,.T.);
#6149=ADVANCED_FACE(' DE      679',(#6148),#6112,.T.);
#6150=CARTESIAN_POINT('',(32.5,80.5,-2.868421053));
#6151=DIRECTION('',(0.,0.,1.));
#6152=DIRECTION('',(1.,0.,-0.));
#6153=AXIS2_PLACEMENT_3D('',#6150,#6151,#6152);
#6154=CONICAL_SURFACE('',#6153,9.518947368,12.407418527);
#6155=CARTESIAN_POINT('',(42.1,80.5,-2.5));
#6156=DIRECTION('',(-0.214861783,-0.,-0.976644467));
#6157=VECTOR('',#6156,0.336813835);
#6158=LINE('',#6155,#6157);
#6159=EDGE_CURVE('',#6132,#6088,#6158,.T.);
#6160=ORIENTED_EDGE('',*,*,#6159,.T.);
#6161=ORIENTED_EDGE('',*,*,#6094,.T.);
#6162=ORIENTED_EDGE('',*,*,#6101,.T.);
#6163=ORIENTED_EDGE('',*,*,#6159,.F.);
#6164=ORIENTED_EDGE('',*,*,#6138,.T.);
#6165=ORIENTED_EDGE('',*,*,#6145,.T.);
#6166=EDGE_LOOP('',(#6160,#6161,#6162,#6163,#6164,#6165));
#6167=FACE_BOUND('',#6166,.T.);
#6168=ADVANCED_FACE(' DE      691',(#6167),#6154,.T.);
#6169=CARTESIAN_POINT('',(32.5,50.5,-5.));
#6170=DIRECTION('',(0.,0.,1.));
#6171=DIRECTION('',(0.,1.,0.));
#6172=AXIS2_PLACEMENT_3D('',#6169,#6170,#6171);
#6173=PLANE('',#6172);
#6174=ORIENTED_EDGE('',*,*,#5943,.T.);
#6175=EDGE_LOOP('',(#6174));
#6176=FACE_BOUND('',#6175,.T.);
#6177=ADVANCED_FACE(' DE      729',(#6176),#6173,.F.);
#6178=CARTESIAN_POINT('',(32.5,80.5,-2.));
#6179=DIRECTION('',(0.,0.,-1.));
#6180=DIRECTION('',(-1.,0.,0.));
#6181=AXIS2_PLACEMENT_3D('',#6178,#6179,#6180);
#6182=PLANE('',#6181);
#6183=ORIENTED_EDGE('',*,*,#6128,.F.);
#6184=EDGE_LOOP('',(#6183));
#6185=FACE_BOUND('',#6184,.T.);
#6186=ADVANCED_FACE('',(#6185),#6182,.F.);
#6187=CLOSED_SHELL('',(#5947,#5973,#5993,#6027,#6053,#6073,#6107,#6149,#6168,#6177,#6186));
#6188=MANIFOLD_SOLID_BREP('V1FFF (1 (2)',#6187);
#6189=COLOUR_RGB('',0.823529422,0.80392158,0.725490212);
#6190=FILL_AREA_STYLE_COLOUR('',#6189);
#6191=FILL_AREA_STYLE('',(#6190));
#6192=SURFACE_STYLE_FILL_AREA(#6191);
#6193=SURFACE_SIDE_STYLE('',(#6192));
#6194=SURFACE_STYLE_USAGE(.BOTH.,#6193);
#6195=PRESENTATION_STYLE_ASSIGNMENT((#6194));
#5905=STYLED_ITEM('',(#6195),#6188);
#6197=CARTESIAN_POINT('',(32.5,56.5,-5.));
#6198=DIRECTION('',(0.,0.,-1.));
#6199=DIRECTION('',(-1.,0.,0.));
#6200=AXIS2_PLACEMENT_3D('',#6197,#6198,#6199);
#6201=CONICAL_SURFACE('',#6200,9.6,1.909152433);
#6202=CARTESIAN_POINT('',(22.9,56.5,-5.));
#6203=VERTEX_POINT('',#6202);
#6204=CARTESIAN_POINT('',(22.919316355,56.5,-4.420509354));
#6205=VERTEX_POINT('',#6204);
#6206=CARTESIAN_POINT('',(22.9,56.5,-5.));
#6207=DIRECTION('',(0.03331483,-0.,0.999444907));
#6208=VECTOR('',#6207,0.579812496);
#6209=LINE('',#6206,#6208);
#6210=EDGE_CURVE('',#6203,#6205,#6209,.T.);
#6211=ORIENTED_EDGE('',*,*,#6210,.T.);
#6212=CARTESIAN_POINT('',(42.080683645,56.5,-4.420509354));
#6213=VERTEX_POINT('',#6212);
#6214=CARTESIAN_POINT('',(32.5,56.5,-4.420509354));
#6215=DIRECTION('',(0.,0.,1.));
#6216=DIRECTION('',(1.,0.,-0.));
#6217=AXIS2_PLACEMENT_3D('',#6214,#6215,#6216);
#6218=CIRCLE('',#6217,9.580683645);
#6219=EDGE_CURVE('',#6213,#6205,#6218,.T.);
#6220=ORIENTED_EDGE('',*,*,#6219,.F.);
#6221=CARTESIAN_POINT('',(32.5,56.5,-4.420509354));
#6222=DIRECTION('',(0.,0.,1.));
#6223=DIRECTION('',(1.,0.,-0.));
#6224=AXIS2_PLACEMENT_3D('',#6221,#6222,#6223);
#6225=CIRCLE('',#6224,9.580683645);
#6226=EDGE_CURVE('',#6205,#6213,#6225,.T.);
#6227=ORIENTED_EDGE('',*,*,#6226,.F.);
#6228=ORIENTED_EDGE('',*,*,#6210,.F.);
#6229=CARTESIAN_POINT('',(32.5,56.5,-5.));
#6230=DIRECTION('',(0.,0.,-1.));
#6231=DIRECTION('',(-1.,0.,0.));
#6232=AXIS2_PLACEMENT_3D('',#6229,#6230,#6231);
#6233=CIRCLE('',#6232,9.6);
#6234=EDGE_CURVE('',#6203,#6203,#6233,.T.);
#6235=ORIENTED_EDGE('',*,*,#6234,.F.);
#6236=EDGE_LOOP('',(#6211,#6220,#6227,#6228,#6235));
#6237=FACE_BOUND('',#6236,.T.);
#6238=ADVANCED_FACE(' DE      591',(#6237),#6201,.T.);
#6239=CARTESIAN_POINT('',(32.5,56.5,-4.610743089));
#6240=DIRECTION('',(0.,0.,1.));
#6241=DIRECTION('',(1.,0.,-0.));
#6242=AXIS2_PLACEMENT_3D('',#6239,#6240,#6241);
#6243=CONICAL_SURFACE('',#6242,9.538832223,12.407418527);
#6244=CARTESIAN_POINT('',(42.151195703,56.5,-4.1));
#6245=VERTEX_POINT('',#6244);
#6246=CARTESIAN_POINT('',(42.151195703,56.5,-4.1));
#6247=DIRECTION('',(-0.214861783,-0.,-0.976644467));
#6248=VECTOR('',#6247,0.328174033);
#6249=LINE('',#6246,#6248);
#6250=EDGE_CURVE('',#6245,#6213,#6249,.T.);
#6251=ORIENTED_EDGE('',*,*,#6250,.T.);
#6252=ORIENTED_EDGE('',*,*,#6219,.T.);
#6253=ORIENTED_EDGE('',*,*,#6226,.T.);
#6254=ORIENTED_EDGE('',*,*,#6250,.F.);
#6255=CARTESIAN_POINT('',(32.5,56.5,-4.1));
#6256=DIRECTION('',(-0.,-0.,-1.));
#6257=DIRECTION('',(1.,0.,-0.));
#6258=AXIS2_PLACEMENT_3D('',#6255,#6256,#6257);
#6259=CIRCLE('',#6258,9.651195703);
#6260=EDGE_CURVE('',#6245,#6245,#6259,.T.);
#6261=ORIENTED_EDGE('',*,*,#6260,.T.);
#6262=EDGE_LOOP('',(#6251,#6252,#6253,#6254,#6261));
#6263=FACE_BOUND('',#6262,.T.);
#6264=ADVANCED_FACE(' DE      603',(#6263),#6243,.T.);
#6265=CARTESIAN_POINT('',(32.5,46.955,-4.1));
#6266=DIRECTION('',(0.,0.,1.));
#6267=DIRECTION('',(1.,0.,0.));
#6268=AXIS2_PLACEMENT_3D('',#6265,#6266,#6267);
#6269=PLANE('',#6268);
#6270=ORIENTED_EDGE('',*,*,#6260,.F.);
#6271=EDGE_LOOP('',(#6270));
#6272=FACE_BOUND('',#6271,.T.);
#6273=CARTESIAN_POINT('',(22.93,56.5,-4.1));
#6274=VERTEX_POINT('',#6273);
#6275=CARTESIAN_POINT('',(32.5,56.5,-4.1));
#6276=DIRECTION('',(0.,0.,-1.));
#6277=DIRECTION('',(-1.,0.,0.));
#6278=AXIS2_PLACEMENT_3D('',#6275,#6276,#6277);
#6279=CIRCLE('',#6278,9.57);
#6280=EDGE_CURVE('',#6274,#6274,#6279,.T.);
#6281=ORIENTED_EDGE('',*,*,#6280,.T.);
#6282=EDGE_LOOP('',(#6281));
#6283=FACE_BOUND('',#6282,.T.);
#6284=ADVANCED_FACE(' DE      617',(#6272,#6283),#6269,.T.);
#6285=CARTESIAN_POINT('',(32.5,56.5,-5.));
#6286=DIRECTION('',(0.,0.,-1.));
#6287=DIRECTION('',(-1.,0.,0.));
#6288=AXIS2_PLACEMENT_3D('',#6285,#6286,#6287);
#6289=CONICAL_SURFACE('',#6288,9.6,1.909152433);
#6290=CARTESIAN_POINT('',(22.933790039,56.5,-3.986298827));
#6291=VERTEX_POINT('',#6290);
#6292=CARTESIAN_POINT('',(22.93,56.5,-4.1));
#6293=DIRECTION('',(0.03331483,-0.,0.999444907));
#6294=VECTOR('',#6293,0.113764322);
#6295=LINE('',#6292,#6294);
#6296=EDGE_CURVE('',#6274,#6291,#6295,.T.);
#6297=ORIENTED_EDGE('',*,*,#6296,.T.);
#6298=CARTESIAN_POINT('',(42.066209961,56.5,-3.986298827));
#6299=VERTEX_POINT('',#6298);
#6300=CARTESIAN_POINT('',(32.5,56.5,-3.986298827));
#6301=DIRECTION('',(0.,0.,1.));
#6302=DIRECTION('',(1.,0.,-0.));
#6303=AXIS2_PLACEMENT_3D('',#6300,#6301,#6302);
#6304=CIRCLE('',#6303,9.566209961);
#6305=EDGE_CURVE('',#6299,#6291,#6304,.T.);
#6306=ORIENTED_EDGE('',*,*,#6305,.F.);
#6307=CARTESIAN_POINT('',(32.5,56.5,-3.986298827));
#6308=DIRECTION('',(0.,0.,1.));
#6309=DIRECTION('',(1.,0.,-0.));
#6310=AXIS2_PLACEMENT_3D('',#6307,#6308,#6309);
#6311=CIRCLE('',#6310,9.566209961);
#6312=EDGE_CURVE('',#6291,#6299,#6311,.T.);
#6313=ORIENTED_EDGE('',*,*,#6312,.F.);
#6314=ORIENTED_EDGE('',*,*,#6296,.F.);
#6315=ORIENTED_EDGE('',*,*,#6280,.F.);
#6316=EDGE_LOOP('',(#6297,#6306,#6313,#6314,#6315));
#6317=FACE_BOUND('',#6316,.T.);
#6318=ADVANCED_FACE(' DE      629',(#6317),#6289,.T.);
#6319=CARTESIAN_POINT('',(32.5,56.5,-4.110743089));
#6320=DIRECTION('',(0.,0.,1.));
#6321=DIRECTION('',(1.,0.,-0.));
#6322=AXIS2_PLACEMENT_3D('',#6319,#6320,#6321);
#6323=CONICAL_SURFACE('',#6322,9.538832223,12.407418527);
#6324=CARTESIAN_POINT('',(42.151195703,56.5,-3.6));
#6325=VERTEX_POINT('',#6324);
#6326=CARTESIAN_POINT('',(42.151195703,56.5,-3.6));
#6327=DIRECTION('',(-0.214861783,-0.,-0.976644467));
#6328=VECTOR('',#6327,0.3955368);
#6329=LINE('',#6326,#6328);
#6330=EDGE_CURVE('',#6325,#6299,#6329,.T.);
#6331=ORIENTED_EDGE('',*,*,#6330,.T.);
#6332=ORIENTED_EDGE('',*,*,#6305,.T.);
#6333=ORIENTED_EDGE('',*,*,#6312,.T.);
#6334=ORIENTED_EDGE('',*,*,#6330,.F.);
#6335=CARTESIAN_POINT('',(32.5,56.5,-3.6));
#6336=DIRECTION('',(-0.,-0.,-1.));
#6337=DIRECTION('',(1.,0.,-0.));
#6338=AXIS2_PLACEMENT_3D('',#6335,#6336,#6337);
#6339=CIRCLE('',#6338,9.651195703);
#6340=EDGE_CURVE('',#6325,#6325,#6339,.T.);
#6341=ORIENTED_EDGE('',*,*,#6340,.T.);
#6342=EDGE_LOOP('',(#6331,#6332,#6333,#6334,#6341));
#6343=FACE_BOUND('',#6342,.T.);
#6344=ADVANCED_FACE(' DE      641',(#6343),#6323,.T.);
#6345=CARTESIAN_POINT('',(32.5,46.955,-3.6));
#6346=DIRECTION('',(0.,0.,1.));
#6347=DIRECTION('',(1.,0.,0.));
#6348=AXIS2_PLACEMENT_3D('',#6345,#6346,#6347);
#6349=PLANE('',#6348);
#6350=ORIENTED_EDGE('',*,*,#6340,.F.);
#6351=EDGE_LOOP('',(#6350));
#6352=FACE_BOUND('',#6351,.T.);
#6353=CARTESIAN_POINT('',(22.946666667,56.5,-3.6));
#6354=VERTEX_POINT('',#6353);
#6355=CARTESIAN_POINT('',(32.5,56.5,-3.6));
#6356=DIRECTION('',(0.,0.,-1.));
#6357=DIRECTION('',(-1.,0.,0.));
#6358=AXIS2_PLACEMENT_3D('',#6355,#6356,#6357);
#6359=CIRCLE('',#6358,9.553333333);
#6360=EDGE_CURVE('',#6354,#6354,#6359,.T.);
#6361=ORIENTED_EDGE('',*,*,#6360,.T.);
#6362=EDGE_LOOP('',(#6361));
#6363=FACE_BOUND('',#6362,.T.);
#6364=ADVANCED_FACE(' DE      655',(#6352,#6363),#6349,.T.);
#6365=CARTESIAN_POINT('',(32.5,56.5,-5.));
#6366=DIRECTION('',(0.,0.,-1.));
#6367=DIRECTION('',(-1.,0.,0.));
#6368=AXIS2_PLACEMENT_3D('',#6365,#6366,#6367);
#6369=CONICAL_SURFACE('',#6368,9.6,1.909152433);
#6370=CARTESIAN_POINT('',(22.972368421,56.5,-2.828947368));
#6371=VERTEX_POINT('',#6370);
#6372=CARTESIAN_POINT('',(22.946666667,56.5,-3.6));
#6373=DIRECTION('',(0.03331483,-0.,0.999444907));
#6374=VECTOR('',#6373,0.771480875);
#6375=LINE('',#6372,#6374);
#6376=EDGE_CURVE('',#6354,#6371,#6375,.T.);
#6377=ORIENTED_EDGE('',*,*,#6376,.T.);
#6378=CARTESIAN_POINT('',(42.027631579,56.5,-2.828947368));
#6379=VERTEX_POINT('',#6378);
#6380=CARTESIAN_POINT('',(32.5,56.5,-2.828947368));
#6381=DIRECTION('',(0.,0.,1.));
#6382=DIRECTION('',(1.,0.,-0.));
#6383=AXIS2_PLACEMENT_3D('',#6380,#6381,#6382);
#6384=CIRCLE('',#6383,9.527631579);
#6385=EDGE_CURVE('',#6379,#6371,#6384,.T.);
#6386=ORIENTED_EDGE('',*,*,#6385,.F.);
#6387=CARTESIAN_POINT('',(32.5,56.5,-2.828947368));
#6388=DIRECTION('',(0.,0.,1.));
#6389=DIRECTION('',(1.,0.,-0.));
#6390=AXIS2_PLACEMENT_3D('',#6387,#6388,#6389);
#6391=CIRCLE('',#6390,9.527631579);
#6392=EDGE_CURVE('',#6371,#6379,#6391,.T.);
#6393=ORIENTED_EDGE('',*,*,#6392,.F.);
#6394=ORIENTED_EDGE('',*,*,#6376,.F.);
#6395=ORIENTED_EDGE('',*,*,#6360,.F.);
#6396=EDGE_LOOP('',(#6377,#6386,#6393,#6394,#6395));
#6397=FACE_BOUND('',#6396,.T.);
#6398=ADVANCED_FACE(' DE      667',(#6397),#6369,.T.);
#6399=CARTESIAN_POINT('',(32.5,56.5,-1.290211915));
#6400=DIRECTION('',(0.,0.,-1.));
#6401=DIRECTION('',(-1.,0.,0.));
#6402=AXIS2_PLACEMENT_3D('',#6399,#6400,#6401);
#6403=CYLINDRICAL_SURFACE('',#6402,9.6);
#6404=CARTESIAN_POINT('',(22.9,56.5,-2.5));
#6405=VERTEX_POINT('',#6404);
#6406=CARTESIAN_POINT('',(22.9,56.5,-2.));
#6407=VERTEX_POINT('',#6406);
#6408=CARTESIAN_POINT('',(22.9,56.5,-2.5));
#6409=DIRECTION('',(-0.,-0.,1.));
#6410=VECTOR('',#6409,0.5);
#6411=LINE('',#6408,#6410);
#6412=EDGE_CURVE('',#6405,#6407,#6411,.T.);
#6413=ORIENTED_EDGE('',*,*,#6412,.T.);
#6414=CARTESIAN_POINT('',(32.5,56.5,-2.));
#6415=DIRECTION('',(0.,0.,-1.));
#6416=DIRECTION('',(-1.,0.,0.));
#6417=AXIS2_PLACEMENT_3D('',#6414,#6415,#6416);
#6418=CIRCLE('',#6417,9.6);
#6419=EDGE_CURVE('',#6407,#6407,#6418,.T.);
#6420=ORIENTED_EDGE('',*,*,#6419,.T.);
#6421=ORIENTED_EDGE('',*,*,#6412,.F.);
#6422=CARTESIAN_POINT('',(42.1,56.5,-2.5));
#6423=VERTEX_POINT('',#6422);
#6424=CARTESIAN_POINT('',(32.5,56.5,-2.5));
#6425=DIRECTION('',(-0.,-0.,-1.));
#6426=DIRECTION('',(1.,0.,-0.));
#6427=AXIS2_PLACEMENT_3D('',#6424,#6425,#6426);
#6428=CIRCLE('',#6427,9.6);
#6429=EDGE_CURVE('',#6423,#6405,#6428,.T.);
#6430=ORIENTED_EDGE('',*,*,#6429,.F.);
#6431=CARTESIAN_POINT('',(32.5,56.5,-2.5));
#6432=DIRECTION('',(-0.,-0.,-1.));
#6433=DIRECTION('',(1.,0.,-0.));
#6434=AXIS2_PLACEMENT_3D('',#6431,#6432,#6433);
#6435=CIRCLE('',#6434,9.6);
#6436=EDGE_CURVE('',#6405,#6423,#6435,.T.);
#6437=ORIENTED_EDGE('',*,*,#6436,.F.);
#6438=EDGE_LOOP('',(#6413,#6420,#6421,#6430,#6437));
#6439=FACE_BOUND('',#6438,.T.);
#6440=ADVANCED_FACE(' DE      679',(#6439),#6403,.T.);
#6441=CARTESIAN_POINT('',(32.5,56.5,-2.868421053));
#6442=DIRECTION('',(0.,0.,1.));
#6443=DIRECTION('',(1.,0.,-0.));
#6444=AXIS2_PLACEMENT_3D('',#6441,#6442,#6443);
#6445=CONICAL_SURFACE('',#6444,9.518947368,12.407418527);
#6446=CARTESIAN_POINT('',(42.1,56.5,-2.5));
#6447=DIRECTION('',(-0.214861783,-0.,-0.976644467));
#6448=VECTOR('',#6447,0.336813835);
#6449=LINE('',#6446,#6448);
#6450=EDGE_CURVE('',#6423,#6379,#6449,.T.);
#6451=ORIENTED_EDGE('',*,*,#6450,.T.);
#6452=ORIENTED_EDGE('',*,*,#6385,.T.);
#6453=ORIENTED_EDGE('',*,*,#6392,.T.);
#6454=ORIENTED_EDGE('',*,*,#6450,.F.);
#6455=ORIENTED_EDGE('',*,*,#6429,.T.);
#6456=ORIENTED_EDGE('',*,*,#6436,.T.);
#6457=EDGE_LOOP('',(#6451,#6452,#6453,#6454,#6455,#6456));
#6458=FACE_BOUND('',#6457,.T.);
#6459=ADVANCED_FACE(' DE      691',(#6458),#6445,.T.);
#6460=CARTESIAN_POINT('',(32.5,26.5,-5.));
#6461=DIRECTION('',(0.,0.,1.));
#6462=DIRECTION('',(0.,1.,0.));
#6463=AXIS2_PLACEMENT_3D('',#6460,#6461,#6462);
#6464=PLANE('',#6463);
#6465=ORIENTED_EDGE('',*,*,#6234,.T.);
#6466=EDGE_LOOP('',(#6465));
#6467=FACE_BOUND('',#6466,.T.);
#6468=ADVANCED_FACE(' DE      729',(#6467),#6464,.F.);
#6469=CARTESIAN_POINT('',(32.5,56.5,-2.));
#6470=DIRECTION('',(0.,0.,-1.));
#6471=DIRECTION('',(-1.,0.,0.));
#6472=AXIS2_PLACEMENT_3D('',#6469,#6470,#6471);
#6473=PLANE('',#6472);
#6474=ORIENTED_EDGE('',*,*,#6419,.F.);
#6475=EDGE_LOOP('',(#6474));
#6476=FACE_BOUND('',#6475,.T.);
#6477=ADVANCED_FACE('',(#6476),#6473,.F.);
#6478=CLOSED_SHELL('',(#6238,#6264,#6284,#6318,#6344,#6364,#6398,#6440,#6459,#6468,#6477));
#6479=MANIFOLD_SOLID_BREP('V1FFF (1 (2)',#6478);
#6196=STYLED_ITEM('',(#6195),#6479);
#6481=CARTESIAN_POINT('',(6.5,56.5,-5.));
#6482=DIRECTION('',(0.,0.,-1.));
#6483=DIRECTION('',(-1.,0.,0.));
#6484=AXIS2_PLACEMENT_3D('',#6481,#6482,#6483);
#6485=CONICAL_SURFACE('',#6484,9.6,1.909152433);
#6486=CARTESIAN_POINT('',(-3.1,56.5,-5.));
#6487=VERTEX_POINT('',#6486);
#6488=CARTESIAN_POINT('',(-3.080683645,56.5,-4.420509354));
#6489=VERTEX_POINT('',#6488);
#6490=CARTESIAN_POINT('',(-3.1,56.5,-5.));
#6491=DIRECTION('',(0.03331483,-0.,0.999444907));
#6492=VECTOR('',#6491,0.579812496);
#6493=LINE('',#6490,#6492);
#6494=EDGE_CURVE('',#6487,#6489,#6493,.T.);
#6495=ORIENTED_EDGE('',*,*,#6494,.T.);
#6496=CARTESIAN_POINT('',(16.080683645,56.5,-4.420509354));
#6497=VERTEX_POINT('',#6496);
#6498=CARTESIAN_POINT('',(6.5,56.5,-4.420509354));
#6499=DIRECTION('',(0.,0.,1.));
#6500=DIRECTION('',(1.,0.,-0.));
#6501=AXIS2_PLACEMENT_3D('',#6498,#6499,#6500);
#6502=CIRCLE('',#6501,9.580683645);
#6503=EDGE_CURVE('',#6497,#6489,#6502,.T.);
#6504=ORIENTED_EDGE('',*,*,#6503,.F.);
#6505=CARTESIAN_POINT('',(6.5,56.5,-4.420509354));
#6506=DIRECTION('',(0.,0.,1.));
#6507=DIRECTION('',(1.,0.,-0.));
#6508=AXIS2_PLACEMENT_3D('',#6505,#6506,#6507);
#6509=CIRCLE('',#6508,9.580683645);
#6510=EDGE_CURVE('',#6489,#6497,#6509,.T.);
#6511=ORIENTED_EDGE('',*,*,#6510,.F.);
#6512=ORIENTED_EDGE('',*,*,#6494,.F.);
#6513=CARTESIAN_POINT('',(6.5,56.5,-5.));
#6514=DIRECTION('',(0.,0.,-1.));
#6515=DIRECTION('',(-1.,0.,0.));
#6516=AXIS2_PLACEMENT_3D('',#6513,#6514,#6515);
#6517=CIRCLE('',#6516,9.6);
#6518=EDGE_CURVE('',#6487,#6487,#6517,.T.);
#6519=ORIENTED_EDGE('',*,*,#6518,.F.);
#6520=EDGE_LOOP('',(#6495,#6504,#6511,#6512,#6519));
#6521=FACE_BOUND('',#6520,.T.);
#6522=ADVANCED_FACE(' DE      591',(#6521),#6485,.T.);
#6523=CARTESIAN_POINT('',(6.5,56.5,-4.610743089));
#6524=DIRECTION('',(0.,0.,1.));
#6525=DIRECTION('',(1.,0.,-0.));
#6526=AXIS2_PLACEMENT_3D('',#6523,#6524,#6525);
#6527=CONICAL_SURFACE('',#6526,9.538832223,12.407418527);
#6528=CARTESIAN_POINT('',(16.151195703,56.5,-4.1));
#6529=VERTEX_POINT('',#6528);
#6530=CARTESIAN_POINT('',(16.151195703,56.5,-4.1));
#6531=DIRECTION('',(-0.214861783,-0.,-0.976644467));
#6532=VECTOR('',#6531,0.328174033);
#6533=LINE('',#6530,#6532);
#6534=EDGE_CURVE('',#6529,#6497,#6533,.T.);
#6535=ORIENTED_EDGE('',*,*,#6534,.T.);
#6536=ORIENTED_EDGE('',*,*,#6503,.T.);
#6537=ORIENTED_EDGE('',*,*,#6510,.T.);
#6538=ORIENTED_EDGE('',*,*,#6534,.F.);
#6539=CARTESIAN_POINT('',(6.5,56.5,-4.1));
#6540=DIRECTION('',(-0.,-0.,-1.));
#6541=DIRECTION('',(1.,0.,-0.));
#6542=AXIS2_PLACEMENT_3D('',#6539,#6540,#6541);
#6543=CIRCLE('',#6542,9.651195703);
#6544=EDGE_CURVE('',#6529,#6529,#6543,.T.);
#6545=ORIENTED_EDGE('',*,*,#6544,.T.);
#6546=EDGE_LOOP('',(#6535,#6536,#6537,#6538,#6545));
#6547=FACE_BOUND('',#6546,.T.);
#6548=ADVANCED_FACE(' DE      603',(#6547),#6527,.T.);
#6549=CARTESIAN_POINT('',(6.5,46.955,-4.1));
#6550=DIRECTION('',(0.,0.,1.));
#6551=DIRECTION('',(1.,0.,0.));
#6552=AXIS2_PLACEMENT_3D('',#6549,#6550,#6551);
#6553=PLANE('',#6552);
#6554=ORIENTED_EDGE('',*,*,#6544,.F.);
#6555=EDGE_LOOP('',(#6554));
#6556=FACE_BOUND('',#6555,.T.);
#6557=CARTESIAN_POINT('',(-3.07,56.5,-4.1));
#6558=VERTEX_POINT('',#6557);
#6559=CARTESIAN_POINT('',(6.5,56.5,-4.1));
#6560=DIRECTION('',(0.,0.,-1.));
#6561=DIRECTION('',(-1.,0.,0.));
#6562=AXIS2_PLACEMENT_3D('',#6559,#6560,#6561);
#6563=CIRCLE('',#6562,9.57);
#6564=EDGE_CURVE('',#6558,#6558,#6563,.T.);
#6565=ORIENTED_EDGE('',*,*,#6564,.T.);
#6566=EDGE_LOOP('',(#6565));
#6567=FACE_BOUND('',#6566,.T.);
#6568=ADVANCED_FACE(' DE      617',(#6556,#6567),#6553,.T.);
#6569=CARTESIAN_POINT('',(6.5,56.5,-5.));
#6570=DIRECTION('',(0.,0.,-1.));
#6571=DIRECTION('',(-1.,0.,0.));
#6572=AXIS2_PLACEMENT_3D('',#6569,#6570,#6571);
#6573=CONICAL_SURFACE('',#6572,9.6,1.909152433);
#6574=CARTESIAN_POINT('',(-3.066209961,56.5,-3.986298827));
#6575=VERTEX_POINT('',#6574);
#6576=CARTESIAN_POINT('',(-3.07,56.5,-4.1));
#6577=DIRECTION('',(0.03331483,-0.,0.999444907));
#6578=VECTOR('',#6577,0.113764322);
#6579=LINE('',#6576,#6578);
#6580=EDGE_CURVE('',#6558,#6575,#6579,.T.);
#6581=ORIENTED_EDGE('',*,*,#6580,.T.);
#6582=CARTESIAN_POINT('',(16.066209961,56.5,-3.986298827));
#6583=VERTEX_POINT('',#6582);
#6584=CARTESIAN_POINT('',(6.5,56.5,-3.986298827));
#6585=DIRECTION('',(0.,0.,1.));
#6586=DIRECTION('',(1.,0.,-0.));
#6587=AXIS2_PLACEMENT_3D('',#6584,#6585,#6586);
#6588=CIRCLE('',#6587,9.566209961);
#6589=EDGE_CURVE('',#6583,#6575,#6588,.T.);
#6590=ORIENTED_EDGE('',*,*,#6589,.F.);
#6591=CARTESIAN_POINT('',(6.5,56.5,-3.986298827));
#6592=DIRECTION('',(0.,0.,1.));
#6593=DIRECTION('',(1.,0.,-0.));
#6594=AXIS2_PLACEMENT_3D('',#6591,#6592,#6593);
#6595=CIRCLE('',#6594,9.566209961);
#6596=EDGE_CURVE('',#6575,#6583,#6595,.T.);
#6597=ORIENTED_EDGE('',*,*,#6596,.F.);
#6598=ORIENTED_EDGE('',*,*,#6580,.F.);
#6599=ORIENTED_EDGE('',*,*,#6564,.F.);
#6600=EDGE_LOOP('',(#6581,#6590,#6597,#6598,#6599));
#6601=FACE_BOUND('',#6600,.T.);
#6602=ADVANCED_FACE(' DE      629',(#6601),#6573,.T.);
#6603=CARTESIAN_POINT('',(6.5,56.5,-4.110743089));
#6604=DIRECTION('',(0.,0.,1.));
#6605=DIRECTION('',(1.,0.,-0.));
#6606=AXIS2_PLACEMENT_3D('',#6603,#6604,#6605);
#6607=CONICAL_SURFACE('',#6606,9.538832223,12.407418527);
#6608=CARTESIAN_POINT('',(16.151195703,56.5,-3.6));
#6609=VERTEX_POINT('',#6608);
#6610=CARTESIAN_POINT('',(16.151195703,56.5,-3.6));
#6611=DIRECTION('',(-0.214861783,-0.,-0.976644467));
#6612=VECTOR('',#6611,0.3955368);
#6613=LINE('',#6610,#6612);
#6614=EDGE_CURVE('',#6609,#6583,#6613,.T.);
#6615=ORIENTED_EDGE('',*,*,#6614,.T.);
#6616=ORIENTED_EDGE('',*,*,#6589,.T.);
#6617=ORIENTED_EDGE('',*,*,#6596,.T.);
#6618=ORIENTED_EDGE('',*,*,#6614,.F.);
#6619=CARTESIAN_POINT('',(6.5,56.5,-3.6));
#6620=DIRECTION('',(-0.,-0.,-1.));
#6621=DIRECTION('',(1.,0.,-0.));
#6622=AXIS2_PLACEMENT_3D('',#6619,#6620,#6621);
#6623=CIRCLE('',#6622,9.651195703);
#6624=EDGE_CURVE('',#6609,#6609,#6623,.T.);
#6625=ORIENTED_EDGE('',*,*,#6624,.T.);
#6626=EDGE_LOOP('',(#6615,#6616,#6617,#6618,#6625));
#6627=FACE_BOUND('',#6626,.T.);
#6628=ADVANCED_FACE(' DE      641',(#6627),#6607,.T.);
#6629=CARTESIAN_POINT('',(6.5,46.955,-3.6));
#6630=DIRECTION('',(0.,0.,1.));
#6631=DIRECTION('',(1.,0.,0.));
#6632=AXIS2_PLACEMENT_3D('',#6629,#6630,#6631);
#6633=PLANE('',#6632);
#6634=ORIENTED_EDGE('',*,*,#6624,.F.);
#6635=EDGE_LOOP('',(#6634));
#6636=FACE_BOUND('',#6635,.T.);
#6637=CARTESIAN_POINT('',(-3.053333333,56.5,-3.6));
#6638=VERTEX_POINT('',#6637);
#6639=CARTESIAN_POINT('',(6.5,56.5,-3.6));
#6640=DIRECTION('',(0.,0.,-1.));
#6641=DIRECTION('',(-1.,0.,0.));
#6642=AXIS2_PLACEMENT_3D('',#6639,#6640,#6641);
#6643=CIRCLE('',#6642,9.553333333);
#6644=EDGE_CURVE('',#6638,#6638,#6643,.T.);
#6645=ORIENTED_EDGE('',*,*,#6644,.T.);
#6646=EDGE_LOOP('',(#6645));
#6647=FACE_BOUND('',#6646,.T.);
#6648=ADVANCED_FACE(' DE      655',(#6636,#6647),#6633,.T.);
#6649=CARTESIAN_POINT('',(6.5,56.5,-5.));
#6650=DIRECTION('',(0.,0.,-1.));
#6651=DIRECTION('',(-1.,0.,0.));
#6652=AXIS2_PLACEMENT_3D('',#6649,#6650,#6651);
#6653=CONICAL_SURFACE('',#6652,9.6,1.909152433);
#6654=CARTESIAN_POINT('',(-3.027631579,56.5,-2.828947368));
#6655=VERTEX_POINT('',#6654);
#6656=CARTESIAN_POINT('',(-3.053333333,56.5,-3.6));
#6657=DIRECTION('',(0.03331483,-0.,0.999444907));
#6658=VECTOR('',#6657,0.771480875);
#6659=LINE('',#6656,#6658);
#6660=EDGE_CURVE('',#6638,#6655,#6659,.T.);
#6661=ORIENTED_EDGE('',*,*,#6660,.T.);
#6662=CARTESIAN_POINT('',(16.027631579,56.5,-2.828947368));
#6663=VERTEX_POINT('',#6662);
#6664=CARTESIAN_POINT('',(6.5,56.5,-2.828947368));
#6665=DIRECTION('',(0.,0.,1.));
#6666=DIRECTION('',(1.,0.,-0.));
#6667=AXIS2_PLACEMENT_3D('',#6664,#6665,#6666);
#6668=CIRCLE('',#6667,9.527631579);
#6669=EDGE_CURVE('',#6663,#6655,#6668,.T.);
#6670=ORIENTED_EDGE('',*,*,#6669,.F.);
#6671=CARTESIAN_POINT('',(6.5,56.5,-2.828947368));
#6672=DIRECTION('',(0.,0.,1.));
#6673=DIRECTION('',(1.,0.,-0.));
#6674=AXIS2_PLACEMENT_3D('',#6671,#6672,#6673);
#6675=CIRCLE('',#6674,9.527631579);
#6676=EDGE_CURVE('',#6655,#6663,#6675,.T.);
#6677=ORIENTED_EDGE('',*,*,#6676,.F.);
#6678=ORIENTED_EDGE('',*,*,#6660,.F.);
#6679=ORIENTED_EDGE('',*,*,#6644,.F.);
#6680=EDGE_LOOP('',(#6661,#6670,#6677,#6678,#6679));
#6681=FACE_BOUND('',#6680,.T.);
#6682=ADVANCED_FACE(' DE      667',(#6681),#6653,.T.);
#6683=CARTESIAN_POINT('',(6.5,56.5,-1.290211915));
#6684=DIRECTION('',(0.,0.,-1.));
#6685=DIRECTION('',(-1.,0.,0.));
#6686=AXIS2_PLACEMENT_3D('',#6683,#6684,#6685);
#6687=CYLINDRICAL_SURFACE('',#6686,9.6);
#6688=CARTESIAN_POINT('',(-3.1,56.5,-2.5));
#6689=VERTEX_POINT('',#6688);
#6690=CARTESIAN_POINT('',(-3.1,56.5,-2.));
#6691=VERTEX_POINT('',#6690);
#6692=CARTESIAN_POINT('',(-3.1,56.5,-2.5));
#6693=DIRECTION('',(-0.,-0.,1.));
#6694=VECTOR('',#6693,0.5);
#6695=LINE('',#6692,#6694);
#6696=EDGE_CURVE('',#6689,#6691,#6695,.T.);
#6697=ORIENTED_EDGE('',*,*,#6696,.T.);
#6698=CARTESIAN_POINT('',(6.5,56.5,-2.));
#6699=DIRECTION('',(0.,0.,-1.));
#6700=DIRECTION('',(-1.,0.,0.));
#6701=AXIS2_PLACEMENT_3D('',#6698,#6699,#6700);
#6702=CIRCLE('',#6701,9.6);
#6703=EDGE_CURVE('',#6691,#6691,#6702,.T.);
#6704=ORIENTED_EDGE('',*,*,#6703,.T.);
#6705=ORIENTED_EDGE('',*,*,#6696,.F.);
#6706=CARTESIAN_POINT('',(16.1,56.5,-2.5));
#6707=VERTEX_POINT('',#6706);
#6708=CARTESIAN_POINT('',(6.5,56.5,-2.5));
#6709=DIRECTION('',(-0.,-0.,-1.));
#6710=DIRECTION('',(1.,0.,-0.));
#6711=AXIS2_PLACEMENT_3D('',#6708,#6709,#6710);
#6712=CIRCLE('',#6711,9.6);
#6713=EDGE_CURVE('',#6707,#6689,#6712,.T.);
#6714=ORIENTED_EDGE('',*,*,#6713,.F.);
#6715=CARTESIAN_POINT('',(6.5,56.5,-2.5));
#6716=DIRECTION('',(-0.,-0.,-1.));
#6717=DIRECTION('',(1.,0.,-0.));
#6718=AXIS2_PLACEMENT_3D('',#6715,#6716,#6717);
#6719=CIRCLE('',#6718,9.6);
#6720=EDGE_CURVE('',#6689,#6707,#6719,.T.);
#6721=ORIENTED_EDGE('',*,*,#6720,.F.);
#6722=EDGE_LOOP('',(#6697,#6704,#6705,#6714,#6721));
#6723=FACE_BOUND('',#6722,.T.);
#6724=ADVANCED_FACE(' DE      679',(#6723),#6687,.T.);
#6725=CARTESIAN_POINT('',(6.5,56.5,-2.868421053));
#6726=DIRECTION('',(0.,0.,1.));
#6727=DIRECTION('',(1.,0.,-0.));
#6728=AXIS2_PLACEMENT_3D('',#6725,#6726,#6727);
#6729=CONICAL_SURFACE('',#6728,9.518947368,12.407418527);
#6730=CARTESIAN_POINT('',(16.1,56.5,-2.5));
#6731=DIRECTION('',(-0.214861783,-0.,-0.976644467));
#6732=VECTOR('',#6731,0.336813835);
#6733=LINE('',#6730,#6732);
#6734=EDGE_CURVE('',#6707,#6663,#6733,.T.);
#6735=ORIENTED_EDGE('',*,*,#6734,.T.);
#6736=ORIENTED_EDGE('',*,*,#6669,.T.);
#6737=ORIENTED_EDGE('',*,*,#6676,.T.);
#6738=ORIENTED_EDGE('',*,*,#6734,.F.);
#6739=ORIENTED_EDGE('',*,*,#6713,.T.);
#6740=ORIENTED_EDGE('',*,*,#6720,.T.);
#6741=EDGE_LOOP('',(#6735,#6736,#6737,#6738,#6739,#6740));
#6742=FACE_BOUND('',#6741,.T.);
#6743=ADVANCED_FACE(' DE      691',(#6742),#6729,.T.);
#6744=CARTESIAN_POINT('',(6.5,26.5,-5.));
#6745=DIRECTION('',(0.,0.,1.));
#6746=DIRECTION('',(0.,1.,0.));
#6747=AXIS2_PLACEMENT_3D('',#6744,#6745,#6746);
#6748=PLANE('',#6747);
#6749=ORIENTED_EDGE('',*,*,#6518,.T.);
#6750=EDGE_LOOP('',(#6749));
#6751=FACE_BOUND('',#6750,.T.);
#6752=ADVANCED_FACE(' DE      729',(#6751),#6748,.F.);
#6753=CARTESIAN_POINT('',(6.5,56.5,-2.));
#6754=DIRECTION('',(0.,0.,-1.));
#6755=DIRECTION('',(-1.,0.,0.));
#6756=AXIS2_PLACEMENT_3D('',#6753,#6754,#6755);
#6757=PLANE('',#6756);
#6758=ORIENTED_EDGE('',*,*,#6703,.F.);
#6759=EDGE_LOOP('',(#6758));
#6760=FACE_BOUND('',#6759,.T.);
#6761=ADVANCED_FACE('',(#6760),#6757,.F.);
#6762=CLOSED_SHELL('',(#6522,#6548,#6568,#6602,#6628,#6648,#6682,#6724,#6743,#6752,#6761));
#6763=MANIFOLD_SOLID_BREP('V1FFF (1 (2)',#6762);
#6480=STYLED_ITEM('',(#6195),#6763);
#6765=CARTESIAN_POINT('',(6.5,80.5,-5.));
#6766=DIRECTION('',(0.,0.,-1.));
#6767=DIRECTION('',(-1.,0.,0.));
#6768=AXIS2_PLACEMENT_3D('',#6765,#6766,#6767);
#6769=CONICAL_SURFACE('',#6768,9.6,1.909152433);
#6770=CARTESIAN_POINT('',(-3.1,80.5,-5.));
#6771=VERTEX_POINT('',#6770);
#6772=CARTESIAN_POINT('',(-3.080683645,80.5,-4.420509354));
#6773=VERTEX_POINT('',#6772);
#6774=CARTESIAN_POINT('',(-3.1,80.5,-5.));
#6775=DIRECTION('',(0.03331483,-0.,0.999444907));
#6776=VECTOR('',#6775,0.579812496);
#6777=LINE('',#6774,#6776);
#6778=EDGE_CURVE('',#6771,#6773,#6777,.T.);
#6779=ORIENTED_EDGE('',*,*,#6778,.T.);
#6780=CARTESIAN_POINT('',(16.080683645,80.5,-4.420509354));
#6781=VERTEX_POINT('',#6780);
#6782=CARTESIAN_POINT('',(6.5,80.5,-4.420509354));
#6783=DIRECTION('',(0.,0.,1.));
#6784=DIRECTION('',(1.,0.,-0.));
#6785=AXIS2_PLACEMENT_3D('',#6782,#6783,#6784);
#6786=CIRCLE('',#6785,9.580683645);
#6787=EDGE_CURVE('',#6781,#6773,#6786,.T.);
#6788=ORIENTED_EDGE('',*,*,#6787,.F.);
#6789=CARTESIAN_POINT('',(6.5,80.5,-4.420509354));
#6790=DIRECTION('',(0.,0.,1.));
#6791=DIRECTION('',(1.,0.,-0.));
#6792=AXIS2_PLACEMENT_3D('',#6789,#6790,#6791);
#6793=CIRCLE('',#6792,9.580683645);
#6794=EDGE_CURVE('',#6773,#6781,#6793,.T.);
#6795=ORIENTED_EDGE('',*,*,#6794,.F.);
#6796=ORIENTED_EDGE('',*,*,#6778,.F.);
#6797=CARTESIAN_POINT('',(6.5,80.5,-5.));
#6798=DIRECTION('',(0.,0.,-1.));
#6799=DIRECTION('',(-1.,0.,0.));
#6800=AXIS2_PLACEMENT_3D('',#6797,#6798,#6799);
#6801=CIRCLE('',#6800,9.6);
#6802=EDGE_CURVE('',#6771,#6771,#6801,.T.);
#6803=ORIENTED_EDGE('',*,*,#6802,.F.);
#6804=EDGE_LOOP('',(#6779,#6788,#6795,#6796,#6803));
#6805=FACE_BOUND('',#6804,.T.);
#6806=ADVANCED_FACE(' DE      591',(#6805),#6769,.T.);
#6807=CARTESIAN_POINT('',(6.5,80.5,-4.610743089));
#6808=DIRECTION('',(0.,0.,1.));
#6809=DIRECTION('',(1.,0.,-0.));
#6810=AXIS2_PLACEMENT_3D('',#6807,#6808,#6809);
#6811=CONICAL_SURFACE('',#6810,9.538832223,12.407418527);
#6812=CARTESIAN_POINT('',(16.151195703,80.5,-4.1));
#6813=VERTEX_POINT('',#6812);
#6814=CARTESIAN_POINT('',(16.151195703,80.5,-4.1));
#6815=DIRECTION('',(-0.214861783,-0.,-0.976644467));
#6816=VECTOR('',#6815,0.328174033);
#6817=LINE('',#6814,#6816);
#6818=EDGE_CURVE('',#6813,#6781,#6817,.T.);
#6819=ORIENTED_EDGE('',*,*,#6818,.T.);
#6820=ORIENTED_EDGE('',*,*,#6787,.T.);
#6821=ORIENTED_EDGE('',*,*,#6794,.T.);
#6822=ORIENTED_EDGE('',*,*,#6818,.F.);
#6823=CARTESIAN_POINT('',(6.5,80.5,-4.1));
#6824=DIRECTION('',(-0.,-0.,-1.));
#6825=DIRECTION('',(1.,0.,-0.));
#6826=AXIS2_PLACEMENT_3D('',#6823,#6824,#6825);
#6827=CIRCLE('',#6826,9.651195703);
#6828=EDGE_CURVE('',#6813,#6813,#6827,.T.);
#6829=ORIENTED_EDGE('',*,*,#6828,.T.);
#6830=EDGE_LOOP('',(#6819,#6820,#6821,#6822,#6829));
#6831=FACE_BOUND('',#6830,.T.);
#6832=ADVANCED_FACE(' DE      603',(#6831),#6811,.T.);
#6833=CARTESIAN_POINT('',(6.5,70.955,-4.1));
#6834=DIRECTION('',(0.,0.,1.));
#6835=DIRECTION('',(1.,0.,0.));
#6836=AXIS2_PLACEMENT_3D('',#6833,#6834,#6835);
#6837=PLANE('',#6836);
#6838=ORIENTED_EDGE('',*,*,#6828,.F.);
#6839=EDGE_LOOP('',(#6838));
#6840=FACE_BOUND('',#6839,.T.);
#6841=CARTESIAN_POINT('',(-3.07,80.5,-4.1));
#6842=VERTEX_POINT('',#6841);
#6843=CARTESIAN_POINT('',(6.5,80.5,-4.1));
#6844=DIRECTION('',(0.,0.,-1.));
#6845=DIRECTION('',(-1.,0.,0.));
#6846=AXIS2_PLACEMENT_3D('',#6843,#6844,#6845);
#6847=CIRCLE('',#6846,9.57);
#6848=EDGE_CURVE('',#6842,#6842,#6847,.T.);
#6849=ORIENTED_EDGE('',*,*,#6848,.T.);
#6850=EDGE_LOOP('',(#6849));
#6851=FACE_BOUND('',#6850,.T.);
#6852=ADVANCED_FACE(' DE      617',(#6840,#6851),#6837,.T.);
#6853=CARTESIAN_POINT('',(6.5,80.5,-5.));
#6854=DIRECTION('',(0.,0.,-1.));
#6855=DIRECTION('',(-1.,0.,0.));
#6856=AXIS2_PLACEMENT_3D('',#6853,#6854,#6855);
#6857=CONICAL_SURFACE('',#6856,9.6,1.909152433);
#6858=CARTESIAN_POINT('',(-3.066209961,80.5,-3.986298827));
#6859=VERTEX_POINT('',#6858);
#6860=CARTESIAN_POINT('',(-3.07,80.5,-4.1));
#6861=DIRECTION('',(0.03331483,-0.,0.999444907));
#6862=VECTOR('',#6861,0.113764322);
#6863=LINE('',#6860,#6862);
#6864=EDGE_CURVE('',#6842,#6859,#6863,.T.);
#6865=ORIENTED_EDGE('',*,*,#6864,.T.);
#6866=CARTESIAN_POINT('',(16.066209961,80.5,-3.986298827));
#6867=VERTEX_POINT('',#6866);
#6868=CARTESIAN_POINT('',(6.5,80.5,-3.986298827));
#6869=DIRECTION('',(0.,0.,1.));
#6870=DIRECTION('',(1.,0.,-0.));
#6871=AXIS2_PLACEMENT_3D('',#6868,#6869,#6870);
#6872=CIRCLE('',#6871,9.566209961);
#6873=EDGE_CURVE('',#6867,#6859,#6872,.T.);
#6874=ORIENTED_EDGE('',*,*,#6873,.F.);
#6875=CARTESIAN_POINT('',(6.5,80.5,-3.986298827));
#6876=DIRECTION('',(0.,0.,1.));
#6877=DIRECTION('',(1.,0.,-0.));
#6878=AXIS2_PLACEMENT_3D('',#6875,#6876,#6877);
#6879=CIRCLE('',#6878,9.566209961);
#6880=EDGE_CURVE('',#6859,#6867,#6879,.T.);
#6881=ORIENTED_EDGE('',*,*,#6880,.F.);
#6882=ORIENTED_EDGE('',*,*,#6864,.F.);
#6883=ORIENTED_EDGE('',*,*,#6848,.F.);
#6884=EDGE_LOOP('',(#6865,#6874,#6881,#6882,#6883));
#6885=FACE_BOUND('',#6884,.T.);
#6886=ADVANCED_FACE(' DE      629',(#6885),#6857,.T.);
#6887=CARTESIAN_POINT('',(6.5,80.5,-4.110743089));
#6888=DIRECTION('',(0.,0.,1.));
#6889=DIRECTION('',(1.,0.,-0.));
#6890=AXIS2_PLACEMENT_3D('',#6887,#6888,#6889);
#6891=CONICAL_SURFACE('',#6890,9.538832223,12.407418527);
#6892=CARTESIAN_POINT('',(16.151195703,80.5,-3.6));
#6893=VERTEX_POINT('',#6892);
#6894=CARTESIAN_POINT('',(16.151195703,80.5,-3.6));
#6895=DIRECTION('',(-0.214861783,-0.,-0.976644467));
#6896=VECTOR('',#6895,0.3955368);
#6897=LINE('',#6894,#6896);
#6898=EDGE_CURVE('',#6893,#6867,#6897,.T.);
#6899=ORIENTED_EDGE('',*,*,#6898,.T.);
#6900=ORIENTED_EDGE('',*,*,#6873,.T.);
#6901=ORIENTED_EDGE('',*,*,#6880,.T.);
#6902=ORIENTED_EDGE('',*,*,#6898,.F.);
#6903=CARTESIAN_POINT('',(6.5,80.5,-3.6));
#6904=DIRECTION('',(-0.,-0.,-1.));
#6905=DIRECTION('',(1.,0.,-0.));
#6906=AXIS2_PLACEMENT_3D('',#6903,#6904,#6905);
#6907=CIRCLE('',#6906,9.651195703);
#6908=EDGE_CURVE('',#6893,#6893,#6907,.T.);
#6909=ORIENTED_EDGE('',*,*,#6908,.T.);
#6910=EDGE_LOOP('',(#6899,#6900,#6901,#6902,#6909));
#6911=FACE_BOUND('',#6910,.T.);
#6912=ADVANCED_FACE(' DE      641',(#6911),#6891,.T.);
#6913=CARTESIAN_POINT('',(6.5,70.955,-3.6));
#6914=DIRECTION('',(0.,0.,1.));
#6915=DIRECTION('',(1.,0.,0.));
#6916=AXIS2_PLACEMENT_3D('',#6913,#6914,#6915);
#6917=PLANE('',#6916);
#6918=ORIENTED_EDGE('',*,*,#6908,.F.);
#6919=EDGE_LOOP('',(#6918));
#6920=FACE_BOUND('',#6919,.T.);
#6921=CARTESIAN_POINT('',(-3.053333333,80.5,-3.6));
#6922=VERTEX_POINT('',#6921);
#6923=CARTESIAN_POINT('',(6.5,80.5,-3.6));
#6924=DIRECTION('',(0.,0.,-1.));
#6925=DIRECTION('',(-1.,0.,0.));
#6926=AXIS2_PLACEMENT_3D('',#6923,#6924,#6925);
#6927=CIRCLE('',#6926,9.553333333);
#6928=EDGE_CURVE('',#6922,#6922,#6927,.T.);
#6929=ORIENTED_EDGE('',*,*,#6928,.T.);
#6930=EDGE_LOOP('',(#6929));
#6931=FACE_BOUND('',#6930,.T.);
#6932=ADVANCED_FACE(' DE      655',(#6920,#6931),#6917,.T.);
#6933=CARTESIAN_POINT('',(6.5,80.5,-5.));
#6934=DIRECTION('',(0.,0.,-1.));
#6935=DIRECTION('',(-1.,0.,0.));
#6936=AXIS2_PLACEMENT_3D('',#6933,#6934,#6935);
#6937=CONICAL_SURFACE('',#6936,9.6,1.909152433);
#6938=CARTESIAN_POINT('',(-3.027631579,80.5,-2.828947368));
#6939=VERTEX_POINT('',#6938);
#6940=CARTESIAN_POINT('',(-3.053333333,80.5,-3.6));
#6941=DIRECTION('',(0.03331483,-0.,0.999444907));
#6942=VECTOR('',#6941,0.771480875);
#6943=LINE('',#6940,#6942);
#6944=EDGE_CURVE('',#6922,#6939,#6943,.T.);
#6945=ORIENTED_EDGE('',*,*,#6944,.T.);
#6946=CARTESIAN_POINT('',(16.027631579,80.5,-2.828947368));
#6947=VERTEX_POINT('',#6946);
#6948=CARTESIAN_POINT('',(6.5,80.5,-2.828947368));
#6949=DIRECTION('',(0.,0.,1.));
#6950=DIRECTION('',(1.,0.,-0.));
#6951=AXIS2_PLACEMENT_3D('',#6948,#6949,#6950);
#6952=CIRCLE('',#6951,9.527631579);
#6953=EDGE_CURVE('',#6947,#6939,#6952,.T.);
#6954=ORIENTED_EDGE('',*,*,#6953,.F.);
#6955=CARTESIAN_POINT('',(6.5,80.5,-2.828947368));
#6956=DIRECTION('',(0.,0.,1.));
#6957=DIRECTION('',(1.,0.,-0.));
#6958=AXIS2_PLACEMENT_3D('',#6955,#6956,#6957);
#6959=CIRCLE('',#6958,9.527631579);
#6960=EDGE_CURVE('',#6939,#6947,#6959,.T.);
#6961=ORIENTED_EDGE('',*,*,#6960,.F.);
#6962=ORIENTED_EDGE('',*,*,#6944,.F.);
#6963=ORIENTED_EDGE('',*,*,#6928,.F.);
#6964=EDGE_LOOP('',(#6945,#6954,#6961,#6962,#6963));
#6965=FACE_BOUND('',#6964,.T.);
#6966=ADVANCED_FACE(' DE      667',(#6965),#6937,.T.);
#6967=CARTESIAN_POINT('',(6.5,80.5,-1.290211915));
#6968=DIRECTION('',(0.,0.,-1.));
#6969=DIRECTION('',(-1.,0.,0.));
#6970=AXIS2_PLACEMENT_3D('',#6967,#6968,#6969);
#6971=CYLINDRICAL_SURFACE('',#6970,9.6);
#6972=CARTESIAN_POINT('',(-3.1,80.5,-2.5));
#6973=VERTEX_POINT('',#6972);
#6974=CARTESIAN_POINT('',(-3.1,80.5,-2.));
#6975=VERTEX_POINT('',#6974);
#6976=CARTESIAN_POINT('',(-3.1,80.5,-2.5));
#6977=DIRECTION('',(-0.,-0.,1.));
#6978=VECTOR('',#6977,0.5);
#6979=LINE('',#6976,#6978);
#6980=EDGE_CURVE('',#6973,#6975,#6979,.T.);
#6981=ORIENTED_EDGE('',*,*,#6980,.T.);
#6982=CARTESIAN_POINT('',(6.5,80.5,-2.));
#6983=DIRECTION('',(0.,0.,-1.));
#6984=DIRECTION('',(-1.,0.,0.));
#6985=AXIS2_PLACEMENT_3D('',#6982,#6983,#6984);
#6986=CIRCLE('',#6985,9.6);
#6987=EDGE_CURVE('',#6975,#6975,#6986,.T.);
#6988=ORIENTED_EDGE('',*,*,#6987,.T.);
#6989=ORIENTED_EDGE('',*,*,#6980,.F.);
#6990=CARTESIAN_POINT('',(16.1,80.5,-2.5));
#6991=VERTEX_POINT('',#6990);
#6992=CARTESIAN_POINT('',(6.5,80.5,-2.5));
#6993=DIRECTION('',(-0.,-0.,-1.));
#6994=DIRECTION('',(1.,0.,-0.));
#6995=AXIS2_PLACEMENT_3D('',#6992,#6993,#6994);
#6996=CIRCLE('',#6995,9.6);
#6997=EDGE_CURVE('',#6991,#6973,#6996,.T.);
#6998=ORIENTED_EDGE('',*,*,#6997,.F.);
#6999=CARTESIAN_POINT('',(6.5,80.5,-2.5));
#7000=DIRECTION('',(-0.,-0.,-1.));
#7001=DIRECTION('',(1.,0.,-0.));
#7002=AXIS2_PLACEMENT_3D('',#6999,#7000,#7001);
#7003=CIRCLE('',#7002,9.6);
#7004=EDGE_CURVE('',#6973,#6991,#7003,.T.);
#7005=ORIENTED_EDGE('',*,*,#7004,.F.);
#7006=EDGE_LOOP('',(#6981,#6988,#6989,#6998,#7005));
#7007=FACE_BOUND('',#7006,.T.);
#7008=ADVANCED_FACE(' DE      679',(#7007),#6971,.T.);
#7009=CARTESIAN_POINT('',(6.5,80.5,-2.868421053));
#7010=DIRECTION('',(0.,0.,1.));
#7011=DIRECTION('',(1.,0.,-0.));
#7012=AXIS2_PLACEMENT_3D('',#7009,#7010,#7011);
#7013=CONICAL_SURFACE('',#7012,9.518947368,12.407418527);
#7014=CARTESIAN_POINT('',(16.1,80.5,-2.5));
#7015=DIRECTION('',(-0.214861783,-0.,-0.976644467));
#7016=VECTOR('',#7015,0.336813835);
#7017=LINE('',#7014,#7016);
#7018=EDGE_CURVE('',#6991,#6947,#7017,.T.);
#7019=ORIENTED_EDGE('',*,*,#7018,.T.);
#7020=ORIENTED_EDGE('',*,*,#6953,.T.);
#7021=ORIENTED_EDGE('',*,*,#6960,.T.);
#7022=ORIENTED_EDGE('',*,*,#7018,.F.);
#7023=ORIENTED_EDGE('',*,*,#6997,.T.);
#7024=ORIENTED_EDGE('',*,*,#7004,.T.);
#7025=EDGE_LOOP('',(#7019,#7020,#7021,#7022,#7023,#7024));
#7026=FACE_BOUND('',#7025,.T.);
#7027=ADVANCED_FACE(' DE      691',(#7026),#7013,.T.);
#7028=CARTESIAN_POINT('',(6.5,50.5,-5.));
#7029=DIRECTION('',(0.,0.,1.));
#7030=DIRECTION('',(0.,1.,0.));
#7031=AXIS2_PLACEMENT_3D('',#7028,#7029,#7030);
#7032=PLANE('',#7031);
#7033=ORIENTED_EDGE('',*,*,#6802,.T.);
#7034=EDGE_LOOP('',(#7033));
#7035=FACE_BOUND('',#7034,.T.);
#7036=ADVANCED_FACE(' DE      729',(#7035),#7032,.F.);
#7037=CARTESIAN_POINT('',(6.5,80.5,-2.));
#7038=DIRECTION('',(0.,0.,-1.));
#7039=DIRECTION('',(-1.,0.,0.));
#7040=AXIS2_PLACEMENT_3D('',#7037,#7038,#7039);
#7041=PLANE('',#7040);
#7042=ORIENTED_EDGE('',*,*,#6987,.F.);
#7043=EDGE_LOOP('',(#7042));
#7044=FACE_BOUND('',#7043,.T.);
#7045=ADVANCED_FACE('',(#7044),#7041,.F.);
#7046=CLOSED_SHELL('',(#6806,#6832,#6852,#6886,#6912,#6932,#6966,#7008,#7027,#7036,#7045));
#7047=MANIFOLD_SOLID_BREP('V1FFF (1 (1)',#7046);
#6764=STYLED_ITEM('',(#6195),#7047);
#7048=(NAMED_UNIT(*)PLANE_ANGLE_UNIT()SI_UNIT($,.RADIAN.));
#7049=PLANE_ANGLE_MEASURE_WITH_UNIT(PLANE_ANGLE_MEASURE(0.0174532925),#7048);
#7050=(CONVERSION_BASED_UNIT('DEGREE',#7049)NAMED_UNIT(#7051)PLANE_ANGLE_UNIT());
#7051=DIMENSIONAL_EXPONENTS(0.,0.,0.,0.,0.,0.,0.);
#7052=(NAMED_UNIT(*)SI_UNIT($,.STERADIAN.)SOLID_ANGLE_UNIT());
#7053=(LENGTH_UNIT()NAMED_UNIT(*)SI_UNIT(.MILLI.,.METRE.));
#7054=UNCERTAINTY_MEASURE_WITH_UNIT(LENGTH_MEASURE(1.000000E-05),#7053,'DISTANCE_ACCURACY_VALUE','Maximum Tolerance applied to model');
#7055=(GEOMETRIC_REPRESENTATION_CONTEXT(3)GLOBAL_UNCERTAINTY_ASSIGNED_CONTEXT((#7054))GLOBAL_UNIT_ASSIGNED_CONTEXT((#7053,#7050,#7052))REPRESENTATION_CONTEXT('','Folder 05 (1)'));
#7067=CARTESIAN_POINT('',(0.,0.,0.));
#7068=DIRECTION('',(0.,0.,1.));
#7069=DIRECTION('',(1.,0.,-0.));
#7070=AXIS2_PLACEMENT_3D('',#7067,#7068,#7069);
#7071=ITEM_DEFINED_TRANSFORMATION('','',#7070,#15);
#7072=(REPRESENTATION_RELATIONSHIP('','',#7057,#35)REPRESENTATION_RELATIONSHIP_WITH_TRANSFORMATION(#7071)SHAPE_REPRESENTATION_RELATIONSHIP());
#7073=NEXT_ASSEMBLY_USAGE_OCCURRENCE('Folder 05 (1)_2','Folder 05 (1)','Folder 05 (1)',#44,#7066,$);
#7074=PRODUCT_DEFINITION_SHAPE('','',#7073);
#7075=CONTEXT_DEPENDENT_SHAPE_REPRESENTATION(#7072,#7074);
#7077=CARTESIAN_POINT('',(-2.707106781,47.292893219,1.5));
#7078=DIRECTION('',(0.707106781,0.707106781,0.));
#7079=DIRECTION('',(-0.707106781,0.707106781,0.));
#7080=AXIS2_PLACEMENT_3D('',#7077,#7078,#7079);
#7081=PLANE('',#7080);
#7082=CARTESIAN_POINT('',(-4.,48.585786438,2.5));
#7083=VERTEX_POINT('',#7082);
#7084=CARTESIAN_POINT('',(-4.,48.585786438,3.5));
#7085=VERTEX_POINT('',#7084);
#7086=CARTESIAN_POINT('',(-4.,48.585786438,2.5));
#7087=DIRECTION('',(0.,0.,1.));
#7088=VECTOR('',#7087,1.);
#7089=LINE('',#7086,#7088);
#7090=EDGE_CURVE('',#7083,#7085,#7089,.T.);
#7091=ORIENTED_EDGE('',*,*,#7090,.F.);
#7092=CARTESIAN_POINT('',(-1.414213562,46.,2.5));
#7093=VERTEX_POINT('',#7092);
#7094=CARTESIAN_POINT('',(-4.,48.585786438,2.5));
#7095=DIRECTION('',(0.707106781,-0.707106781,0.));
#7096=VECTOR('',#7095,3.656854249);
#7097=LINE('',#7094,#7096);
#7098=EDGE_CURVE('',#7083,#7093,#7097,.T.);
#7099=ORIENTED_EDGE('',*,*,#7098,.T.);
#7100=CARTESIAN_POINT('',(-1.414213562,46.,3.5));
#7101=VERTEX_POINT('',#7100);
#7102=CARTESIAN_POINT('',(-1.414213562,46.,2.5));
#7103=DIRECTION('',(0.,0.,1.));
#7104=VECTOR('',#7103,1.);
#7105=LINE('',#7102,#7104);
#7106=EDGE_CURVE('',#7093,#7101,#7105,.T.);
#7107=ORIENTED_EDGE('',*,*,#7106,.T.);
#7108=CARTESIAN_POINT('',(-1.414213562,46.,3.5));
#7109=DIRECTION('',(-0.707106781,0.707106781,0.));
#7110=VECTOR('',#7109,3.656854249);
#7111=LINE('',#7108,#7110);
#7112=EDGE_CURVE('',#7101,#7085,#7111,.T.);
#7113=ORIENTED_EDGE('',*,*,#7112,.T.);
#7114=EDGE_LOOP('',(#7091,#7099,#7107,#7113));
#7115=FACE_BOUND('',#7114,.T.);
#7116=ADVANCED_FACE('',(#7115),#7081,.F.);
#7117=CARTESIAN_POINT('',(-4.,50.292893219,1.5));
#7118=DIRECTION('',(1.,0.,0.));
#7119=DIRECTION('',(0.,0.,-1.));
#7120=AXIS2_PLACEMENT_3D('',#7117,#7118,#7119);
#7121=PLANE('',#7120);
#7122=CARTESIAN_POINT('',(-4.,52.,2.5));
#7123=VERTEX_POINT('',#7122);
#7124=CARTESIAN_POINT('',(-4.,52.,3.5));
#7125=VERTEX_POINT('',#7124);
#7126=CARTESIAN_POINT('',(-4.,52.,2.5));
#7127=DIRECTION('',(0.,0.,1.));
#7128=VECTOR('',#7127,1.);
#7129=LINE('',#7126,#7128);
#7130=EDGE_CURVE('',#7123,#7125,#7129,.T.);
#7131=ORIENTED_EDGE('',*,*,#7130,.F.);
#7132=CARTESIAN_POINT('',(-4.,52.,2.5));
#7133=DIRECTION('',(0.,-1.,0.));
#7134=VECTOR('',#7133,3.414213562);
#7135=LINE('',#7132,#7134);
#7136=EDGE_CURVE('',#7123,#7083,#7135,.T.);
#7137=ORIENTED_EDGE('',*,*,#7136,.T.);
#7138=ORIENTED_EDGE('',*,*,#7090,.T.);
#7139=CARTESIAN_POINT('',(-4.,48.585786438,3.5));
#7140=DIRECTION('',(0.,1.,0.));
#7141=VECTOR('',#7140,3.414213562);
#7142=LINE('',#7139,#7141);
#7143=EDGE_CURVE('',#7085,#7125,#7142,.T.);
#7144=ORIENTED_EDGE('',*,*,#7143,.T.);
#7145=EDGE_LOOP('',(#7131,#7137,#7138,#7144));
#7146=FACE_BOUND('',#7145,.T.);
#7147=ADVANCED_FACE('',(#7146),#7121,.F.);
#7148=CARTESIAN_POINT('',(-3.5,52.,1.5));
#7149=DIRECTION('',(0.,1.,0.));
#7150=DIRECTION('',(0.,0.,1.));
#7151=AXIS2_PLACEMENT_3D('',#7148,#7149,#7150);
#7152=PLANE('',#7151);
#7153=CARTESIAN_POINT('',(-3.,52.,1.5));
#7154=VERTEX_POINT('',#7153);
#7155=CARTESIAN_POINT('',(-3.,52.,3.5));
#7156=VERTEX_POINT('',#7155);
#7157=CARTESIAN_POINT('',(-3.,52.,1.5));
#7158=DIRECTION('',(0.,0.,1.));
#7159=VECTOR('',#7158,2.);
#7160=LINE('',#7157,#7159);
#7161=EDGE_CURVE('',#7154,#7156,#7160,.T.);
#7162=ORIENTED_EDGE('',*,*,#7161,.F.);
#7163=CARTESIAN_POINT('',(-3.,52.,1.5));
#7164=DIRECTION('',(-0.707106781,0.,0.707106781));
#7165=VECTOR('',#7164,1.414213562);
#7166=LINE('',#7163,#7165);
#7167=EDGE_CURVE('',#7154,#7123,#7166,.T.);
#7168=ORIENTED_EDGE('',*,*,#7167,.T.);
#7169=ORIENTED_EDGE('',*,*,#7130,.T.);
#7170=CARTESIAN_POINT('',(-3.,52.,3.5));
#7171=DIRECTION('',(-1.,0.,0.));
#7172=VECTOR('',#7171,1.);
#7173=LINE('',#7170,#7172);
#7174=EDGE_CURVE('',#7156,#7125,#7173,.T.);
#7175=ORIENTED_EDGE('',*,*,#7174,.F.);
#7176=EDGE_LOOP('',(#7162,#7168,#7169,#7175));
#7177=FACE_BOUND('',#7176,.T.);
#7178=ADVANCED_FACE('',(#7177),#7152,.T.);
#7179=CARTESIAN_POINT('',(-3.,50.5,1.5));
#7180=DIRECTION('',(1.,0.,0.));
#7181=DIRECTION('',(0.,0.,-1.));
#7182=AXIS2_PLACEMENT_3D('',#7179,#7180,#7181);
#7183=PLANE('',#7182);
#7184=CARTESIAN_POINT('',(-3.,49.,3.5));
#7185=VERTEX_POINT('',#7184);
#7186=CARTESIAN_POINT('',(-3.,49.,3.5));
#7187=DIRECTION('',(0.,1.,0.));
#7188=VECTOR('',#7187,3.);
#7189=LINE('',#7186,#7188);
#7190=EDGE_CURVE('',#7185,#7156,#7189,.T.);
#7191=ORIENTED_EDGE('',*,*,#7190,.F.);
#7192=CARTESIAN_POINT('',(-3.,49.,1.5));
#7193=VERTEX_POINT('',#7192);
#7194=CARTESIAN_POINT('',(-3.,49.,1.5));
#7195=DIRECTION('',(0.,0.,1.));
#7196=VECTOR('',#7195,2.);
#7197=LINE('',#7194,#7196);
#7198=EDGE_CURVE('',#7193,#7185,#7197,.T.);
#7199=ORIENTED_EDGE('',*,*,#7198,.F.);
#7200=CARTESIAN_POINT('',(-3.,49.,1.5));
#7201=DIRECTION('',(0.,1.,0.));
#7202=VECTOR('',#7201,3.);
#7203=LINE('',#7200,#7202);
#7204=EDGE_CURVE('',#7193,#7154,#7203,.T.);
#7205=ORIENTED_EDGE('',*,*,#7204,.T.);
#7206=ORIENTED_EDGE('',*,*,#7161,.T.);
#7207=EDGE_LOOP('',(#7191,#7199,#7205,#7206));
#7208=FACE_BOUND('',#7207,.T.);
#7209=ADVANCED_FACE('',(#7208),#7183,.T.);
#7210=CARTESIAN_POINT('',(-2.,48.,1.5));
#7211=DIRECTION('',(0.707106781,0.707106781,0.));
#7212=DIRECTION('',(-0.707106781,0.707106781,0.));
#7213=AXIS2_PLACEMENT_3D('',#7210,#7211,#7212);
#7214=PLANE('',#7213);
#7215=CARTESIAN_POINT('',(-1.,47.,3.5));
#7216=VERTEX_POINT('',#7215);
#7217=CARTESIAN_POINT('',(-1.,47.,3.5));
#7218=DIRECTION('',(-0.707106781,0.707106781,0.));
#7219=VECTOR('',#7218,2.828427125);
#7220=LINE('',#7217,#7219);
#7221=EDGE_CURVE('',#7216,#7185,#7220,.T.);
#7222=ORIENTED_EDGE('',*,*,#7221,.F.);
#7223=CARTESIAN_POINT('',(-1.,47.,1.5));
#7224=VERTEX_POINT('',#7223);
#7225=CARTESIAN_POINT('',(-1.,47.,1.5));
#7226=DIRECTION('',(0.,0.,1.));
#7227=VECTOR('',#7226,2.);
#7228=LINE('',#7225,#7227);
#7229=EDGE_CURVE('',#7224,#7216,#7228,.T.);
#7230=ORIENTED_EDGE('',*,*,#7229,.F.);
#7231=CARTESIAN_POINT('',(-1.,47.,1.5));
#7232=DIRECTION('',(-0.707106781,0.707106781,0.));
#7233=VECTOR('',#7232,2.828427125);
#7234=LINE('',#7231,#7233);
#7235=EDGE_CURVE('',#7224,#7193,#7234,.T.);
#7236=ORIENTED_EDGE('',*,*,#7235,.T.);
#7237=ORIENTED_EDGE('',*,*,#7198,.T.);
#7238=EDGE_LOOP('',(#7222,#7230,#7236,#7237));
#7239=FACE_BOUND('',#7238,.T.);
#7240=ADVANCED_FACE('',(#7239),#7214,.T.);
#7241=CARTESIAN_POINT('',(-0.25,47.,1.5));
#7242=DIRECTION('',(0.,1.,0.));
#7243=DIRECTION('',(0.,0.,1.));
#7244=AXIS2_PLACEMENT_3D('',#7241,#7242,#7243);
#7245=PLANE('',#7244);
#7246=CARTESIAN_POINT('',(0.5,47.,3.5));
#7247=VERTEX_POINT('',#7246);
#7248=CARTESIAN_POINT('',(0.5,47.,3.5));
#7249=DIRECTION('',(-1.,0.,0.));
#7250=VECTOR('',#7249,1.5);
#7251=LINE('',#7248,#7250);
#7252=EDGE_CURVE('',#7247,#7216,#7251,.T.);
#7253=ORIENTED_EDGE('',*,*,#7252,.F.);
#7254=CARTESIAN_POINT('',(0.5,47.,1.5));
#7255=VERTEX_POINT('',#7254);
#7256=CARTESIAN_POINT('',(0.5,47.,1.5));
#7257=DIRECTION('',(0.,0.,1.));
#7258=VECTOR('',#7257,2.);
#7259=LINE('',#7256,#7258);
#7260=EDGE_CURVE('',#7255,#7247,#7259,.T.);
#7261=ORIENTED_EDGE('',*,*,#7260,.F.);
#7262=CARTESIAN_POINT('',(0.5,47.,1.5));
#7263=DIRECTION('',(-1.,0.,0.));
#7264=VECTOR('',#7263,1.5);
#7265=LINE('',#7262,#7264);
#7266=EDGE_CURVE('',#7255,#7224,#7265,.T.);
#7267=ORIENTED_EDGE('',*,*,#7266,.T.);
#7268=ORIENTED_EDGE('',*,*,#7229,.T.);
#7269=EDGE_LOOP('',(#7253,#7261,#7267,#7268));
#7270=FACE_BOUND('',#7269,.T.);
#7271=ADVANCED_FACE('',(#7270),#7245,.T.);
#7272=CARTESIAN_POINT('',(0.5,46.5,1.5));
#7273=DIRECTION('',(-1.,0.,0.));
#7274=DIRECTION('',(0.,0.,1.));
#7275=AXIS2_PLACEMENT_3D('',#7272,#7273,#7274);
#7276=PLANE('',#7275);
#7277=CARTESIAN_POINT('',(0.5,46.,2.5));
#7278=VERTEX_POINT('',#7277);
#7279=CARTESIAN_POINT('',(0.5,46.,3.5));
#7280=VERTEX_POINT('',#7279);
#7281=CARTESIAN_POINT('',(0.5,46.,2.5));
#7282=DIRECTION('',(0.,0.,1.));
#7283=VECTOR('',#7282,1.);
#7284=LINE('',#7281,#7283);
#7285=EDGE_CURVE('',#7278,#7280,#7284,.T.);
#7286=ORIENTED_EDGE('',*,*,#7285,.F.);
#7287=CARTESIAN_POINT('',(0.5,46.,2.5));
#7288=DIRECTION('',(0.,0.707106781,-0.707106781));
#7289=VECTOR('',#7288,1.414213562);
#7290=LINE('',#7287,#7289);
#7291=EDGE_CURVE('',#7278,#7255,#7290,.T.);
#7292=ORIENTED_EDGE('',*,*,#7291,.T.);
#7293=ORIENTED_EDGE('',*,*,#7260,.T.);
#7294=CARTESIAN_POINT('',(0.5,47.,3.5));
#7295=DIRECTION('',(0.,-1.,0.));
#7296=VECTOR('',#7295,1.);
#7297=LINE('',#7294,#7296);
#7298=EDGE_CURVE('',#7247,#7280,#7297,.T.);
#7299=ORIENTED_EDGE('',*,*,#7298,.T.);
#7300=EDGE_LOOP('',(#7286,#7292,#7293,#7299));
#7301=FACE_BOUND('',#7300,.T.);
#7302=ADVANCED_FACE('',(#7301),#7276,.F.);
#7303=CARTESIAN_POINT('',(-0.457106781,46.,1.5));
#7304=DIRECTION('',(0.,1.,0.));
#7305=DIRECTION('',(0.,0.,1.));
#7306=AXIS2_PLACEMENT_3D('',#7303,#7304,#7305);
#7307=PLANE('',#7306);
#7308=ORIENTED_EDGE('',*,*,#7106,.F.);
#7309=CARTESIAN_POINT('',(-1.414213562,46.,2.5));
#7310=DIRECTION('',(1.,0.,-0.));
#7311=VECTOR('',#7310,1.914213562);
#7312=LINE('',#7309,#7311);
#7313=EDGE_CURVE('',#7093,#7278,#7312,.T.);
#7314=ORIENTED_EDGE('',*,*,#7313,.T.);
#7315=ORIENTED_EDGE('',*,*,#7285,.T.);
#7316=CARTESIAN_POINT('',(0.5,46.,3.5));
#7317=DIRECTION('',(-1.,0.,0.));
#7318=VECTOR('',#7317,1.914213562);
#7319=LINE('',#7316,#7318);
#7320=EDGE_CURVE('',#7280,#7101,#7319,.T.);
#7321=ORIENTED_EDGE('',*,*,#7320,.T.);
#7322=EDGE_LOOP('',(#7308,#7314,#7315,#7321));
#7323=FACE_BOUND('',#7322,.T.);
#7324=ADVANCED_FACE('',(#7323),#7307,.F.);
#7325=CARTESIAN_POINT('',(36.611634015,68.5,3.5));
#7326=DIRECTION('',(0.,0.,-1.));
#7327=DIRECTION('',(-1.,0.,0.));
#7328=AXIS2_PLACEMENT_3D('',#7325,#7326,#7327);
#7329=PLANE('',#7328);
#7330=ORIENTED_EDGE('',*,*,#7112,.F.);
#7331=ORIENTED_EDGE('',*,*,#7320,.F.);
#7332=ORIENTED_EDGE('',*,*,#7298,.F.);
#7333=ORIENTED_EDGE('',*,*,#7252,.T.);
#7334=ORIENTED_EDGE('',*,*,#7221,.T.);
#7335=ORIENTED_EDGE('',*,*,#7190,.T.);
#7336=ORIENTED_EDGE('',*,*,#7174,.T.);
#7337=ORIENTED_EDGE('',*,*,#7143,.F.);
#7338=EDGE_LOOP('',(#7330,#7331,#7332,#7333,#7334,#7335,#7336,#7337));
#7339=FACE_BOUND('',#7338,.T.);
#7340=ADVANCED_FACE('',(#7339),#7329,.F.);
#7341=CARTESIAN_POINT('',(36.611634015,47.,1.5));
#7342=DIRECTION('',(0.,-0.707106781,-0.707106781));
#7343=DIRECTION('',(1.,0.,0.));
#7344=AXIS2_PLACEMENT_3D('',#7341,#7342,#7343);
#7345=PLANE('',#7344);
#7346=ORIENTED_EDGE('',*,*,#7291,.F.);
#7347=ORIENTED_EDGE('',*,*,#7313,.F.);
#7348=CARTESIAN_POINT('',(-1.,47.,1.5));
#7349=DIRECTION('',(-0.281084638,-0.678598345,0.678598345));
#7350=VECTOR('',#7349,1.473625758);
#7351=LINE('',#7348,#7350);
#7352=EDGE_CURVE('',#7224,#7093,#7351,.T.);
#7353=ORIENTED_EDGE('',*,*,#7352,.F.);
#7354=ORIENTED_EDGE('',*,*,#7266,.F.);
#7355=EDGE_LOOP('',(#7346,#7347,#7353,#7354));
#7356=FACE_BOUND('',#7355,.T.);
#7357=ADVANCED_FACE('',(#7356),#7345,.T.);
#7358=CARTESIAN_POINT('',(7.055817008,38.944182992,1.5));
#7359=DIRECTION('',(-0.5,-0.5,-0.707106781));
#7360=DIRECTION('',(0.707106781,-0.707106781,0.));
#7361=AXIS2_PLACEMENT_3D('',#7358,#7359,#7360);
#7362=PLANE('',#7361);
#7363=ORIENTED_EDGE('',*,*,#7352,.T.);
#7364=ORIENTED_EDGE('',*,*,#7098,.F.);
#7365=CARTESIAN_POINT('',(-3.,49.,1.5));
#7366=DIRECTION('',(-0.678598345,-0.281084638,0.678598345));
#7367=VECTOR('',#7366,1.473625758);
#7368=LINE('',#7365,#7367);
#7369=EDGE_CURVE('',#7193,#7083,#7368,.T.);
#7370=ORIENTED_EDGE('',*,*,#7369,.F.);
#7371=ORIENTED_EDGE('',*,*,#7235,.F.);
#7372=EDGE_LOOP('',(#7363,#7364,#7370,#7371));
#7373=FACE_BOUND('',#7372,.T.);
#7374=ADVANCED_FACE('',(#7373),#7362,.T.);
#7375=CARTESIAN_POINT('',(-3.,68.5,1.5));
#7376=DIRECTION('',(-0.707106781,0.,-0.707106781));
#7377=DIRECTION('',(0.,-1.,0.));
#7378=AXIS2_PLACEMENT_3D('',#7375,#7376,#7377);
#7379=PLANE('',#7378);
#7380=ORIENTED_EDGE('',*,*,#7369,.T.);
#7381=ORIENTED_EDGE('',*,*,#7136,.F.);
#7382=ORIENTED_EDGE('',*,*,#7167,.F.);
#7383=ORIENTED_EDGE('',*,*,#7204,.F.);
#7384=EDGE_LOOP('',(#7380,#7381,#7382,#7383));
#7385=FACE_BOUND('',#7384,.T.);
#7386=ADVANCED_FACE('',(#7385),#7379,.T.);
#7387=CLOSED_SHELL('',(#7116,#7147,#7178,#7209,#7240,#7271,#7302,#7324,#7340,#7357,#7374,#7386));
#7388=MANIFOLD_SOLID_BREP('Body 23 (1)',#7387);
#7076=STYLED_ITEM('',(#5904),#7388);
#7390=CARTESIAN_POINT('',(-3.5,85.,1.5));
#7391=DIRECTION('',(0.,1.,0.));
#7392=DIRECTION('',(0.,0.,1.));
#7393=AXIS2_PLACEMENT_3D('',#7390,#7391,#7392);
#7394=PLANE('',#7393);
#7395=CARTESIAN_POINT('',(-4.,85.,2.5));
#7396=VERTEX_POINT('',#7395);
#7397=CARTESIAN_POINT('',(-4.,85.,3.5));
#7398=VERTEX_POINT('',#7397);
#7399=CARTESIAN_POINT('',(-4.,85.,2.5));
#7400=DIRECTION('',(0.,0.,1.));
#7401=VECTOR('',#7400,1.);
#7402=LINE('',#7399,#7401);
#7403=EDGE_CURVE('',#7396,#7398,#7402,.T.);
#7404=ORIENTED_EDGE('',*,*,#7403,.F.);
#7405=CARTESIAN_POINT('',(-3.,85.,1.5));
#7406=VERTEX_POINT('',#7405);
#7407=CARTESIAN_POINT('',(-4.,85.,2.5));
#7408=DIRECTION('',(0.707106781,0.,-0.707106781));
#7409=VECTOR('',#7408,1.414213562);
#7410=LINE('',#7407,#7409);
#7411=EDGE_CURVE('',#7396,#7406,#7410,.T.);
#7412=ORIENTED_EDGE('',*,*,#7411,.T.);
#7413=CARTESIAN_POINT('',(-3.,85.,3.5));
#7414=VERTEX_POINT('',#7413);
#7415=CARTESIAN_POINT('',(-3.,85.,1.5));
#7416=DIRECTION('',(0.,0.,1.));
#7417=VECTOR('',#7416,2.);
#7418=LINE('',#7415,#7417);
#7419=EDGE_CURVE('',#7406,#7414,#7418,.T.);
#7420=ORIENTED_EDGE('',*,*,#7419,.T.);
#7421=CARTESIAN_POINT('',(-3.,85.,3.5));
#7422=DIRECTION('',(-1.,0.,0.));
#7423=VECTOR('',#7422,1.);
#7424=LINE('',#7421,#7423);
#7425=EDGE_CURVE('',#7414,#7398,#7424,.T.);
#7426=ORIENTED_EDGE('',*,*,#7425,.T.);
#7427=EDGE_LOOP('',(#7404,#7412,#7420,#7426));
#7428=FACE_BOUND('',#7427,.T.);
#7429=ADVANCED_FACE('',(#7428),#7394,.F.);
#7430=CARTESIAN_POINT('',(-4.,86.707106781,1.5));
#7431=DIRECTION('',(1.,0.,0.));
#7432=DIRECTION('',(0.,0.,-1.));
#7433=AXIS2_PLACEMENT_3D('',#7430,#7431,#7432);
#7434=PLANE('',#7433);
#7435=CARTESIAN_POINT('',(-4.,88.414213562,2.5));
#7436=VERTEX_POINT('',#7435);
#7437=CARTESIAN_POINT('',(-4.,88.414213562,3.5));
#7438=VERTEX_POINT('',#7437);
#7439=CARTESIAN_POINT('',(-4.,88.414213562,2.5));
#7440=DIRECTION('',(0.,0.,1.));
#7441=VECTOR('',#7440,1.);
#7442=LINE('',#7439,#7441);
#7443=EDGE_CURVE('',#7436,#7438,#7442,.T.);
#7444=ORIENTED_EDGE('',*,*,#7443,.F.);
#7445=CARTESIAN_POINT('',(-4.,88.414213562,2.5));
#7446=DIRECTION('',(0.,-1.,0.));
#7447=VECTOR('',#7446,3.414213562);
#7448=LINE('',#7445,#7447);
#7449=EDGE_CURVE('',#7436,#7396,#7448,.T.);
#7450=ORIENTED_EDGE('',*,*,#7449,.T.);
#7451=ORIENTED_EDGE('',*,*,#7403,.T.);
#7452=CARTESIAN_POINT('',(-4.,85.,3.5));
#7453=DIRECTION('',(0.,1.,0.));
#7454=VECTOR('',#7453,3.414213562);
#7455=LINE('',#7452,#7454);
#7456=EDGE_CURVE('',#7398,#7438,#7455,.T.);
#7457=ORIENTED_EDGE('',*,*,#7456,.T.);
#7458=EDGE_LOOP('',(#7444,#7450,#7451,#7457));
#7459=FACE_BOUND('',#7458,.T.);
#7460=ADVANCED_FACE('',(#7459),#7434,.F.);
#7461=CARTESIAN_POINT('',(-2.707106781,89.707106781,1.5));
#7462=DIRECTION('',(0.707106781,-0.707106781,0.));
#7463=DIRECTION('',(0.707106781,0.707106781,0.));
#7464=AXIS2_PLACEMENT_3D('',#7461,#7462,#7463);
#7465=PLANE('',#7464);
#7466=CARTESIAN_POINT('',(-1.414213562,91.,2.5));
#7467=VERTEX_POINT('',#7466);
#7468=CARTESIAN_POINT('',(-1.414213562,91.,3.5));
#7469=VERTEX_POINT('',#7468);
#7470=CARTESIAN_POINT('',(-1.414213562,91.,2.5));
#7471=DIRECTION('',(0.,0.,1.));
#7472=VECTOR('',#7471,1.);
#7473=LINE('',#7470,#7472);
#7474=EDGE_CURVE('',#7467,#7469,#7473,.T.);
#7475=ORIENTED_EDGE('',*,*,#7474,.F.);
#7476=CARTESIAN_POINT('',(-1.414213562,91.,2.5));
#7477=DIRECTION('',(-0.707106781,-0.707106781,0.));
#7478=VECTOR('',#7477,3.656854249);
#7479=LINE('',#7476,#7478);
#7480=EDGE_CURVE('',#7467,#7436,#7479,.T.);
#7481=ORIENTED_EDGE('',*,*,#7480,.T.);
#7482=ORIENTED_EDGE('',*,*,#7443,.T.);
#7483=CARTESIAN_POINT('',(-4.,88.414213562,3.5));
#7484=DIRECTION('',(0.707106781,0.707106781,0.));
#7485=VECTOR('',#7484,3.656854249);
#7486=LINE('',#7483,#7485);
#7487=EDGE_CURVE('',#7438,#7469,#7486,.T.);
#7488=ORIENTED_EDGE('',*,*,#7487,.T.);
#7489=EDGE_LOOP('',(#7475,#7481,#7482,#7488));
#7490=FACE_BOUND('',#7489,.T.);
#7491=ADVANCED_FACE('',(#7490),#7465,.F.);
#7492=CARTESIAN_POINT('',(-0.457106781,91.,1.5));
#7493=DIRECTION('',(0.,-1.,0.));
#7494=DIRECTION('',(0.,0.,-1.));
#7495=AXIS2_PLACEMENT_3D('',#7492,#7493,#7494);
#7496=PLANE('',#7495);
#7497=CARTESIAN_POINT('',(0.5,91.,2.5));
#7498=VERTEX_POINT('',#7497);
#7499=CARTESIAN_POINT('',(0.5,91.,3.5));
#7500=VERTEX_POINT('',#7499);
#7501=CARTESIAN_POINT('',(0.5,91.,2.5));
#7502=DIRECTION('',(0.,0.,1.));
#7503=VECTOR('',#7502,1.);
#7504=LINE('',#7501,#7503);
#7505=EDGE_CURVE('',#7498,#7500,#7504,.T.);
#7506=ORIENTED_EDGE('',*,*,#7505,.F.);
#7507=CARTESIAN_POINT('',(0.5,91.,2.5));
#7508=DIRECTION('',(-1.,0.,0.));
#7509=VECTOR('',#7508,1.914213562);
#7510=LINE('',#7507,#7509);
#7511=EDGE_CURVE('',#7498,#7467,#7510,.T.);
#7512=ORIENTED_EDGE('',*,*,#7511,.T.);
#7513=ORIENTED_EDGE('',*,*,#7474,.T.);
#7514=CARTESIAN_POINT('',(-1.414213562,91.,3.5));
#7515=DIRECTION('',(1.,0.,-0.));
#7516=VECTOR('',#7515,1.914213562);
#7517=LINE('',#7514,#7516);
#7518=EDGE_CURVE('',#7469,#7500,#7517,.T.);
#7519=ORIENTED_EDGE('',*,*,#7518,.T.);
#7520=EDGE_LOOP('',(#7506,#7512,#7513,#7519));
#7521=FACE_BOUND('',#7520,.T.);
#7522=ADVANCED_FACE('',(#7521),#7496,.F.);
#7523=CARTESIAN_POINT('',(0.5,90.5,1.5));
#7524=DIRECTION('',(1.,0.,0.));
#7525=DIRECTION('',(0.,0.,-1.));
#7526=AXIS2_PLACEMENT_3D('',#7523,#7524,#7525);
#7527=PLANE('',#7526);
#7528=CARTESIAN_POINT('',(0.5,90.,1.5));
#7529=VERTEX_POINT('',#7528);
#7530=CARTESIAN_POINT('',(0.5,90.,3.5));
#7531=VERTEX_POINT('',#7530);
#7532=CARTESIAN_POINT('',(0.5,90.,1.5));
#7533=DIRECTION('',(0.,0.,1.));
#7534=VECTOR('',#7533,2.);
#7535=LINE('',#7532,#7534);
#7536=EDGE_CURVE('',#7529,#7531,#7535,.T.);
#7537=ORIENTED_EDGE('',*,*,#7536,.F.);
#7538=CARTESIAN_POINT('',(0.5,90.,1.5));
#7539=DIRECTION('',(0.,0.707106781,0.707106781));
#7540=VECTOR('',#7539,1.414213562);
#7541=LINE('',#7538,#7540);
#7542=EDGE_CURVE('',#7529,#7498,#7541,.T.);
#7543=ORIENTED_EDGE('',*,*,#7542,.T.);
#7544=ORIENTED_EDGE('',*,*,#7505,.T.);
#7545=CARTESIAN_POINT('',(0.5,90.,3.5));
#7546=DIRECTION('',(0.,1.,0.));
#7547=VECTOR('',#7546,1.);
#7548=LINE('',#7545,#7547);
#7549=EDGE_CURVE('',#7531,#7500,#7548,.T.);
#7550=ORIENTED_EDGE('',*,*,#7549,.F.);
#7551=EDGE_LOOP('',(#7537,#7543,#7544,#7550));
#7552=FACE_BOUND('',#7551,.T.);
#7553=ADVANCED_FACE('',(#7552),#7527,.T.);
#7554=CARTESIAN_POINT('',(-0.25,90.,1.5));
#7555=DIRECTION('',(0.,-1.,0.));
#7556=DIRECTION('',(1.,0.,0.));
#7557=AXIS2_PLACEMENT_3D('',#7554,#7555,#7556);
#7558=PLANE('',#7557);
#7559=CARTESIAN_POINT('',(-1.,90.,3.5));
#7560=VERTEX_POINT('',#7559);
#7561=CARTESIAN_POINT('',(-1.,90.,3.5));
#7562=DIRECTION('',(1.,0.,0.));
#7563=VECTOR('',#7562,1.5);
#7564=LINE('',#7561,#7563);
#7565=EDGE_CURVE('',#7560,#7531,#7564,.T.);
#7566=ORIENTED_EDGE('',*,*,#7565,.F.);
#7567=CARTESIAN_POINT('',(-1.,90.,1.5));
#7568=VERTEX_POINT('',#7567);
#7569=CARTESIAN_POINT('',(-1.,90.,1.5));
#7570=DIRECTION('',(0.,0.,1.));
#7571=VECTOR('',#7570,2.);
#7572=LINE('',#7569,#7571);
#7573=EDGE_CURVE('',#7568,#7560,#7572,.T.);
#7574=ORIENTED_EDGE('',*,*,#7573,.F.);
#7575=CARTESIAN_POINT('',(-1.,90.,1.5));
#7576=DIRECTION('',(1.,0.,0.));
#7577=VECTOR('',#7576,1.5);
#7578=LINE('',#7575,#7577);
#7579=EDGE_CURVE('',#7568,#7529,#7578,.T.);
#7580=ORIENTED_EDGE('',*,*,#7579,.T.);
#7581=ORIENTED_EDGE('',*,*,#7536,.T.);
#7582=EDGE_LOOP('',(#7566,#7574,#7580,#7581));
#7583=FACE_BOUND('',#7582,.T.);
#7584=ADVANCED_FACE('',(#7583),#7558,.T.);
#7585=CARTESIAN_POINT('',(-2.,89.,1.5));
#7586=DIRECTION('',(-0.707106781,0.707106781,0.));
#7587=DIRECTION('',(-0.707106781,-0.707106781,0.));
#7588=AXIS2_PLACEMENT_3D('',#7585,#7586,#7587);
#7589=PLANE('',#7588);
#7590=CARTESIAN_POINT('',(-3.,88.,3.5));
#7591=VERTEX_POINT('',#7590);
#7592=CARTESIAN_POINT('',(-1.,90.,3.5));
#7593=DIRECTION('',(-0.707106781,-0.707106781,0.));
#7594=VECTOR('',#7593,2.828427125);
#7595=LINE('',#7592,#7594);
#7596=EDGE_CURVE('',#7560,#7591,#7595,.T.);
#7597=ORIENTED_EDGE('',*,*,#7596,.T.);
#7598=CARTESIAN_POINT('',(-3.,88.,1.5));
#7599=VERTEX_POINT('',#7598);
#7600=CARTESIAN_POINT('',(-3.,88.,1.5));
#7601=DIRECTION('',(0.,0.,1.));
#7602=VECTOR('',#7601,2.);
#7603=LINE('',#7600,#7602);
#7604=EDGE_CURVE('',#7599,#7591,#7603,.T.);
#7605=ORIENTED_EDGE('',*,*,#7604,.F.);
#7606=CARTESIAN_POINT('',(-1.,90.,1.5));
#7607=DIRECTION('',(-0.707106781,-0.707106781,0.));
#7608=VECTOR('',#7607,2.828427125);
#7609=LINE('',#7606,#7608);
#7610=EDGE_CURVE('',#7568,#7599,#7609,.T.);
#7611=ORIENTED_EDGE('',*,*,#7610,.F.);
#7612=ORIENTED_EDGE('',*,*,#7573,.T.);
#7613=EDGE_LOOP('',(#7597,#7605,#7611,#7612));
#7614=FACE_BOUND('',#7613,.T.);
#7615=ADVANCED_FACE('',(#7614),#7589,.F.);
#7616=CARTESIAN_POINT('',(-3.,86.5,1.5));
#7617=DIRECTION('',(-1.,0.,0.));
#7618=DIRECTION('',(0.,0.,1.));
#7619=AXIS2_PLACEMENT_3D('',#7616,#7617,#7618);
#7620=PLANE('',#7619);
#7621=CARTESIAN_POINT('',(-3.,88.,3.5));
#7622=DIRECTION('',(0.,-1.,0.));
#7623=VECTOR('',#7622,3.);
#7624=LINE('',#7621,#7623);
#7625=EDGE_CURVE('',#7591,#7414,#7624,.T.);
#7626=ORIENTED_EDGE('',*,*,#7625,.T.);
#7627=ORIENTED_EDGE('',*,*,#7419,.F.);
#7628=CARTESIAN_POINT('',(-3.,88.,1.5));
#7629=DIRECTION('',(0.,-1.,0.));
#7630=VECTOR('',#7629,3.);
#7631=LINE('',#7628,#7630);
#7632=EDGE_CURVE('',#7599,#7406,#7631,.T.);
#7633=ORIENTED_EDGE('',*,*,#7632,.F.);
#7634=ORIENTED_EDGE('',*,*,#7604,.T.);
#7635=EDGE_LOOP('',(#7626,#7627,#7633,#7634));
#7636=FACE_BOUND('',#7635,.T.);
#7637=ADVANCED_FACE('',(#7636),#7620,.F.);
#7638=CARTESIAN_POINT('',(36.611634015,68.5,3.5));
#7639=DIRECTION('',(0.,0.,-1.));
#7640=DIRECTION('',(-1.,0.,0.));
#7641=AXIS2_PLACEMENT_3D('',#7638,#7639,#7640);
#7642=PLANE('',#7641);
#7643=ORIENTED_EDGE('',*,*,#7425,.F.);
#7644=ORIENTED_EDGE('',*,*,#7625,.F.);
#7645=ORIENTED_EDGE('',*,*,#7596,.F.);
#7646=ORIENTED_EDGE('',*,*,#7565,.T.);
#7647=ORIENTED_EDGE('',*,*,#7549,.T.);
#7648=ORIENTED_EDGE('',*,*,#7518,.F.);
#7649=ORIENTED_EDGE('',*,*,#7487,.F.);
#7650=ORIENTED_EDGE('',*,*,#7456,.F.);
#7651=EDGE_LOOP('',(#7643,#7644,#7645,#7646,#7647,#7648,#7649,#7650));
#7652=FACE_BOUND('',#7651,.T.);
#7653=ADVANCED_FACE('',(#7652),#7642,.F.);
#7654=CARTESIAN_POINT('',(-3.,68.5,1.5));
#7655=DIRECTION('',(-0.707106781,0.,-0.707106781));
#7656=DIRECTION('',(0.,-1.,0.));
#7657=AXIS2_PLACEMENT_3D('',#7654,#7655,#7656);
#7658=PLANE('',#7657);
#7659=ORIENTED_EDGE('',*,*,#7411,.F.);
#7660=ORIENTED_EDGE('',*,*,#7449,.F.);
#7661=CARTESIAN_POINT('',(-3.,88.,1.5));
#7662=DIRECTION('',(-0.678598345,0.281084638,0.678598345));
#7663=VECTOR('',#7662,1.473625758);
#7664=LINE('',#7661,#7663);
#7665=EDGE_CURVE('',#7599,#7436,#7664,.T.);
#7666=ORIENTED_EDGE('',*,*,#7665,.F.);
#7667=ORIENTED_EDGE('',*,*,#7632,.T.);
#7668=EDGE_LOOP('',(#7659,#7660,#7666,#7667));
#7669=FACE_BOUND('',#7668,.T.);
#7670=ADVANCED_FACE('',(#7669),#7658,.T.);
#7671=CARTESIAN_POINT('',(7.055817008,98.055817008,1.5));
#7672=DIRECTION('',(-0.5,0.5,-0.707106781));
#7673=DIRECTION('',(-0.707106781,-0.707106781,0.));
#7674=AXIS2_PLACEMENT_3D('',#7671,#7672,#7673);
#7675=PLANE('',#7674);
#7676=ORIENTED_EDGE('',*,*,#7665,.T.);
#7677=ORIENTED_EDGE('',*,*,#7480,.F.);
#7678=CARTESIAN_POINT('',(-1.,90.,1.5));
#7679=DIRECTION('',(-0.281084638,0.678598345,0.678598345));
#7680=VECTOR('',#7679,1.473625758);
#7681=LINE('',#7678,#7680);
#7682=EDGE_CURVE('',#7568,#7467,#7681,.T.);
#7683=ORIENTED_EDGE('',*,*,#7682,.F.);
#7684=ORIENTED_EDGE('',*,*,#7610,.T.);
#7685=EDGE_LOOP('',(#7676,#7677,#7683,#7684));
#7686=FACE_BOUND('',#7685,.T.);
#7687=ADVANCED_FACE('',(#7686),#7675,.T.);
#7688=CARTESIAN_POINT('',(36.611634015,90.,1.5));
#7689=DIRECTION('',(0.,0.707106781,-0.707106781));
#7690=DIRECTION('',(-1.,0.,0.));
#7691=AXIS2_PLACEMENT_3D('',#7688,#7689,#7690);
#7692=PLANE('',#7691);
#7693=ORIENTED_EDGE('',*,*,#7682,.T.);
#7694=ORIENTED_EDGE('',*,*,#7511,.F.);
#7695=ORIENTED_EDGE('',*,*,#7542,.F.);
#7696=ORIENTED_EDGE('',*,*,#7579,.F.);
#7697=EDGE_LOOP('',(#7693,#7694,#7695,#7696));
#7698=FACE_BOUND('',#7697,.T.);
#7699=ADVANCED_FACE('',(#7698),#7692,.T.);
#7700=CLOSED_SHELL('',(#7429,#7460,#7491,#7522,#7553,#7584,#7615,#7637,#7653,#7670,#7687,#7699));
#7701=MANIFOLD_SOLID_BREP('Body 22 (1)',#7700);
#7389=STYLED_ITEM('',(#5904),#7701);
#7703=CARTESIAN_POINT('',(37.111634015,46.5,1.5));
#7704=DIRECTION('',(-1.,0.,0.));
#7705=DIRECTION('',(0.,0.,1.));
#7706=AXIS2_PLACEMENT_3D('',#7703,#7704,#7705);
#7707=PLANE('',#7706);
#7708=CARTESIAN_POINT('',(37.111634015,47.,1.5));
#7709=VERTEX_POINT('',#7708);
#7710=CARTESIAN_POINT('',(37.111634015,47.,3.5));
#7711=VERTEX_POINT('',#7710);
#7712=CARTESIAN_POINT('',(37.111634015,47.,1.5));
#7713=DIRECTION('',(0.,0.,1.));
#7714=VECTOR('',#7713,2.);
#7715=LINE('',#7712,#7714);
#7716=EDGE_CURVE('',#7709,#7711,#7715,.T.);
#7717=ORIENTED_EDGE('',*,*,#7716,.F.);
#7718=CARTESIAN_POINT('',(37.111634015,46.,2.5));
#7719=VERTEX_POINT('',#7718);
#7720=CARTESIAN_POINT('',(37.111634015,47.,1.5));
#7721=DIRECTION('',(0.,-0.707106781,0.707106781));
#7722=VECTOR('',#7721,1.414213562);
#7723=LINE('',#7720,#7722);
#7724=EDGE_CURVE('',#7709,#7719,#7723,.T.);
#7725=ORIENTED_EDGE('',*,*,#7724,.T.);
#7726=CARTESIAN_POINT('',(37.111634015,46.,3.5));
#7727=VERTEX_POINT('',#7726);
#7728=CARTESIAN_POINT('',(37.111634015,46.,2.5));
#7729=DIRECTION('',(0.,0.,1.));
#7730=VECTOR('',#7729,1.);
#7731=LINE('',#7728,#7730);
#7732=EDGE_CURVE('',#7719,#7727,#7731,.T.);
#7733=ORIENTED_EDGE('',*,*,#7732,.T.);
#7734=CARTESIAN_POINT('',(37.111634015,47.,3.5));
#7735=DIRECTION('',(0.,-1.,0.));
#7736=VECTOR('',#7735,1.);
#7737=LINE('',#7734,#7736);
#7738=EDGE_CURVE('',#7711,#7727,#7737,.T.);
#7739=ORIENTED_EDGE('',*,*,#7738,.F.);
#7740=EDGE_LOOP('',(#7717,#7725,#7733,#7739));
#7741=FACE_BOUND('',#7740,.T.);
#7742=ADVANCED_FACE('',(#7741),#7707,.T.);
#7743=CARTESIAN_POINT('',(38.555817008,47.,1.5));
#7744=DIRECTION('',(0.,-1.,0.));
#7745=DIRECTION('',(0.,0.,-1.));
#7746=AXIS2_PLACEMENT_3D('',#7743,#7744,#7745);
#7747=PLANE('',#7746);
#7748=CARTESIAN_POINT('',(40.,47.,3.5));
#7749=VERTEX_POINT('',#7748);
#7750=CARTESIAN_POINT('',(37.111634015,47.,3.5));
#7751=DIRECTION('',(1.,0.,-0.));
#7752=VECTOR('',#7751,2.888365985);
#7753=LINE('',#7750,#7752);
#7754=EDGE_CURVE('',#7711,#7749,#7753,.T.);
#7755=ORIENTED_EDGE('',*,*,#7754,.T.);
#7756=CARTESIAN_POINT('',(40.,47.,1.5));
#7757=VERTEX_POINT('',#7756);
#7758=CARTESIAN_POINT('',(40.,47.,1.5));
#7759=DIRECTION('',(0.,0.,1.));
#7760=VECTOR('',#7759,2.);
#7761=LINE('',#7758,#7760);
#7762=EDGE_CURVE('',#7757,#7749,#7761,.T.);
#7763=ORIENTED_EDGE('',*,*,#7762,.F.);
#7764=CARTESIAN_POINT('',(37.111634015,47.,1.5));
#7765=DIRECTION('',(1.,0.,-0.));
#7766=VECTOR('',#7765,2.888365985);
#7767=LINE('',#7764,#7766);
#7768=EDGE_CURVE('',#7709,#7757,#7767,.T.);
#7769=ORIENTED_EDGE('',*,*,#7768,.F.);
#7770=ORIENTED_EDGE('',*,*,#7716,.T.);
#7771=EDGE_LOOP('',(#7755,#7763,#7769,#7770));
#7772=FACE_BOUND('',#7771,.T.);
#7773=ADVANCED_FACE('',(#7772),#7747,.F.);
#7774=CARTESIAN_POINT('',(41.,48.,1.5));
#7775=DIRECTION('',(0.707106781,-0.707106781,0.));
#7776=DIRECTION('',(0.707106781,0.707106781,0.));
#7777=AXIS2_PLACEMENT_3D('',#7774,#7775,#7776);
#7778=PLANE('',#7777);
#7779=CARTESIAN_POINT('',(42.,49.,3.5));
#7780=VERTEX_POINT('',#7779);
#7781=CARTESIAN_POINT('',(40.,47.,3.5));
#7782=DIRECTION('',(0.707106781,0.707106781,0.));
#7783=VECTOR('',#7782,2.828427125);
#7784=LINE('',#7781,#7783);
#7785=EDGE_CURVE('',#7749,#7780,#7784,.T.);
#7786=ORIENTED_EDGE('',*,*,#7785,.T.);
#7787=CARTESIAN_POINT('',(42.,49.,1.5));
#7788=VERTEX_POINT('',#7787);
#7789=CARTESIAN_POINT('',(42.,49.,1.5));
#7790=DIRECTION('',(0.,0.,1.));
#7791=VECTOR('',#7790,2.);
#7792=LINE('',#7789,#7791);
#7793=EDGE_CURVE('',#7788,#7780,#7792,.T.);
#7794=ORIENTED_EDGE('',*,*,#7793,.F.);
#7795=CARTESIAN_POINT('',(40.,47.,1.5));
#7796=DIRECTION('',(0.707106781,0.707106781,0.));
#7797=VECTOR('',#7796,2.828427125);
#7798=LINE('',#7795,#7797);
#7799=EDGE_CURVE('',#7757,#7788,#7798,.T.);
#7800=ORIENTED_EDGE('',*,*,#7799,.F.);
#7801=ORIENTED_EDGE('',*,*,#7762,.T.);
#7802=EDGE_LOOP('',(#7786,#7794,#7800,#7801));
#7803=FACE_BOUND('',#7802,.T.);
#7804=ADVANCED_FACE('',(#7803),#7778,.F.);
#7805=CARTESIAN_POINT('',(42.,50.5,1.5));
#7806=DIRECTION('',(1.,0.,0.));
#7807=DIRECTION('',(0.,0.,-1.));
#7808=AXIS2_PLACEMENT_3D('',#7805,#7806,#7807);
#7809=PLANE('',#7808);
#7810=CARTESIAN_POINT('',(42.,50.6,3.5));
#7811=VERTEX_POINT('',#7810);
#7812=CARTESIAN_POINT('',(42.,49.,3.5));
#7813=DIRECTION('',(0.,1.,0.));
#7814=VECTOR('',#7813,1.6);
#7815=LINE('',#7812,#7814);
#7816=EDGE_CURVE('',#7780,#7811,#7815,.T.);
#7817=ORIENTED_EDGE('',*,*,#7816,.T.);
#7818=CARTESIAN_POINT('',(42.,50.6,1.5));
#7819=VERTEX_POINT('',#7818);
#7820=CARTESIAN_POINT('',(42.,50.6,1.5));
#7821=DIRECTION('',(0.,0.,1.));
#7822=VECTOR('',#7821,2.);
#7823=LINE('',#7820,#7822);
#7824=EDGE_CURVE('',#7819,#7811,#7823,.T.);
#7825=ORIENTED_EDGE('',*,*,#7824,.F.);
#7826=CARTESIAN_POINT('',(42.,49.,1.5));
#7827=DIRECTION('',(0.,1.,0.));
#7828=VECTOR('',#7827,1.6);
#7829=LINE('',#7826,#7828);
#7830=EDGE_CURVE('',#7788,#7819,#7829,.T.);
#7831=ORIENTED_EDGE('',*,*,#7830,.F.);
#7832=ORIENTED_EDGE('',*,*,#7793,.T.);
#7833=EDGE_LOOP('',(#7817,#7825,#7831,#7832));
#7834=FACE_BOUND('',#7833,.T.);
#7835=ADVANCED_FACE('',(#7834),#7809,.F.);
#7836=CARTESIAN_POINT('',(42.5,50.6,1.5));
#7837=DIRECTION('',(0.,-1.,0.));
#7838=DIRECTION('',(1.,0.,0.));
#7839=AXIS2_PLACEMENT_3D('',#7836,#7837,#7838);
#7840=PLANE('',#7839);
#7841=CARTESIAN_POINT('',(43.,50.6,2.5));
#7842=VERTEX_POINT('',#7841);
#7843=CARTESIAN_POINT('',(43.,50.6,3.5));
#7844=VERTEX_POINT('',#7843);
#7845=CARTESIAN_POINT('',(43.,50.6,2.5));
#7846=DIRECTION('',(0.,0.,1.));
#7847=VECTOR('',#7846,1.);
#7848=LINE('',#7845,#7847);
#7849=EDGE_CURVE('',#7842,#7844,#7848,.T.);
#7850=ORIENTED_EDGE('',*,*,#7849,.F.);
#7851=CARTESIAN_POINT('',(43.,50.6,2.5));
#7852=DIRECTION('',(-0.707106781,-0.,-0.707106781));
#7853=VECTOR('',#7852,1.414213562);
#7854=LINE('',#7851,#7853);
#7855=EDGE_CURVE('',#7842,#7819,#7854,.T.);
#7856=ORIENTED_EDGE('',*,*,#7855,.T.);
#7857=ORIENTED_EDGE('',*,*,#7824,.T.);
#7858=CARTESIAN_POINT('',(42.,50.6,3.5));
#7859=DIRECTION('',(1.,0.,0.));
#7860=VECTOR('',#7859,1.);
#7861=LINE('',#7858,#7860);
#7862=EDGE_CURVE('',#7811,#7844,#7861,.T.);
#7863=ORIENTED_EDGE('',*,*,#7862,.T.);
#7864=EDGE_LOOP('',(#7850,#7856,#7857,#7863));
#7865=FACE_BOUND('',#7864,.T.);
#7866=ADVANCED_FACE('',(#7865),#7840,.F.);
#7867=CARTESIAN_POINT('',(43.,50.292893219,1.5));
#7868=DIRECTION('',(-1.,0.,0.));
#7869=DIRECTION('',(0.,0.,1.));
#7870=AXIS2_PLACEMENT_3D('',#7867,#7868,#7869);
#7871=PLANE('',#7870);
#7872=CARTESIAN_POINT('',(43.,48.585786438,2.5));
#7873=VERTEX_POINT('',#7872);
#7874=CARTESIAN_POINT('',(43.,48.585786438,3.5));
#7875=VERTEX_POINT('',#7874);
#7876=CARTESIAN_POINT('',(43.,48.585786438,2.5));
#7877=DIRECTION('',(0.,0.,1.));
#7878=VECTOR('',#7877,1.);
#7879=LINE('',#7876,#7878);
#7880=EDGE_CURVE('',#7873,#7875,#7879,.T.);
#7881=ORIENTED_EDGE('',*,*,#7880,.F.);
#7882=CARTESIAN_POINT('',(43.,48.585786438,2.5));
#7883=DIRECTION('',(0.,1.,0.));
#7884=VECTOR('',#7883,2.014213562);
#7885=LINE('',#7882,#7884);
#7886=EDGE_CURVE('',#7873,#7842,#7885,.T.);
#7887=ORIENTED_EDGE('',*,*,#7886,.T.);
#7888=ORIENTED_EDGE('',*,*,#7849,.T.);
#7889=CARTESIAN_POINT('',(43.,50.6,3.5));
#7890=DIRECTION('',(0.,-1.,0.));
#7891=VECTOR('',#7890,2.014213562);
#7892=LINE('',#7889,#7891);
#7893=EDGE_CURVE('',#7844,#7875,#7892,.T.);
#7894=ORIENTED_EDGE('',*,*,#7893,.T.);
#7895=EDGE_LOOP('',(#7881,#7887,#7888,#7894));
#7896=FACE_BOUND('',#7895,.T.);
#7897=ADVANCED_FACE('',(#7896),#7871,.F.);
#7898=CARTESIAN_POINT('',(41.707106781,47.292893219,1.5));
#7899=DIRECTION('',(-0.707106781,0.707106781,0.));
#7900=DIRECTION('',(-0.707106781,-0.707106781,0.));
#7901=AXIS2_PLACEMENT_3D('',#7898,#7899,#7900);
#7902=PLANE('',#7901);
#7903=CARTESIAN_POINT('',(40.414213562,46.,2.5));
#7904=VERTEX_POINT('',#7903);
#7905=CARTESIAN_POINT('',(40.414213562,46.,3.5));
#7906=VERTEX_POINT('',#7905);
#7907=CARTESIAN_POINT('',(40.414213562,46.,2.5));
#7908=DIRECTION('',(0.,0.,1.));
#7909=VECTOR('',#7908,1.);
#7910=LINE('',#7907,#7909);
#7911=EDGE_CURVE('',#7904,#7906,#7910,.T.);
#7912=ORIENTED_EDGE('',*,*,#7911,.F.);
#7913=CARTESIAN_POINT('',(40.414213562,46.,2.5));
#7914=DIRECTION('',(0.707106781,0.707106781,0.));
#7915=VECTOR('',#7914,3.656854249);
#7916=LINE('',#7913,#7915);
#7917=EDGE_CURVE('',#7904,#7873,#7916,.T.);
#7918=ORIENTED_EDGE('',*,*,#7917,.T.);
#7919=ORIENTED_EDGE('',*,*,#7880,.T.);
#7920=CARTESIAN_POINT('',(43.,48.585786438,3.5));
#7921=DIRECTION('',(-0.707106781,-0.707106781,0.));
#7922=VECTOR('',#7921,3.656854249);
#7923=LINE('',#7920,#7922);
#7924=EDGE_CURVE('',#7875,#7906,#7923,.T.);
#7925=ORIENTED_EDGE('',*,*,#7924,.T.);
#7926=EDGE_LOOP('',(#7912,#7918,#7919,#7925));
#7927=FACE_BOUND('',#7926,.T.);
#7928=ADVANCED_FACE('',(#7927),#7902,.F.);
#7929=CARTESIAN_POINT('',(38.762923789,46.,1.5));
#7930=DIRECTION('',(0.,1.,0.));
#7931=DIRECTION('',(0.,0.,1.));
#7932=AXIS2_PLACEMENT_3D('',#7929,#7930,#7931);
#7933=PLANE('',#7932);
#7934=ORIENTED_EDGE('',*,*,#7732,.F.);
#7935=CARTESIAN_POINT('',(37.111634015,46.,2.5));
#7936=DIRECTION('',(1.,0.,-0.));
#7937=VECTOR('',#7936,3.302579547);
#7938=LINE('',#7935,#7937);
#7939=EDGE_CURVE('',#7719,#7904,#7938,.T.);
#7940=ORIENTED_EDGE('',*,*,#7939,.T.);
#7941=ORIENTED_EDGE('',*,*,#7911,.T.);
#7942=CARTESIAN_POINT('',(40.414213562,46.,3.5));
#7943=DIRECTION('',(-1.,0.,0.));
#7944=VECTOR('',#7943,3.302579547);
#7945=LINE('',#7942,#7944);
#7946=EDGE_CURVE('',#7906,#7727,#7945,.T.);
#7947=ORIENTED_EDGE('',*,*,#7946,.T.);
#7948=EDGE_LOOP('',(#7934,#7940,#7941,#7947));
#7949=FACE_BOUND('',#7948,.T.);
#7950=ADVANCED_FACE('',(#7949),#7933,.F.);
#7951=CARTESIAN_POINT('',(36.611634015,68.5,3.5));
#7952=DIRECTION('',(0.,0.,-1.));
#7953=DIRECTION('',(-1.,0.,0.));
#7954=AXIS2_PLACEMENT_3D('',#7951,#7952,#7953);
#7955=PLANE('',#7954);
#7956=ORIENTED_EDGE('',*,*,#7738,.T.);
#7957=ORIENTED_EDGE('',*,*,#7946,.F.);
#7958=ORIENTED_EDGE('',*,*,#7924,.F.);
#7959=ORIENTED_EDGE('',*,*,#7893,.F.);
#7960=ORIENTED_EDGE('',*,*,#7862,.F.);
#7961=ORIENTED_EDGE('',*,*,#7816,.F.);
#7962=ORIENTED_EDGE('',*,*,#7785,.F.);
#7963=ORIENTED_EDGE('',*,*,#7754,.F.);
#7964=EDGE_LOOP('',(#7956,#7957,#7958,#7959,#7960,#7961,#7962,#7963));
#7965=FACE_BOUND('',#7964,.T.);
#7966=ADVANCED_FACE('',(#7965),#7955,.F.);
#7967=CARTESIAN_POINT('',(42.,68.5,1.5));
#7968=DIRECTION('',(0.707106781,0.,-0.707106781));
#7969=DIRECTION('',(0.,1.,0.));
#7970=AXIS2_PLACEMENT_3D('',#7967,#7968,#7969);
#7971=PLANE('',#7970);
#7972=ORIENTED_EDGE('',*,*,#7855,.F.);
#7973=ORIENTED_EDGE('',*,*,#7886,.F.);
#7974=CARTESIAN_POINT('',(42.,49.,1.5));
#7975=DIRECTION('',(0.678598345,-0.281084638,0.678598345));
#7976=VECTOR('',#7975,1.473625758);
#7977=LINE('',#7974,#7976);
#7978=EDGE_CURVE('',#7788,#7873,#7977,.T.);
#7979=ORIENTED_EDGE('',*,*,#7978,.F.);
#7980=ORIENTED_EDGE('',*,*,#7830,.T.);
#7981=EDGE_LOOP('',(#7972,#7973,#7979,#7980));
#7982=FACE_BOUND('',#7981,.T.);
#7983=ADVANCED_FACE('',(#7982),#7971,.T.);
#7984=CARTESIAN_POINT('',(36.611634015,47.,1.5));
#7985=DIRECTION('',(0.,-0.707106781,-0.707106781));
#7986=DIRECTION('',(1.,0.,0.));
#7987=AXIS2_PLACEMENT_3D('',#7984,#7985,#7986);
#7988=PLANE('',#7987);
#7989=ORIENTED_EDGE('',*,*,#7724,.F.);
#7990=ORIENTED_EDGE('',*,*,#7768,.T.);
#7991=CARTESIAN_POINT('',(40.414213562,46.,2.5));
#7992=DIRECTION('',(-0.281084638,0.678598345,-0.678598345));
#7993=VECTOR('',#7992,1.473625758);
#7994=LINE('',#7991,#7993);
#7995=EDGE_CURVE('',#7904,#7757,#7994,.T.);
#7996=ORIENTED_EDGE('',*,*,#7995,.F.);
#7997=ORIENTED_EDGE('',*,*,#7939,.F.);
#7998=EDGE_LOOP('',(#7989,#7990,#7996,#7997));
#7999=FACE_BOUND('',#7998,.T.);
#8000=ADVANCED_FACE('',(#7999),#7988,.T.);
#8001=CARTESIAN_POINT('',(49.055817008,56.055817008,1.5));
#8002=DIRECTION('',(0.5,-0.5,-0.707106781));
#8003=DIRECTION('',(0.707106781,0.707106781,0.));
#8004=AXIS2_PLACEMENT_3D('',#8001,#8002,#8003);
#8005=PLANE('',#8004);
#8006=ORIENTED_EDGE('',*,*,#7978,.T.);
#8007=ORIENTED_EDGE('',*,*,#7917,.F.);
#8008=ORIENTED_EDGE('',*,*,#7995,.T.);
#8009=ORIENTED_EDGE('',*,*,#7799,.T.);
#8010=EDGE_LOOP('',(#8006,#8007,#8008,#8009));
#8011=FACE_BOUND('',#8010,.T.);
#8012=ADVANCED_FACE('',(#8011),#8005,.T.);
#8013=CLOSED_SHELL('',(#7742,#7773,#7804,#7835,#7866,#7897,#7928,#7950,#7966,#7983,#8000,#8012));
#8014=MANIFOLD_SOLID_BREP('Body 21 (1)',#8013);
#7702=STYLED_ITEM('',(#5904),#8014);
#8016=CARTESIAN_POINT('',(42.5,86.5,2.5));
#8017=DIRECTION('',(0.,-1.,0.));
#8018=DIRECTION('',(0.,0.,-1.));
#8019=AXIS2_PLACEMENT_3D('',#8016,#8017,#8018);
#8020=PLANE('',#8019);
#8021=CARTESIAN_POINT('',(42.,86.5,1.5));
#8022=VERTEX_POINT('',#8021);
#8023=CARTESIAN_POINT('',(42.,86.5,3.5));
#8024=VERTEX_POINT('',#8023);
#8025=CARTESIAN_POINT('',(42.,86.5,1.5));
#8026=DIRECTION('',(0.,0.,1.));
#8027=VECTOR('',#8026,2.);
#8028=LINE('',#8025,#8027);
#8029=EDGE_CURVE('',#8022,#8024,#8028,.T.);
#8030=ORIENTED_EDGE('',*,*,#8029,.F.);
#8031=CARTESIAN_POINT('',(43.,86.5,2.5));
#8032=VERTEX_POINT('',#8031);
#8033=CARTESIAN_POINT('',(42.,86.5,1.5));
#8034=DIRECTION('',(0.707106781,0.,0.707106781));
#8035=VECTOR('',#8034,1.414213562);
#8036=LINE('',#8033,#8035);
#8037=EDGE_CURVE('',#8022,#8032,#8036,.T.);
#8038=ORIENTED_EDGE('',*,*,#8037,.T.);
#8039=CARTESIAN_POINT('',(43.,86.5,3.5));
#8040=VERTEX_POINT('',#8039);
#8041=CARTESIAN_POINT('',(43.,86.5,2.5));
#8042=DIRECTION('',(0.,0.,1.));
#8043=VECTOR('',#8042,1.);
#8044=LINE('',#8041,#8043);
#8045=EDGE_CURVE('',#8032,#8040,#8044,.T.);
#8046=ORIENTED_EDGE('',*,*,#8045,.T.);
#8047=CARTESIAN_POINT('',(42.,86.5,3.5));
#8048=DIRECTION('',(1.,0.,-0.));
#8049=VECTOR('',#8048,1.);
#8050=LINE('',#8047,#8049);
#8051=EDGE_CURVE('',#8024,#8040,#8050,.T.);
#8052=ORIENTED_EDGE('',*,*,#8051,.F.);
#8053=EDGE_LOOP('',(#8030,#8038,#8046,#8052));
#8054=FACE_BOUND('',#8053,.T.);
#8055=ADVANCED_FACE('',(#8054),#8020,.T.);
#8056=CARTESIAN_POINT('',(42.,86.5,2.5));
#8057=DIRECTION('',(-1.,0.,0.));
#8058=DIRECTION('',(0.,0.,1.));
#8059=AXIS2_PLACEMENT_3D('',#8056,#8057,#8058);
#8060=PLANE('',#8059);
#8061=CARTESIAN_POINT('',(42.,88.,3.5));
#8062=VERTEX_POINT('',#8061);
#8063=CARTESIAN_POINT('',(42.,88.,3.5));
#8064=DIRECTION('',(0.,-1.,0.));
#8065=VECTOR('',#8064,1.5);
#8066=LINE('',#8063,#8065);
#8067=EDGE_CURVE('',#8062,#8024,#8066,.T.);
#8068=ORIENTED_EDGE('',*,*,#8067,.F.);
#8069=CARTESIAN_POINT('',(42.,88.,1.5));
#8070=VERTEX_POINT('',#8069);
#8071=CARTESIAN_POINT('',(42.,88.,1.5));
#8072=DIRECTION('',(0.,0.,1.));
#8073=VECTOR('',#8072,2.);
#8074=LINE('',#8071,#8073);
#8075=EDGE_CURVE('',#8070,#8062,#8074,.T.);
#8076=ORIENTED_EDGE('',*,*,#8075,.F.);
#8077=CARTESIAN_POINT('',(42.,88.,1.5));
#8078=DIRECTION('',(0.,-1.,0.));
#8079=VECTOR('',#8078,1.5);
#8080=LINE('',#8077,#8079);
#8081=EDGE_CURVE('',#8070,#8022,#8080,.T.);
#8082=ORIENTED_EDGE('',*,*,#8081,.T.);
#8083=ORIENTED_EDGE('',*,*,#8029,.T.);
#8084=EDGE_LOOP('',(#8068,#8076,#8082,#8083));
#8085=FACE_BOUND('',#8084,.T.);
#8086=ADVANCED_FACE('',(#8085),#8060,.T.);
#8087=CARTESIAN_POINT('',(41.,89.,2.5));
#8088=DIRECTION('',(0.707106781,0.707106781,0.));
#8089=DIRECTION('',(-0.707106781,0.707106781,0.));
#8090=AXIS2_PLACEMENT_3D('',#8087,#8088,#8089);
#8091=PLANE('',#8090);
#8092=CARTESIAN_POINT('',(40.,90.,3.5));
#8093=VERTEX_POINT('',#8092);
#8094=CARTESIAN_POINT('',(42.,88.,3.5));
#8095=DIRECTION('',(-0.707106781,0.707106781,0.));
#8096=VECTOR('',#8095,2.828427125);
#8097=LINE('',#8094,#8096);
#8098=EDGE_CURVE('',#8062,#8093,#8097,.T.);
#8099=ORIENTED_EDGE('',*,*,#8098,.T.);
#8100=CARTESIAN_POINT('',(40.,90.,1.5));
#8101=VERTEX_POINT('',#8100);
#8102=CARTESIAN_POINT('',(40.,90.,1.5));
#8103=DIRECTION('',(0.,0.,1.));
#8104=VECTOR('',#8103,2.);
#8105=LINE('',#8102,#8104);
#8106=EDGE_CURVE('',#8101,#8093,#8105,.T.);
#8107=ORIENTED_EDGE('',*,*,#8106,.F.);
#8108=CARTESIAN_POINT('',(42.,88.,1.5));
#8109=DIRECTION('',(-0.707106781,0.707106781,0.));
#8110=VECTOR('',#8109,2.828427125);
#8111=LINE('',#8108,#8110);
#8112=EDGE_CURVE('',#8070,#8101,#8111,.T.);
#8113=ORIENTED_EDGE('',*,*,#8112,.F.);
#8114=ORIENTED_EDGE('',*,*,#8075,.T.);
#8115=EDGE_LOOP('',(#8099,#8107,#8113,#8114));
#8116=FACE_BOUND('',#8115,.T.);
#8117=ADVANCED_FACE('',(#8116),#8091,.F.);
#8118=CARTESIAN_POINT('',(38.5,90.,2.5));
#8119=DIRECTION('',(0.,1.,0.));
#8120=DIRECTION('',(0.,0.,1.));
#8121=AXIS2_PLACEMENT_3D('',#8118,#8119,#8120);
#8122=PLANE('',#8121);
#8123=CARTESIAN_POINT('',(37.,90.,3.5));
#8124=VERTEX_POINT('',#8123);
#8125=CARTESIAN_POINT('',(40.,90.,3.5));
#8126=DIRECTION('',(-1.,0.,0.));
#8127=VECTOR('',#8126,3.);
#8128=LINE('',#8125,#8127);
#8129=EDGE_CURVE('',#8093,#8124,#8128,.T.);
#8130=ORIENTED_EDGE('',*,*,#8129,.T.);
#8131=CARTESIAN_POINT('',(37.,90.,1.5));
#8132=VERTEX_POINT('',#8131);
#8133=CARTESIAN_POINT('',(37.,90.,1.5));
#8134=DIRECTION('',(0.,0.,1.));
#8135=VECTOR('',#8134,2.);
#8136=LINE('',#8133,#8135);
#8137=EDGE_CURVE('',#8132,#8124,#8136,.T.);
#8138=ORIENTED_EDGE('',*,*,#8137,.F.);
#8139=CARTESIAN_POINT('',(40.,90.,1.5));
#8140=DIRECTION('',(-1.,0.,0.));
#8141=VECTOR('',#8140,3.);
#8142=LINE('',#8139,#8141);
#8143=EDGE_CURVE('',#8101,#8132,#8142,.T.);
#8144=ORIENTED_EDGE('',*,*,#8143,.F.);
#8145=ORIENTED_EDGE('',*,*,#8106,.T.);
#8146=EDGE_LOOP('',(#8130,#8138,#8144,#8145));
#8147=FACE_BOUND('',#8146,.T.);
#8148=ADVANCED_FACE('',(#8147),#8122,.F.);
#8149=CARTESIAN_POINT('',(37.,90.5,2.5));
#8150=DIRECTION('',(1.,0.,0.));
#8151=DIRECTION('',(0.,0.,-1.));
#8152=AXIS2_PLACEMENT_3D('',#8149,#8150,#8151);
#8153=PLANE('',#8152);
#8154=CARTESIAN_POINT('',(37.,91.,2.5));
#8155=VERTEX_POINT('',#8154);
#8156=CARTESIAN_POINT('',(37.,91.,3.5));
#8157=VERTEX_POINT('',#8156);
#8158=CARTESIAN_POINT('',(37.,91.,2.5));
#8159=DIRECTION('',(0.,0.,1.));
#8160=VECTOR('',#8159,1.);
#8161=LINE('',#8158,#8160);
#8162=EDGE_CURVE('',#8155,#8157,#8161,.T.);
#8163=ORIENTED_EDGE('',*,*,#8162,.F.);
#8164=CARTESIAN_POINT('',(37.,91.,2.5));
#8165=DIRECTION('',(0.,-0.707106781,-0.707106781));
#8166=VECTOR('',#8165,1.414213562);
#8167=LINE('',#8164,#8166);
#8168=EDGE_CURVE('',#8155,#8132,#8167,.T.);
#8169=ORIENTED_EDGE('',*,*,#8168,.T.);
#8170=ORIENTED_EDGE('',*,*,#8137,.T.);
#8171=CARTESIAN_POINT('',(37.,90.,3.5));
#8172=DIRECTION('',(0.,1.,0.));
#8173=VECTOR('',#8172,1.);
#8174=LINE('',#8171,#8173);
#8175=EDGE_CURVE('',#8124,#8157,#8174,.T.);
#8176=ORIENTED_EDGE('',*,*,#8175,.T.);
#8177=EDGE_LOOP('',(#8163,#8169,#8170,#8176));
#8178=FACE_BOUND('',#8177,.T.);
#8179=ADVANCED_FACE('',(#8178),#8153,.F.);
#8180=CARTESIAN_POINT('',(38.707106781,91.,2.5));
#8181=DIRECTION('',(0.,-1.,0.));
#8182=DIRECTION('',(0.,0.,-1.));
#8183=AXIS2_PLACEMENT_3D('',#8180,#8181,#8182);
#8184=PLANE('',#8183);
#8185=CARTESIAN_POINT('',(40.414213562,91.,2.5));
#8186=VERTEX_POINT('',#8185);
#8187=CARTESIAN_POINT('',(40.414213562,91.,3.5));
#8188=VERTEX_POINT('',#8187);
#8189=CARTESIAN_POINT('',(40.414213562,91.,2.5));
#8190=DIRECTION('',(0.,0.,1.));
#8191=VECTOR('',#8190,1.);
#8192=LINE('',#8189,#8191);
#8193=EDGE_CURVE('',#8186,#8188,#8192,.T.);
#8194=ORIENTED_EDGE('',*,*,#8193,.F.);
#8195=CARTESIAN_POINT('',(40.414213562,91.,2.5));
#8196=DIRECTION('',(-1.,0.,0.));
#8197=VECTOR('',#8196,3.414213562);
#8198=LINE('',#8195,#8197);
#8199=EDGE_CURVE('',#8186,#8155,#8198,.T.);
#8200=ORIENTED_EDGE('',*,*,#8199,.T.);
#8201=ORIENTED_EDGE('',*,*,#8162,.T.);
#8202=CARTESIAN_POINT('',(37.,91.,3.5));
#8203=DIRECTION('',(1.,0.,-0.));
#8204=VECTOR('',#8203,3.414213562);
#8205=LINE('',#8202,#8204);
#8206=EDGE_CURVE('',#8157,#8188,#8205,.T.);
#8207=ORIENTED_EDGE('',*,*,#8206,.T.);
#8208=EDGE_LOOP('',(#8194,#8200,#8201,#8207));
#8209=FACE_BOUND('',#8208,.T.);
#8210=ADVANCED_FACE('',(#8209),#8184,.F.);
#8211=CARTESIAN_POINT('',(41.707106781,89.707106781,2.5));
#8212=DIRECTION('',(-0.707106781,-0.707106781,0.));
#8213=DIRECTION('',(0.707106781,-0.707106781,0.));
#8214=AXIS2_PLACEMENT_3D('',#8211,#8212,#8213);
#8215=PLANE('',#8214);
#8216=CARTESIAN_POINT('',(43.,88.414213562,2.5));
#8217=VERTEX_POINT('',#8216);
#8218=CARTESIAN_POINT('',(43.,88.414213562,3.5));
#8219=VERTEX_POINT('',#8218);
#8220=CARTESIAN_POINT('',(43.,88.414213562,2.5));
#8221=DIRECTION('',(0.,0.,1.));
#8222=VECTOR('',#8221,1.);
#8223=LINE('',#8220,#8222);
#8224=EDGE_CURVE('',#8217,#8219,#8223,.T.);
#8225=ORIENTED_EDGE('',*,*,#8224,.F.);
#8226=CARTESIAN_POINT('',(43.,88.414213562,2.5));
#8227=DIRECTION('',(-0.707106781,0.707106781,0.));
#8228=VECTOR('',#8227,3.656854249);
#8229=LINE('',#8226,#8228);
#8230=EDGE_CURVE('',#8217,#8186,#8229,.T.);
#8231=ORIENTED_EDGE('',*,*,#8230,.T.);
#8232=ORIENTED_EDGE('',*,*,#8193,.T.);
#8233=CARTESIAN_POINT('',(40.414213562,91.,3.5));
#8234=DIRECTION('',(0.707106781,-0.707106781,0.));
#8235=VECTOR('',#8234,3.656854249);
#8236=LINE('',#8233,#8235);
#8237=EDGE_CURVE('',#8188,#8219,#8236,.T.);
#8238=ORIENTED_EDGE('',*,*,#8237,.T.);
#8239=EDGE_LOOP('',(#8225,#8231,#8232,#8238));
#8240=FACE_BOUND('',#8239,.T.);
#8241=ADVANCED_FACE('',(#8240),#8215,.F.);
#8242=CARTESIAN_POINT('',(43.,86.707106781,2.5));
#8243=DIRECTION('',(-1.,0.,0.));
#8244=DIRECTION('',(0.,0.,1.));
#8245=AXIS2_PLACEMENT_3D('',#8242,#8243,#8244);
#8246=PLANE('',#8245);
#8247=ORIENTED_EDGE('',*,*,#8045,.F.);
#8248=CARTESIAN_POINT('',(43.,86.5,2.5));
#8249=DIRECTION('',(0.,1.,0.));
#8250=VECTOR('',#8249,1.914213562);
#8251=LINE('',#8248,#8250);
#8252=EDGE_CURVE('',#8032,#8217,#8251,.T.);
#8253=ORIENTED_EDGE('',*,*,#8252,.T.);
#8254=ORIENTED_EDGE('',*,*,#8224,.T.);
#8255=CARTESIAN_POINT('',(43.,88.414213562,3.5));
#8256=DIRECTION('',(0.,-1.,0.));
#8257=VECTOR('',#8256,1.914213562);
#8258=LINE('',#8255,#8257);
#8259=EDGE_CURVE('',#8219,#8040,#8258,.T.);
#8260=ORIENTED_EDGE('',*,*,#8259,.T.);
#8261=EDGE_LOOP('',(#8247,#8253,#8254,#8260));
#8262=FACE_BOUND('',#8261,.T.);
#8263=ADVANCED_FACE('',(#8262),#8246,.F.);
#8264=CARTESIAN_POINT('',(36.611634015,68.5,3.5));
#8265=DIRECTION('',(0.,0.,-1.));
#8266=DIRECTION('',(-1.,0.,0.));
#8267=AXIS2_PLACEMENT_3D('',#8264,#8265,#8266);
#8268=PLANE('',#8267);
#8269=ORIENTED_EDGE('',*,*,#8051,.T.);
#8270=ORIENTED_EDGE('',*,*,#8259,.F.);
#8271=ORIENTED_EDGE('',*,*,#8237,.F.);
#8272=ORIENTED_EDGE('',*,*,#8206,.F.);
#8273=ORIENTED_EDGE('',*,*,#8175,.F.);
#8274=ORIENTED_EDGE('',*,*,#8129,.F.);
#8275=ORIENTED_EDGE('',*,*,#8098,.F.);
#8276=ORIENTED_EDGE('',*,*,#8067,.T.);
#8277=EDGE_LOOP('',(#8269,#8270,#8271,#8272,#8273,#8274,#8275,#8276));
#8278=FACE_BOUND('',#8277,.T.);
#8279=ADVANCED_FACE('',(#8278),#8268,.F.);
#8280=CARTESIAN_POINT('',(36.611634015,90.,1.5));
#8281=DIRECTION('',(0.,0.707106781,-0.707106781));
#8282=DIRECTION('',(-1.,0.,0.));
#8283=AXIS2_PLACEMENT_3D('',#8280,#8281,#8282);
#8284=PLANE('',#8283);
#8285=ORIENTED_EDGE('',*,*,#8168,.F.);
#8286=ORIENTED_EDGE('',*,*,#8199,.F.);
#8287=CARTESIAN_POINT('',(40.,90.,1.5));
#8288=DIRECTION('',(0.281084638,0.678598345,0.678598345));
#8289=VECTOR('',#8288,1.473625758);
#8290=LINE('',#8287,#8289);
#8291=EDGE_CURVE('',#8101,#8186,#8290,.T.);
#8292=ORIENTED_EDGE('',*,*,#8291,.F.);
#8293=ORIENTED_EDGE('',*,*,#8143,.T.);
#8294=EDGE_LOOP('',(#8285,#8286,#8292,#8293));
#8295=FACE_BOUND('',#8294,.T.);
#8296=ADVANCED_FACE('',(#8295),#8284,.T.);
#8297=CARTESIAN_POINT('',(42.,68.5,1.5));
#8298=DIRECTION('',(0.707106781,0.,-0.707106781));
#8299=DIRECTION('',(0.,1.,0.));
#8300=AXIS2_PLACEMENT_3D('',#8297,#8298,#8299);
#8301=PLANE('',#8300);
#8302=ORIENTED_EDGE('',*,*,#8037,.F.);
#8303=ORIENTED_EDGE('',*,*,#8081,.F.);
#8304=CARTESIAN_POINT('',(43.,88.414213562,2.5));
#8305=DIRECTION('',(-0.678598345,-0.281084638,-0.678598345));
#8306=VECTOR('',#8305,1.473625758);
#8307=LINE('',#8304,#8306);
#8308=EDGE_CURVE('',#8217,#8070,#8307,.T.);
#8309=ORIENTED_EDGE('',*,*,#8308,.F.);
#8310=ORIENTED_EDGE('',*,*,#8252,.F.);
#8311=EDGE_LOOP('',(#8302,#8303,#8309,#8310));
#8312=FACE_BOUND('',#8311,.T.);
#8313=ADVANCED_FACE('',(#8312),#8301,.T.);
#8314=CARTESIAN_POINT('',(49.055817008,80.944182992,1.5));
#8315=DIRECTION('',(0.5,0.5,-0.707106781));
#8316=DIRECTION('',(-0.707106781,0.707106781,0.));
#8317=AXIS2_PLACEMENT_3D('',#8314,#8315,#8316);
#8318=PLANE('',#8317);
#8319=ORIENTED_EDGE('',*,*,#8291,.T.);
#8320=ORIENTED_EDGE('',*,*,#8230,.F.);
#8321=ORIENTED_EDGE('',*,*,#8308,.T.);
#8322=ORIENTED_EDGE('',*,*,#8112,.T.);
#8323=EDGE_LOOP('',(#8319,#8320,#8321,#8322));
#8324=FACE_BOUND('',#8323,.T.);
#8325=ADVANCED_FACE('',(#8324),#8318,.T.);
#8326=CLOSED_SHELL('',(#8055,#8086,#8117,#8148,#8179,#8210,#8241,#8263,#8279,#8296,#8313,#8325));
#8327=MANIFOLD_SOLID_BREP('Body 20 (1)',#8326);
#8015=STYLED_ITEM('',(#5904),#8327);
#7057=SHAPE_REPRESENTATION('Folder 05 (1)',(#15),#7055);
#7058=ADVANCED_BREP_SHAPE_REPRESENTATION('Folder 05 (1)',(#7388,#7701,#8014,#8327),#7055);
#8335=SHAPE_REPRESENTATION_RELATIONSHIP('','',#7057,#7058);
#8336=CARTESIAN_POINT('',(0.,0.,0.));
#8337=DIRECTION('',(0.,0.,1.));
#8338=DIRECTION('',(1.,0.,0.));
#8339=AXIS2_PLACEMENT_3D('',#8336,#8337,#8338);
#8341=MAPPED_ITEM('',#8340,#8339);
#8340=REPRESENTATION_MAP(#8339,#7057);
#8342=APPLICATION_CONTEXT('Managed model based 3d engineering');
#8343=APPLICATION_PROTOCOL_DEFINITION('international standard','ap242_managed_model_based_3d_engineering',2014,#8342);
#8344=PRODUCT_CONTEXT('',#8342,'mechanical');
#8345=PRODUCT_DEFINITION_CONTEXT('part definition',#8342,'design');
#7065=PRODUCT('Folder 05 (1)','Folder 05 (1)','',(#8344));
#8346=PRODUCT_RELATED_PRODUCT_CATEGORY('part','',(#7065));
#8347=PRODUCT_DEFINITION_FORMATION_WITH_SPECIFIED_SOURCE('','',#7065,.NOT_KNOWN.);
#7066=PRODUCT_DEFINITION('design','',#8347,#8345);
#7064=PRODUCT_DEFINITION_SHAPE('','',#7066);
#8348=SHAPE_DEFINITION_REPRESENTATION(#7064,#7057);
#7056=DRAUGHTING_MODEL('',(#8341),#7055);
#35=SHAPE_REPRESENTATION('Folder 06 (1)',(#15,#7070),#33);
#36=ADVANCED_BREP_SHAPE_REPRESENTATION('Folder 06 (1)',(#5897,#6188,#6479,#6763,#7047),#33);
#8356=SHAPE_REPRESENTATION_RELATIONSHIP('','',#35,#36);
#8357=CARTESIAN_POINT('',(0.,0.,0.));
#8358=DIRECTION('',(0.,0.,1.));
#8359=DIRECTION('',(1.,0.,0.));
#8360=AXIS2_PLACEMENT_3D('',#8357,#8358,#8359);
#8362=MAPPED_ITEM('',#8361,#8360);
#8361=REPRESENTATION_MAP(#8360,#35);
#43=PRODUCT('Folder 06 (1)','Folder 06 (1)','',(#8344));
#8363=PRODUCT_RELATED_PRODUCT_CATEGORY('part','',(#43));
#8364=PRODUCT_DEFINITION_FORMATION_WITH_SPECIFIED_SOURCE('','',#43,.NOT_KNOWN.);
#44=PRODUCT_DEFINITION('design','',#8364,#8345);
#42=PRODUCT_DEFINITION_SHAPE('','',#44);
#8365=SHAPE_DEFINITION_REPRESENTATION(#42,#35);
#34=DRAUGHTING_MODEL('',(#8362),#33);
#16=SHAPE_REPRESENTATION('root',(#15,#48),#10);
#8366=CARTESIAN_POINT('',(0.,0.,0.));
#8367=DIRECTION('',(0.,0.,1.));
#8368=DIRECTION('',(1.,0.,0.));
#8369=AXIS2_PLACEMENT_3D('',#8366,#8367,#8368);
#8371=MAPPED_ITEM('',#8370,#8369);
#8370=REPRESENTATION_MAP(#8369,#16);
#24=PRODUCT('root','root','',(#8344));
#8372=PRODUCT_RELATED_PRODUCT_CATEGORY('part','',(#24));
#8373=PRODUCT_DEFINITION_FORMATION_WITH_SPECIFIED_SOURCE('','',#24,.NOT_KNOWN.);
#25=PRODUCT_DEFINITION('design','',#8373,#8345);
#23=PRODUCT_DEFINITION_SHAPE('','',#25);
#8374=SHAPE_DEFINITION_REPRESENTATION(#23,#16);
#11=DRAUGHTING_MODEL('',(#8371),#10);
#8375=DESCRIPTIVE_REPRESENTATION_ITEM('KEY','/private/var/mobile/Containers/Data/Application/C385992B-F535-497D-B1AB-3D28CC34A037/tmp/E99EA95B-A242-4A5A-A198-90EEBA4A599B.tmp');
#8376=PROPERTY_DEFINITION('KEY','',#25);
#8377=REPRESENTATION('',(#8375),#10);
#8378=PROPERTY_DEFINITION_REPRESENTATION(#8376,#8377);
#8379=GENERAL_PROPERTY('','KEY','');
#8380=GENERAL_PROPERTY_ASSOCIATION('','',#8379,#8376);
#1=MECHANICAL_DESIGN_GEOMETRIC_PRESENTATION_REPRESENTATION('',(#274,#306,#1197,#1222,#1248,#54,#5905,#6196,#6480,#6764,#7076,#7389,#7702,#8015),#10);
ENDSEC;
END-ISO-10303-21;
